t V I Nreal Treal Vschottky Vdiscplugserial Rschottky Rdisc Rplug Rseries Rtotal
0 0 0 0.008 293 0 0 nan 61318.1 159.427 1369.24 nan
0.001 -0.001 -6.14021e-09 0.008 293 -0.000614108 -0.000385892 100014 61318.1 159.427 1369.24 162861
0.002 -0.002 -1.23507e-08 0.008 293 -0.0012238 -0.000776199 99087.9 61318.1 159.427 1369.24 161935
0.003 -0.003 -1.86303e-08 0.008 293.001 -0.00182914 -0.00117086 98181 61318.1 159.427 1369.24 161028
0.004 -0.004 -2.49782e-08 0.008 293.001 -0.0024302 -0.0015698 97292.9 61318.1 159.427 1369.24 160140
0.005 -0.005 -3.13933e-08 0.008 293.002 -0.00302703 -0.00197297 96422.9 61318.1 159.427 1369.24 159270
0.006 -0.006 -3.78746e-08 0.008 293.002 -0.0036197 -0.0023803 95570.7 61318.1 159.427 1369.24 158417
0.007 -0.007 -4.44213e-08 0.008 293.003 -0.00420827 -0.00279173 94735.5 61318.1 159.427 1369.24 157582
0.008 -0.008 -5.10322e-08 0.008 293.004 -0.00479279 -0.00320721 93916.9 61318.1 159.427 1369.24 156764
0.009 -0.009 -5.77067e-08 0.008 293.005 -0.00537332 -0.00362668 93114.4 61318.1 159.427 1369.24 155961
0.01 -0.01 -6.44437e-08 0.008 293.006 -0.00594992 -0.00405008 92327.5 61318.1 159.427 1369.24 155174
0.011 -0.011 -7.12424e-08 0.008 293.008 -0.00652265 -0.00447735 91555.8 61318.1 159.427 1369.24 154403
0.012 -0.012 -7.81019e-08 0.008 293.009 -0.00709155 -0.00490845 90798.8 61318.1 159.427 1369.24 153646
0.013 -0.013 -8.50213e-08 0.008 293.011 -0.00765669 -0.00534331 90056.1 61318.1 159.427 1369.24 152903
0.014 -0.014 -9.2e-08 0.008 293.013 -0.0082181 -0.0057819 89327.3 61318.1 159.427 1369.24 152174
0.015 -0.015 -9.90369e-08 0.008 293.015 -0.00877585 -0.00622415 88611.9 61318.1 159.427 1369.24 151459
0.016 -0.016 -1.06131e-07 0.008 293.017 -0.00932999 -0.00667001 87909.8 61318.1 159.427 1369.24 150756
0.017 -0.017 -1.13283e-07 0.008 293.019 -0.00988055 -0.00711945 87220.3 61318.1 159.427 1369.24 150067
0.018 -0.018 -1.2049e-07 0.008 293.021 -0.0104276 -0.0075724 86543.3 61318.1 159.427 1369.24 149390
0.019 -0.019 -1.27752e-07 0.008 293.024 -0.0109712 -0.00802883 85878.4 61318.1 159.427 1369.24 148725
0.02 -0.02 -1.3507e-07 0.008 293.027 -0.0115113 -0.00848868 85225.2 61318.1 159.427 1369.24 148072
0.021 -0.021 -1.4244e-07 0.008 293.03 -0.0120481 -0.00895191 84583.4 61318.1 159.427 1369.24 147430
0.022 -0.022 -1.49864e-07 0.008 293.033 -0.0125815 -0.00941848 83952.8 61318.1 159.427 1369.24 146800
0.023 -0.023 -1.57341e-07 0.008 293.036 -0.0131117 -0.00988834 83333 61318.1 159.427 1369.24 146180
0.024 -0.024 -1.64869e-07 0.008 293.039 -0.0136385 -0.0103615 82723.8 61318.1 159.427 1369.24 145570
0.025 -0.025 -1.72448e-07 0.008 293.043 -0.0141622 -0.0108378 82124.8 61318.1 159.427 1369.24 144972
0.026 -0.026 -1.80077e-07 0.008 293.046 -0.0146827 -0.0113173 81535.9 61318.1 159.427 1369.24 144383
0.027 -0.027 -1.87756e-07 0.008 293.05 -0.0152001 -0.0117999 80956.7 61318.1 159.427 1369.24 143803
0.028 -0.028 -1.95485e-07 0.008 293.054 -0.0157144 -0.0122856 80387.1 61318.1 159.427 1369.24 143234
0.029 -0.029 -2.03261e-07 0.008 293.058 -0.0162257 -0.0127743 79826.7 61318.1 159.427 1369.24 142673
0.03 -0.03 -2.11086e-07 0.008 293.063 -0.0167339 -0.0132661 79275.4 61318.1 159.427 1369.24 142122
0.031 -0.031 -2.18958e-07 0.008 293.067 -0.0172392 -0.0137608 78732.9 61318.1 159.427 1369.24 141580
0.032 -0.032 -2.26877e-07 0.008 293.072 -0.0177415 -0.0142585 78199.1 61318.1 159.427 1369.24 141046
0.033 -0.033 -2.34841e-07 0.008 293.077 -0.018241 -0.014759 77673.6 61318.1 159.427 1369.24 140520
0.034 -0.034 -2.42852e-07 0.008 293.082 -0.0187376 -0.0152624 77156.4 61318.1 159.427 1369.24 140003
0.035 -0.035 -2.50907e-07 0.008 293.087 -0.0192313 -0.0157687 76647.1 61318.1 159.427 1369.24 139494
0.036 -0.036 -2.59007e-07 0.008 293.092 -0.0197223 -0.0162777 76145.7 61318.1 159.427 1369.24 138992
0.037 -0.037 -2.67151e-07 0.008 293.098 -0.0202105 -0.0167895 75651.9 61318.1 159.427 1369.24 138499
0.038 -0.038 -2.75338e-07 0.008 293.104 -0.0206959 -0.0173041 75165.6 61318.1 159.427 1369.24 138012
0.039 -0.039 -2.83568e-07 0.008 293.109 -0.0211787 -0.0178213 74686.6 61318.1 159.427 1369.24 137533
0.04 -0.04 -2.9184e-07 0.008 293.116 -0.0216588 -0.0183412 74214.7 61318.1 159.427 1369.24 137061
0.041 -0.041 -3.00154e-07 0.008 293.122 -0.0221363 -0.0188637 73749.7 61318.1 159.427 1369.24 136596
0.042 -0.042 -3.0851e-07 0.008 293.128 -0.0226112 -0.0193888 73291.6 61318.1 159.427 1369.24 136138
0.043 -0.043 -3.16906e-07 0.008 293.135 -0.0230835 -0.0199165 72840.1 61318.1 159.427 1369.24 135687
0.044 -0.044 -3.25343e-07 0.008 293.142 -0.0235532 -0.0204468 72395.1 61318.1 159.427 1369.24 135242
0.045 -0.045 -3.3382e-07 0.008 293.149 -0.0240205 -0.0209795 71956.4 61318.1 159.427 1369.24 134803
0.046 -0.046 -3.42336e-07 0.008 293.156 -0.0244853 -0.0215147 71524 61318.1 159.427 1369.24 134371
0.047 -0.047 -3.50892e-07 0.008 293.163 -0.0249476 -0.0220524 71097.7 61318.1 159.427 1369.24 133944
0.048 -0.048 -3.59486e-07 0.008 293.171 -0.0254075 -0.0225925 70677.3 61318.1 159.427 1369.24 133524
0.049 -0.049 -3.68118e-07 0.008 293.179 -0.025865 -0.023135 70262.8 61318.1 159.427 1369.24 133109
0.05 -0.05 -3.76788e-07 0.008 293.186 -0.0263201 -0.0236799 69853.9 61318.1 159.427 1369.24 132701
0.051 -0.051 -3.85495e-07 0.008 293.195 -0.0267729 -0.0242271 69450.6 61318.1 159.427 1369.24 132297
0.052 -0.052 -3.94239e-07 0.008 293.203 -0.0272233 -0.0247767 69052.8 61318.1 159.427 1369.24 131900
0.053 -0.053 -4.0302e-07 0.008 293.211 -0.0276715 -0.0253285 68660.4 61318.1 159.427 1369.24 131507
0.054 -0.054 -4.11837e-07 0.008 293.22 -0.0281174 -0.0258826 68273.1 61318.1 159.427 1369.24 131120
0.055 -0.055 -4.20689e-07 0.008 293.229 -0.028561 -0.026439 67891.1 61318.1 159.427 1369.24 130738
0.056 -0.056 -4.29577e-07 0.008 293.238 -0.0290025 -0.0269975 67514 61318.1 159.427 1369.24 130361
0.057 -0.057 -4.385e-07 0.008 293.247 -0.0294417 -0.0275583 67141.9 61318.1 159.427 1369.24 129989
0.058 -0.058 -4.47457e-07 0.008 293.257 -0.0298788 -0.0281212 66774.6 61318.1 159.427 1369.24 129621
0.059 -0.059 -4.56449e-07 0.008 293.266 -0.0303137 -0.0286863 66412 61318.1 159.427 1369.24 129259
0.06 -0.06 -4.65474e-07 0.008 293.276 -0.0307465 -0.0292535 66054.1 61318.1 159.427 1369.24 128901
0.061 -0.061 -4.74533e-07 0.008 293.286 -0.0311771 -0.0298229 65700.7 61318.1 159.427 1369.24 128547
0.062 -0.062 -4.83625e-07 0.008 293.297 -0.0316057 -0.0303943 65351.7 61318.1 159.427 1369.24 128198
0.063 -0.063 -4.9275e-07 0.008 293.307 -0.0320323 -0.0309677 65007.2 61318.1 159.427 1369.24 127854
0.064 -0.064 -5.01907e-07 0.008 293.318 -0.0324568 -0.0315432 64666.9 61318.1 159.427 1369.24 127514
0.065 -0.065 -5.11097e-07 0.008 293.329 -0.0328793 -0.0321207 64330.8 61318.1 159.427 1369.24 127178
0.066 -0.066 -5.20318e-07 0.008 293.34 -0.0332997 -0.0327003 63998.9 61318.1 159.427 1369.24 126846
0.067 -0.067 -5.2957e-07 0.008 293.351 -0.0337182 -0.0332818 63670.9 61318.1 159.427 1369.24 126518
0.068 -0.068 -5.38854e-07 0.008 293.362 -0.0341348 -0.0338652 63347 61318.1 159.427 1369.24 126194
0.069 -0.069 -5.48169e-07 0.008 293.374 -0.0345494 -0.0344506 63027 61318.1 159.427 1369.24 125874
0.07 -0.07 -5.57514e-07 0.008 293.386 -0.0349621 -0.0350379 62710.7 61318.1 159.427 1369.24 125557
0.071 -0.071 -5.66889e-07 0.008 293.398 -0.0353729 -0.0356271 62398.3 61318.1 159.427 1369.24 125245
0.072 -0.072 -5.76294e-07 0.008 293.41 -0.0357818 -0.0362182 62089.5 61318.1 159.427 1369.24 124936
0.073 -0.073 -5.85729e-07 0.008 293.423 -0.0361888 -0.0368112 61784.3 61318.1 159.427 1369.24 124631
0.074 -0.074 -5.95193e-07 0.008 293.436 -0.0365941 -0.0374059 61482.7 61318.1 159.427 1369.24 124329
0.075 -0.075 -6.04686e-07 0.008 293.449 -0.0369974 -0.0380026 61184.5 61318.1 159.427 1369.24 124031
0.076 -0.076 -6.14208e-07 0.008 293.462 -0.037399 -0.038601 60889.8 61318.1 159.427 1369.24 123737
0.077 -0.077 -6.23759e-07 0.008 293.475 -0.0377988 -0.0392012 60598.4 61318.1 159.427 1369.24 123445
0.078 -0.078 -6.33337e-07 0.008 293.489 -0.0381968 -0.0398032 60310.4 61318.1 159.427 1369.24 123157
0.079 -0.079 -6.42944e-07 0.008 293.502 -0.0385931 -0.0404069 60025.6 61318.1 159.427 1369.24 122872
0.08 -0.08 -6.52578e-07 0.008 293.516 -0.0389876 -0.0410124 59744 61318.1 159.427 1369.24 122591
0.081 -0.081 -6.6224e-07 0.008 293.53 -0.0393804 -0.0416196 59465.5 61318.1 159.427 1369.24 122312
0.082 -0.082 -6.71928e-07 0.008 293.545 -0.0397715 -0.0422285 59190.1 61318.1 159.427 1369.24 122037
0.083 -0.083 -6.81644e-07 0.008 293.559 -0.0401609 -0.0428391 58917.7 61318.1 159.427 1369.24 121764
0.084 -0.084 -6.91386e-07 0.008 293.574 -0.0405486 -0.0434514 58648.3 61318.1 159.427 1369.24 121495
0.085 -0.085 -7.01155e-07 0.008 293.589 -0.0409347 -0.0440653 58381.8 61318.1 159.427 1369.24 121229
0.086 -0.086 -7.1095e-07 0.008 293.604 -0.0413191 -0.0446809 58118.2 61318.1 159.427 1369.24 120965
0.087 -0.087 -7.2077e-07 0.008 293.62 -0.0417019 -0.0452981 57857.4 61318.1 159.427 1369.24 120704
0.088 -0.088 -7.30617e-07 0.008 293.636 -0.0420831 -0.0459169 57599.4 61318.1 159.427 1369.24 120446
0.089 -0.089 -7.40489e-07 0.008 293.652 -0.0424627 -0.0465373 57344.2 61318.1 159.427 1369.24 120191
0.09 -0.09 -7.50386e-07 0.008 293.668 -0.0428407 -0.0471593 57091.6 61318.1 159.427 1369.24 119938
0.091 -0.091 -7.60308e-07 0.008 293.684 -0.0432172 -0.0477828 56841.7 61318.1 159.427 1369.24 119688
0.092 -0.092 -7.70254e-07 0.008 293.701 -0.043592 -0.048408 56594.3 61318.1 159.427 1369.24 119441
0.093 -0.093 -7.80226e-07 0.008 293.717 -0.0439654 -0.0490346 56349.6 61318.1 159.427 1369.24 119196
0.094 -0.094 -7.90221e-07 0.008 293.734 -0.0443372 -0.0496628 56107.3 61318.1 159.427 1369.24 118954
0.095 -0.095 -8.00241e-07 0.008 293.751 -0.0447075 -0.0502925 55867.5 61318.1 159.427 1369.24 118714
0.096 -0.096 -8.10284e-07 0.008 293.769 -0.0450763 -0.0509237 55630.2 61318.1 159.427 1369.24 118477
0.097 -0.097 -8.20351e-07 0.008 293.787 -0.0454436 -0.0515564 55395.3 61318.1 159.427 1369.24 118242
0.098 -0.098 -8.30442e-07 0.008 293.804 -0.0458094 -0.0521906 55162.7 61318.1 159.427 1369.24 118009
0.099 -0.099 -8.40556e-07 0.008 293.822 -0.0461738 -0.0528262 54932.5 61318.1 159.427 1369.24 117779
0.1 -0.1 -8.50693e-07 0.008 293.841 -0.0465367 -0.0534633 54704.5 61318.1 159.427 1369.24 117551
0.101 -0.101 -8.60853e-07 0.008 293.859 -0.0468982 -0.0541018 54478.8 61318.1 159.427 1369.24 117326
0.102 -0.102 -8.71035e-07 0.008 293.878 -0.0472583 -0.0547417 54255.3 61318.1 159.427 1369.24 117102
0.103 -0.103 -8.8124e-07 0.008 293.897 -0.0476169 -0.0553831 54034 61318.1 159.427 1369.24 116881
0.104 -0.104 -8.91467e-07 0.008 293.916 -0.0479742 -0.0560258 53814.8 61318.1 159.427 1369.24 116662
0.105 -0.105 -9.01717e-07 0.008 293.936 -0.0483301 -0.0566699 53597.8 61318.1 159.427 1369.24 116445
0.106 -0.106 -9.11988e-07 0.008 293.955 -0.0486845 -0.0573155 53382.9 61318.1 159.427 1369.24 116230
0.107 -0.107 -9.22281e-07 0.008 293.975 -0.0490377 -0.0579623 53170 61318.1 159.427 1369.24 116017
0.108 -0.108 -9.32595e-07 0.008 293.995 -0.0493894 -0.0586106 52959.1 61318.1 159.427 1369.24 115806
0.109 -0.109 -9.42931e-07 0.008 294.016 -0.0497399 -0.0592601 52750.2 61318.1 159.427 1369.24 115597
0.11 -0.11 -9.53288e-07 0.008 294.036 -0.050089 -0.059911 52543.3 61318.1 159.427 1369.24 115390
0.111 -0.111 -9.63666e-07 0.008 294.057 -0.0504367 -0.0605633 52338.4 61318.1 159.427 1369.24 115185
0.112 -0.112 -9.74065e-07 0.008 294.078 -0.0507832 -0.0612168 52135.3 61318.1 159.427 1369.24 114982
0.113 -0.113 -9.84485e-07 0.008 294.099 -0.0511284 -0.0618716 51934.1 61318.1 159.427 1369.24 114781
0.114 -0.114 -9.94925e-07 0.008 294.121 -0.0514722 -0.0625278 51734.8 61318.1 159.427 1369.24 114582
0.115 -0.115 -1.00539e-06 0.008 294.142 -0.0518148 -0.0631852 51537.3 61318.1 159.427 1369.24 114384
0.116 -0.116 -1.01587e-06 0.008 294.164 -0.0521562 -0.0638438 51341.6 61318.1 159.427 1369.24 114188
0.117 -0.117 -1.02637e-06 0.008 294.186 -0.0524963 -0.0645037 51147.7 61318.1 159.427 1369.24 113994
0.118 -0.118 -1.03689e-06 0.008 294.209 -0.0528351 -0.0651649 50955.5 61318.1 159.427 1369.24 113802
0.119 -0.119 -1.04743e-06 0.008 294.231 -0.0531727 -0.0658273 50765.1 61318.1 159.427 1369.24 113612
0.12 -0.12 -1.05799e-06 0.008 294.254 -0.053509 -0.066491 50576.3 61318.1 159.427 1369.24 113423
0.121 -0.121 -1.06856e-06 0.008 294.277 -0.0538442 -0.0671558 50389.3 61318.1 159.427 1369.24 113236
0.122 -0.122 -1.07916e-06 0.008 294.301 -0.0541781 -0.0678219 50203.8 61318.1 159.427 1369.24 113051
0.123 -0.123 -1.08978e-06 0.008 294.324 -0.0545109 -0.0684891 50020.1 61318.1 159.427 1369.24 112867
0.124 -0.124 -1.10042e-06 0.008 294.348 -0.0548424 -0.0691576 49837.9 61318.1 159.427 1369.24 112685
0.125 -0.125 -1.11107e-06 0.008 294.372 -0.0551728 -0.0698272 49657.3 61318.1 159.427 1369.24 112504
0.126 -0.126 -1.12175e-06 0.008 294.396 -0.055502 -0.070498 49478.3 61318.1 159.427 1369.24 112325
0.127 -0.127 -1.13244e-06 0.008 294.421 -0.05583 -0.07117 49300.8 61318.1 159.427 1369.24 112148
0.128 -0.128 -1.14315e-06 0.008 294.445 -0.0561569 -0.0718431 49124.8 61318.1 159.427 1369.24 111972
0.129 -0.129 -1.15388e-06 0.008 294.47 -0.0564827 -0.0725173 48950.4 61318.1 159.427 1369.24 111797
0.13 -0.13 -1.16462e-06 0.008 294.495 -0.0568073 -0.0731927 48777.4 61318.1 159.427 1369.24 111624
0.131 -0.131 -1.17539e-06 0.008 294.521 -0.0571307 -0.0738693 48605.9 61318.1 159.427 1369.24 111453
0.132 -0.132 -1.18617e-06 0.008 294.546 -0.0574531 -0.0745469 48435.8 61318.1 159.427 1369.24 111283
0.133 -0.133 -1.19697e-06 0.008 294.572 -0.0577744 -0.0752256 48267.2 61318.1 159.427 1369.24 111114
0.134 -0.134 -1.20779e-06 0.008 294.598 -0.0580945 -0.0759055 48099.9 61318.1 159.427 1369.24 110947
0.135 -0.135 -1.21862e-06 0.008 294.625 -0.0584136 -0.0765864 47934.1 61318.1 159.427 1369.24 110781
0.136 -0.136 -1.22947e-06 0.008 294.651 -0.0587315 -0.0772685 47769.6 61318.1 159.427 1369.24 110616
0.137 -0.137 -1.24034e-06 0.008 294.678 -0.0590484 -0.0779516 47606.5 61318.1 159.427 1369.24 110453
0.138 -0.138 -1.25123e-06 0.008 294.705 -0.0593642 -0.0786358 47444.7 61318.1 159.427 1369.24 110291
0.139 -0.139 -1.26213e-06 0.008 294.733 -0.059679 -0.079321 47284.2 61318.1 159.427 1369.24 110131
0.14 -0.14 -1.27305e-06 0.008 294.76 -0.0599927 -0.0800073 47125 61318.1 159.427 1369.24 109972
0.141 -0.141 -1.28399e-06 0.008 294.788 -0.0603054 -0.0806946 46967.1 61318.1 159.427 1369.24 109814
0.142 -0.142 -1.29494e-06 0.008 294.816 -0.060617 -0.081383 46810.5 61318.1 159.427 1369.24 109657
0.143 -0.143 -1.30591e-06 0.008 294.844 -0.0609276 -0.0820724 46655.1 61318.1 159.427 1369.24 109502
0.144 -0.144 -1.3169e-06 0.008 294.873 -0.0612372 -0.0827628 46501 61318.1 159.427 1369.24 109348
0.145 -0.145 -1.3279e-06 0.008 294.901 -0.0615457 -0.0834543 46348.1 61318.1 159.427 1369.24 109195
0.146 -0.146 -1.33892e-06 0.008 294.93 -0.0618533 -0.0841467 46196.4 61318.1 159.427 1369.24 109043
0.147 -0.147 -1.34995e-06 0.008 294.959 -0.0621598 -0.0848402 46045.9 61318.1 159.427 1369.24 108893
0.148 -0.148 -1.361e-06 0.008 294.989 -0.0624653 -0.0855347 45896.5 61318.1 159.427 1369.24 108743
0.149 -0.149 -1.37207e-06 0.008 295.019 -0.0627699 -0.0862301 45748.3 61318.1 159.427 1369.24 108595
0.15 -0.15 -1.38315e-06 0.008 295.049 -0.0630735 -0.0869265 45601.3 61318.1 159.427 1369.24 108448
0.151 -0.151 -1.39425e-06 0.008 295.079 -0.0633761 -0.0876239 45455.4 61318.1 159.427 1369.24 108302
0.152 -0.152 -1.40536e-06 0.008 295.109 -0.0636777 -0.0883223 45310.6 61318.1 159.427 1369.24 108157
0.153 -0.153 -1.41649e-06 0.008 295.14 -0.0639784 -0.0890216 45166.9 61318.1 159.427 1369.24 108014
0.154 -0.154 -1.42763e-06 0.008 295.171 -0.0642781 -0.0897219 45024.3 61318.1 159.427 1369.24 107871
0.155 -0.155 -1.43879e-06 0.008 295.202 -0.0645769 -0.0904231 44882.8 61318.1 159.427 1369.24 107730
0.156 -0.156 -1.44996e-06 0.008 295.233 -0.0648747 -0.0911253 44742.4 61318.1 159.427 1369.24 107589
0.157 -0.157 -1.46115e-06 0.008 295.265 -0.0651716 -0.0918284 44603 61318.1 159.427 1369.24 107450
0.158 -0.158 -1.47235e-06 0.008 295.297 -0.0654676 -0.0925324 44464.7 61318.1 159.427 1369.24 107311
0.159 -0.159 -1.48357e-06 0.008 295.329 -0.0657626 -0.0932374 44327.4 61318.1 159.427 1369.24 107174
0.16 -0.16 -1.4948e-06 0.008 295.361 -0.0660568 -0.0939432 44191.1 61318.1 159.427 1369.24 107038
0.161 -0.161 -1.50604e-06 0.008 295.394 -0.06635 -0.09465 44055.8 61318.1 159.427 1369.24 106903
0.162 -0.162 -1.51731e-06 0.008 295.427 -0.0666423 -0.0953577 43921.5 61318.1 159.427 1369.24 106768
0.163 -0.163 -1.52858e-06 0.008 295.46 -0.0669338 -0.0960662 43788.2 61318.1 159.427 1369.24 106635
0.164 -0.164 -1.53987e-06 0.008 295.493 -0.0672243 -0.0967757 43655.9 61318.1 159.427 1369.24 106503
0.165 -0.165 -1.55117e-06 0.008 295.526 -0.0675139 -0.0974861 43524.5 61318.1 159.427 1369.24 106371
0.166 -0.166 -1.56249e-06 0.008 295.56 -0.0678027 -0.0981973 43394.1 61318.1 159.427 1369.24 106241
0.167 -0.167 -1.57382e-06 0.008 295.594 -0.0680906 -0.0989094 43264.6 61318.1 159.427 1369.24 106111
0.168 -0.168 -1.58516e-06 0.008 295.629 -0.0683776 -0.0996224 43136 61318.1 159.427 1369.24 105983
0.169 -0.169 -1.59652e-06 0.008 295.663 -0.0686638 -0.100336 43008.4 61318.1 159.427 1369.24 105855
0.17 -0.17 -1.60789e-06 0.008 295.698 -0.0689491 -0.101051 42881.6 61318.1 159.427 1369.24 105728
0.171 -0.171 -1.61928e-06 0.008 295.733 -0.0692336 -0.101766 42755.8 61318.1 159.427 1369.24 105603
0.172 -0.172 -1.63068e-06 0.008 295.768 -0.0695172 -0.102483 42630.9 61318.1 159.427 1369.24 105478
0.173 -0.173 -1.64209e-06 0.008 295.804 -0.0698 -0.1032 42506.8 61318.1 159.427 1369.24 105354
0.174 -0.174 -1.65352e-06 0.008 295.84 -0.0700819 -0.103918 42383.6 61318.1 159.427 1369.24 105230
0.175 -0.175 -1.66495e-06 0.008 295.876 -0.070363 -0.104637 42261.2 61318.1 159.427 1369.24 105108
0.176 -0.176 -1.67641e-06 0.008 295.912 -0.0706433 -0.105357 42139.7 61318.1 159.427 1369.24 104986
0.177 -0.177 -1.68787e-06 0.008 295.949 -0.0709228 -0.106077 42019.1 61318.1 159.427 1369.24 104866
0.178 -0.178 -1.69935e-06 0.008 295.985 -0.0712015 -0.106799 41899.3 61318.1 159.427 1369.24 104746
0.179 -0.179 -1.71084e-06 0.008 296.022 -0.0714793 -0.107521 41780.3 61318.1 159.427 1369.24 104627
0.18 -0.18 -1.72234e-06 0.008 296.06 -0.0717564 -0.108244 41662.1 61318.1 159.427 1369.24 104509
0.181 -0.181 -1.73386e-06 0.008 296.097 -0.0720326 -0.108967 41544.7 61318.1 159.427 1369.24 104391
0.182 -0.182 -1.74539e-06 0.008 296.135 -0.0723081 -0.109692 41428.1 61318.1 159.427 1369.24 104275
0.183 -0.183 -1.75693e-06 0.008 296.173 -0.0725828 -0.110417 41312.3 61318.1 159.427 1369.24 104159
0.184 -0.184 -1.76848e-06 0.008 296.211 -0.0728567 -0.111143 41197.3 61318.1 159.427 1369.24 104044
0.185 -0.185 -1.78005e-06 0.008 296.25 -0.0731298 -0.11187 41083 61318.1 159.427 1369.24 103930
0.186 -0.186 -1.79163e-06 0.008 296.288 -0.0734021 -0.112598 40969.5 61318.1 159.427 1369.24 103816
0.187 -0.187 -1.80322e-06 0.008 296.327 -0.0736737 -0.113326 40856.8 61318.1 159.427 1369.24 103704
0.188 -0.188 -1.81482e-06 0.008 296.367 -0.0739445 -0.114056 40744.8 61318.1 159.427 1369.24 103592
0.189 -0.189 -1.82644e-06 0.008 296.406 -0.0742145 -0.114785 40633.6 61318 159.427 1369.24 103480
0.19 -0.19 -1.83806e-06 0.008 296.446 -0.0744838 -0.115516 40523 61318 159.427 1369.24 103370
0.191 -0.191 -1.8497e-06 0.008 296.486 -0.0747524 -0.116248 40413.2 61318 159.427 1369.24 103260
0.192 -0.192 -1.86135e-06 0.008 296.526 -0.0750202 -0.11698 40304.2 61318 159.427 1369.24 103151
0.193 -0.193 -1.87301e-06 0.008 296.567 -0.0752873 -0.117713 40195.8 61318 159.427 1369.24 103043
0.194 -0.194 -1.88469e-06 0.008 296.608 -0.0755536 -0.118446 40088.1 61318 159.427 1369.24 102935
0.195 -0.195 -1.89637e-06 0.008 296.649 -0.0758192 -0.119181 39981.2 61318 159.427 1369.24 102828
0.196 -0.196 -1.90807e-06 0.008 296.69 -0.076084 -0.119916 39874.9 61318 159.427 1369.24 102722
0.197 -0.197 -1.91978e-06 0.008 296.732 -0.0763482 -0.120652 39769.3 61318 159.427 1369.24 102616
0.198 -0.198 -1.9315e-06 0.008 296.773 -0.0766116 -0.121388 39664.3 61318 159.427 1369.24 102511
0.199 -0.199 -1.94323e-06 0.008 296.815 -0.0768743 -0.122126 39560.1 61318 159.427 1369.24 102407
0.2 -0.2 -1.95497e-06 0.008 296.858 -0.0771363 -0.122864 39456.5 61318 159.427 1369.24 102303
0.201 -0.201 -1.96673e-06 0.008 296.9 -0.0773976 -0.123602 39353.5 61318 159.427 1369.24 102200
0.202 -0.202 -1.97849e-06 0.008 296.943 -0.0776582 -0.124342 39251.2 61318 159.427 1369.24 102098
0.203 -0.203 -1.99027e-06 0.008 296.986 -0.0779181 -0.125082 39149.6 61318 159.427 1369.24 101996
0.204 -0.204 -2.00206e-06 0.008 297.029 -0.0781774 -0.125823 39048.5 61318 159.427 1369.24 101895
0.205 -0.205 -2.01385e-06 0.008 297.073 -0.0784359 -0.126564 38948.1 61318 159.427 1369.24 101795
0.206 -0.206 -2.02566e-06 0.008 297.117 -0.0786937 -0.127306 38848.4 61318 159.427 1369.24 101695
0.207 -0.207 -2.03748e-06 0.008 297.161 -0.0789509 -0.128049 38749.2 61318 159.427 1369.24 101596
0.208 -0.208 -2.04931e-06 0.008 297.205 -0.0792074 -0.128793 38650.7 61318 159.427 1369.24 101497
0.209 -0.209 -2.06116e-06 0.008 297.25 -0.0794632 -0.129537 38552.7 61318 159.427 1369.24 101399
0.21 -0.21 -2.07301e-06 0.008 297.294 -0.0797183 -0.130282 38455.4 61318 159.427 1369.24 101302
0.211 -0.211 -2.08487e-06 0.008 297.34 -0.0799728 -0.131027 38358.6 61318 159.427 1369.24 101205
0.212 -0.212 -2.09674e-06 0.008 297.385 -0.0802266 -0.131773 38262.5 61318 159.427 1369.24 101109
0.213 -0.213 -2.10863e-06 0.008 297.43 -0.0804797 -0.13252 38166.9 61318 159.427 1369.24 101014
0.214 -0.214 -2.12052e-06 0.008 297.476 -0.0807322 -0.133268 38071.9 61318 159.427 1369.24 100919
0.215 -0.215 -2.13242e-06 0.008 297.522 -0.0809841 -0.134016 37977.5 61318 159.427 1369.24 100824
0.216 -0.216 -2.14434e-06 0.008 297.569 -0.0812353 -0.134765 37883.6 61318 159.427 1369.24 100730
0.217 -0.217 -2.15626e-06 0.008 297.615 -0.0814859 -0.135514 37790.3 61318 159.427 1369.24 100637
0.218 -0.218 -2.1682e-06 0.008 297.662 -0.0817358 -0.136264 37697.5 61318 159.427 1369.24 100544
0.219 -0.219 -2.18014e-06 0.008 297.709 -0.0819851 -0.137015 37605.3 61318 159.427 1369.24 100452
0.22 -0.22 -2.1921e-06 0.008 297.757 -0.0822337 -0.137766 37513.7 61318 159.427 1369.24 100360
0.221 -0.221 -2.20406e-06 0.008 297.804 -0.0824818 -0.138518 37422.6 61318 159.427 1369.24 100269
0.222 -0.222 -2.21604e-06 0.008 297.852 -0.0827292 -0.139271 37332 61318 159.427 1369.24 100179
0.223 -0.223 -2.22802e-06 0.008 297.901 -0.082976 -0.140024 37241.9 61318 159.427 1369.24 100089
0.224 -0.224 -2.24002e-06 0.008 297.949 -0.0832221 -0.140778 37152.4 61318 159.427 1369.24 99999.1
0.225 -0.225 -2.25202e-06 0.008 297.998 -0.0834677 -0.141532 37063.4 61318 159.427 1369.24 99910.1
0.226 -0.226 -2.26404e-06 0.008 298.047 -0.0837126 -0.142287 36974.9 61318 159.427 1369.24 99821.6
0.227 -0.227 -2.27606e-06 0.008 298.096 -0.083957 -0.143043 36886.9 61318 159.427 1369.24 99733.6
0.228 -0.228 -2.2881e-06 0.008 298.145 -0.0842007 -0.143799 36799.5 61318 159.427 1369.24 99646.2
0.229 -0.229 -2.30014e-06 0.008 298.195 -0.0844438 -0.144556 36712.5 61318 159.427 1369.24 99559.2
0.23 -0.23 -2.31219e-06 0.008 298.245 -0.0846864 -0.145314 36626 61318 159.427 1369.24 99472.7
0.231 -0.231 -2.32425e-06 0.008 298.295 -0.0849283 -0.146072 36540 61318 159.427 1369.24 99386.7
0.232 -0.232 -2.33633e-06 0.008 298.346 -0.0851696 -0.14683 36454.5 61318 159.427 1369.24 99301.2
0.233 -0.233 -2.34841e-06 0.008 298.396 -0.0854104 -0.14759 36369.5 61318 159.427 1369.24 99216.2
0.234 -0.234 -2.3605e-06 0.008 298.447 -0.0856506 -0.148349 36285 61318 159.427 1369.24 99131.7
0.235 -0.235 -2.3726e-06 0.008 298.499 -0.0858902 -0.14911 36200.9 61318 159.427 1369.24 99047.6
0.236 -0.236 -2.3847e-06 0.008 298.55 -0.0861292 -0.149871 36117.4 61318 159.427 1369.24 98964.1
0.237 -0.237 -2.39682e-06 0.008 298.602 -0.0863677 -0.150632 36034.2 61318 159.427 1369.24 98881
0.238 -0.238 -2.40895e-06 0.008 298.654 -0.0866055 -0.151394 35951.6 61318 159.427 1369.24 98798.3
0.239 -0.239 -2.42108e-06 0.008 298.706 -0.0868428 -0.152157 35869.4 61318 159.427 1369.24 98716.1
0.24 -0.24 -2.43323e-06 0.008 298.759 -0.0870796 -0.15292 35787.7 61318 159.427 1369.24 98634.4
0.241 -0.241 -2.44538e-06 0.008 298.811 -0.0873158 -0.153684 35706.4 61318 159.427 1369.24 98553.1
0.242 -0.242 -2.45755e-06 0.008 298.865 -0.0875514 -0.154449 35625.5 61318 159.427 1369.24 98472.2
0.243 -0.243 -2.46972e-06 0.008 298.918 -0.0877864 -0.155214 35545.1 61318 159.427 1369.24 98391.8
0.244 -0.244 -2.4819e-06 0.008 298.971 -0.0880209 -0.155979 35465.2 61318 159.427 1369.24 98311.9
0.245 -0.245 -2.49409e-06 0.008 299.025 -0.0882549 -0.156745 35385.7 61318 159.427 1369.24 98232.4
0.246 -0.246 -2.50628e-06 0.008 299.079 -0.0884883 -0.157512 35306.6 61318 159.427 1369.24 98153.3
0.247 -0.247 -2.51849e-06 0.008 299.134 -0.0887212 -0.158279 35227.9 61318 159.427 1369.24 98074.6
0.248 -0.248 -2.53071e-06 0.008 299.188 -0.0889535 -0.159046 35149.7 61318 159.427 1369.24 97996.4
0.249 -0.249 -2.54293e-06 0.008 299.243 -0.0891853 -0.159815 35071.9 61318 159.427 1369.24 97918.6
0.25 -0.25 -2.55516e-06 0.008 299.299 -0.0894166 -0.160583 34994.5 61318 159.427 1369.24 97841.2
0.251 -0.251 -2.5674e-06 0.008 299.354 -0.0896473 -0.161353 34917.5 61318 159.427 1369.24 97764.2
0.252 -0.252 -2.57965e-06 0.008 299.41 -0.0898775 -0.162123 34840.9 61318 159.427 1369.24 97687.6
0.253 -0.253 -2.59191e-06 0.008 299.466 -0.0901071 -0.162893 34764.8 61318 159.427 1369.24 97611.5
0.254 -0.254 -2.60417e-06 0.008 299.522 -0.0903363 -0.163664 34689 61318 159.427 1369.24 97535.7
0.255 -0.255 -2.61645e-06 0.008 299.578 -0.0905649 -0.164435 34613.7 61318 159.427 1369.24 97460.4
0.256 -0.256 -2.62873e-06 0.008 299.635 -0.090793 -0.165207 34538.7 61318 159.427 1369.24 97385.4
0.257 -0.257 -2.64102e-06 0.008 299.692 -0.0910206 -0.165979 34464.2 61318 159.427 1369.24 97310.8
0.258 -0.258 -2.65332e-06 0.008 299.749 -0.0912476 -0.166752 34390 61318 159.427 1369.24 97236.7
0.259 -0.259 -2.66563e-06 0.008 299.807 -0.0914742 -0.167526 34316.2 61318 159.427 1369.25 97162.9
0.26 -0.26 -2.67794e-06 0.00800001 299.864 -0.0917002 -0.1683 34242.8 61318 159.427 1369.25 97089.5
0.261 -0.261 -2.69026e-06 0.00800001 299.922 -0.0919258 -0.169074 34169.8 61318 159.427 1369.25 97016.5
0.262 -0.262 -2.7026e-06 0.00800001 299.981 -0.0921508 -0.169849 34097.1 61318 159.427 1369.25 96943.8
0.263 -0.263 -2.71493e-06 0.00800001 300.039 -0.0923753 -0.170625 34024.9 61318 159.427 1369.25 96871.6
0.264 -0.264 -2.72728e-06 0.00800001 300.098 -0.0925994 -0.171401 33953 61318 159.427 1369.25 96799.7
0.265 -0.265 -2.73964e-06 0.00800001 300.157 -0.0928229 -0.172177 33881.5 61318 159.427 1369.25 96728.2
0.266 -0.266 -2.752e-06 0.00800001 300.217 -0.093046 -0.172954 33810.3 61318 159.427 1369.25 96657
0.267 -0.267 -2.76437e-06 0.00800001 300.276 -0.0932685 -0.173731 33739.5 61318 159.427 1369.25 96586.2
0.268 -0.268 -2.77675e-06 0.00800001 300.336 -0.0934906 -0.174509 33669.1 61318 159.427 1369.25 96515.8
0.269 -0.269 -2.78913e-06 0.00800001 300.396 -0.0937122 -0.175288 33599 61318 159.427 1369.25 96445.7
0.27 -0.27 -2.80153e-06 0.00800001 300.457 -0.0939333 -0.176067 33529.3 61318 159.427 1369.25 96376
0.271 -0.271 -2.81393e-06 0.00800001 300.517 -0.0941539 -0.176846 33459.9 61318 159.427 1369.25 96306.6
0.272 -0.272 -2.82634e-06 0.00800001 300.578 -0.094374 -0.177626 33390.9 61318 159.427 1369.25 96237.6
0.273 -0.273 -2.83875e-06 0.00800001 300.639 -0.0945937 -0.178406 33322.3 61318 159.427 1369.25 96168.9
0.274 -0.274 -2.85118e-06 0.00800001 300.701 -0.0948129 -0.179187 33253.9 61318 159.427 1369.25 96100.6
0.275 -0.275 -2.86361e-06 0.00800001 300.763 -0.0950316 -0.179968 33185.9 61318 159.427 1369.25 96032.6
0.276 -0.276 -2.87605e-06 0.00800001 300.825 -0.0952499 -0.18075 33118.3 61318 159.427 1369.25 95965
0.277 -0.277 -2.8885e-06 0.00800001 300.887 -0.0954677 -0.181532 33051 61318 159.427 1369.25 95897.7
0.278 -0.278 -2.90095e-06 0.00800001 300.949 -0.095685 -0.182315 32984 61318 159.427 1369.25 95830.7
0.279 -0.279 -2.91341e-06 0.00800001 301.012 -0.0959019 -0.183098 32917.4 61318 159.427 1369.25 95764.1
0.28 -0.28 -2.92588e-06 0.00800001 301.075 -0.0961183 -0.183882 32851.1 61318 159.427 1369.25 95697.7
0.281 -0.281 -2.93835e-06 0.00800001 301.139 -0.0963342 -0.184666 32785.1 61318 159.427 1369.25 95631.7
0.282 -0.282 -2.95084e-06 0.00800001 301.202 -0.0965497 -0.18545 32719.4 61318 159.427 1369.25 95566.1
0.283 -0.283 -2.96333e-06 0.00800001 301.266 -0.0967647 -0.186235 32654.1 61318 159.427 1369.25 95500.7
0.284 -0.284 -2.97583e-06 0.00800001 301.33 -0.0969793 -0.187021 32589.1 61318 159.427 1369.25 95435.7
0.285 -0.285 -2.98833e-06 0.00800001 301.394 -0.0971935 -0.187807 32524.3 61318 159.427 1369.25 95371
0.286 -0.286 -3.00084e-06 0.00800001 301.459 -0.0974072 -0.188593 32460 61318 159.427 1369.25 95306.6
0.287 -0.287 -3.01336e-06 0.00800001 301.524 -0.0976204 -0.18938 32395.9 61318 159.427 1369.25 95242.5
0.288 -0.288 -3.02589e-06 0.00800001 301.589 -0.0978332 -0.190167 32332.1 61318 159.427 1369.25 95178.8
0.289 -0.289 -3.03842e-06 0.00800001 301.655 -0.0980456 -0.190954 32268.6 61318 159.427 1369.25 95115.3
0.29 -0.29 -3.05096e-06 0.00800001 301.72 -0.0982575 -0.191742 32205.5 61318 159.427 1369.25 95052.1
0.291 -0.291 -3.0635e-06 0.00800001 301.786 -0.098469 -0.192531 32142.6 61318 159.427 1369.25 94989.3
0.292 -0.292 -3.07606e-06 0.00800001 301.853 -0.0986801 -0.19332 32080.1 61318 159.427 1369.25 94926.7
0.293 -0.293 -3.08862e-06 0.00800001 301.919 -0.0988907 -0.194109 32017.8 61318 159.427 1369.25 94864.4
0.294 -0.294 -3.10118e-06 0.00800001 301.986 -0.099101 -0.194899 31955.8 61318 159.427 1369.25 94802.5
0.295 -0.295 -3.11376e-06 0.00800001 302.053 -0.0993107 -0.195689 31894.2 61318 159.427 1369.25 94740.8
0.296 -0.296 -3.12634e-06 0.00800001 302.12 -0.0995201 -0.19648 31832.8 61318 159.427 1369.25 94679.4
0.297 -0.297 -3.13893e-06 0.00800001 302.188 -0.099729 -0.197271 31771.7 61318 159.427 1369.25 94618.3
0.298 -0.298 -3.15152e-06 0.00800001 302.256 -0.0999375 -0.198062 31710.9 61318 159.427 1369.25 94557.5
0.299 -0.299 -3.16412e-06 0.00800001 302.324 -0.100146 -0.198854 31650.4 61318 159.427 1369.25 94497
0.3 -0.3 -3.17673e-06 0.00800001 302.392 -0.100353 -0.199647 31590.1 61317.9 159.427 1369.25 94436.8
0.301 -0.301 -3.18934e-06 0.00800001 302.461 -0.100561 -0.200439 31530.2 61317.9 159.427 1369.25 94376.8
0.302 -0.302 -3.20196e-06 0.00800002 302.53 -0.100767 -0.201233 31470.5 61317.9 159.427 1369.25 94317.1
0.303 -0.303 -3.21459e-06 0.00800002 302.599 -0.100974 -0.202026 31411.1 61317.9 159.427 1369.25 94257.7
0.304 -0.304 -3.22722e-06 0.00800002 302.668 -0.10118 -0.20282 31352 61317.9 159.427 1369.25 94198.6
0.305 -0.305 -3.23986e-06 0.00800002 302.738 -0.101386 -0.203614 31293.2 61317.9 159.427 1369.25 94139.8
0.306 -0.306 -3.25251e-06 0.00800002 302.808 -0.101591 -0.204409 31234.6 61317.9 159.427 1369.25 94081.2
0.307 -0.307 -3.26516e-06 0.00800002 302.878 -0.101796 -0.205204 31176.3 61317.9 159.427 1369.25 94022.9
0.308 -0.308 -3.27782e-06 0.00800002 302.949 -0.102 -0.206 31118.2 61317.9 159.427 1369.25 93964.8
0.309 -0.309 -3.29049e-06 0.00800002 303.019 -0.102204 -0.206796 31060.5 61317.9 159.427 1369.25 93907.1
0.31 -0.31 -3.30316e-06 0.00800002 303.09 -0.102408 -0.207592 31002.9 61317.9 159.427 1369.25 93849.5
0.311 -0.311 -3.31584e-06 0.00800002 303.162 -0.102611 -0.208389 30945.7 61317.9 159.427 1369.25 93792.3
0.312 -0.312 -3.32852e-06 0.00800002 303.233 -0.102814 -0.209186 30888.7 61317.9 159.427 1369.25 93735.3
0.313 -0.313 -3.34121e-06 0.00800002 303.305 -0.103016 -0.209984 30832 61317.9 159.427 1369.25 93678.6
0.314 -0.314 -3.35391e-06 0.00800002 303.377 -0.103218 -0.210782 30775.5 61317.9 159.427 1369.25 93622.1
0.315 -0.315 -3.36661e-06 0.00800002 303.45 -0.10342 -0.21158 30719.3 61317.9 159.427 1369.25 93565.9
0.316 -0.316 -3.37932e-06 0.00800002 303.522 -0.103621 -0.212379 30663.3 61317.9 159.427 1369.25 93509.9
0.317 -0.317 -3.39204e-06 0.00800002 303.595 -0.103822 -0.213178 30607.6 61317.9 159.427 1369.25 93454.2
0.318 -0.318 -3.40476e-06 0.00800002 303.668 -0.104023 -0.213977 30552.1 61317.9 159.427 1369.25 93398.7
0.319 -0.319 -3.41749e-06 0.00800002 303.742 -0.104223 -0.214777 30496.9 61317.9 159.427 1369.25 93343.5
0.32 -0.32 -3.43022e-06 0.00800002 303.816 -0.104423 -0.215577 30442 61317.9 159.427 1369.25 93288.5
0.321 -0.321 -3.44296e-06 0.00800003 303.89 -0.104622 -0.216378 30387.2 61317.9 159.427 1369.25 93233.8
0.322 -0.322 -3.4557e-06 0.00800003 303.964 -0.104821 -0.217179 30332.7 61317.9 159.427 1369.25 93179.3
0.323 -0.323 -3.46846e-06 0.00800003 304.038 -0.10502 -0.21798 30278.5 61317.9 159.427 1369.25 93125
0.324 -0.324 -3.48121e-06 0.00800003 304.113 -0.105218 -0.218782 30224.5 61317.8 159.427 1369.25 93071
0.325 -0.325 -3.49398e-06 0.00800003 304.188 -0.105416 -0.219584 30170.7 61317.8 159.427 1369.25 93017.2
0.326 -0.326 -3.50674e-06 0.00800003 304.264 -0.105613 -0.220387 30117.2 61317.8 159.427 1369.25 92963.7
0.327 -0.327 -3.51952e-06 0.00800003 304.339 -0.105811 -0.221189 30063.9 61317.8 159.427 1369.25 92910.4
0.328 -0.328 -3.5323e-06 0.00800003 304.415 -0.106007 -0.221993 30010.8 61317.8 159.427 1369.25 92857.3
0.329 -0.329 -3.54509e-06 0.00800003 304.491 -0.106204 -0.222796 29958 61317.8 159.427 1369.25 92804.5
0.33 -0.33 -3.55788e-06 0.00800003 304.568 -0.1064 -0.2236 29905.4 61317.8 159.427 1369.25 92751.9
0.331 -0.331 -3.57068e-06 0.00800003 304.644 -0.106596 -0.224404 29853 61317.8 159.427 1369.25 92699.5
0.332 -0.332 -3.58348e-06 0.00800003 304.721 -0.106791 -0.225209 29800.9 61317.8 159.427 1369.25 92647.4
0.333 -0.333 -3.59629e-06 0.00800004 304.799 -0.106986 -0.226014 29749 61317.8 159.427 1369.25 92595.4
0.334 -0.334 -3.6091e-06 0.00800004 304.876 -0.107181 -0.226819 29697.3 61317.8 159.427 1369.25 92543.7
0.335 -0.335 -3.62192e-06 0.00800004 304.954 -0.107375 -0.227625 29645.8 61317.8 159.427 1369.25 92492.3
0.336 -0.336 -3.63475e-06 0.00800004 305.032 -0.107569 -0.228431 29594.6 61317.8 159.427 1369.25 92441
0.337 -0.337 -3.64758e-06 0.00800004 305.11 -0.107762 -0.229238 29543.5 61317.8 159.427 1369.25 92390
0.338 -0.338 -3.66042e-06 0.00800004 305.189 -0.107956 -0.230044 29492.7 61317.7 159.427 1369.25 92339.1
0.339 -0.339 -3.67326e-06 0.00800004 305.268 -0.108149 -0.230851 29442.1 61317.7 159.427 1369.25 92288.5
0.34 -0.34 -3.68611e-06 0.00800004 305.347 -0.108341 -0.231659 29391.7 61317.7 159.427 1369.25 92238.1
0.341 -0.341 -3.69896e-06 0.00800005 305.426 -0.108533 -0.232467 29341.6 61317.7 159.427 1369.25 92188
0.342 -0.342 -3.71182e-06 0.00800005 305.506 -0.108725 -0.233275 29291.6 61317.7 159.427 1369.25 92138
0.343 -0.343 -3.72469e-06 0.00800005 305.586 -0.108917 -0.234083 29241.9 61317.7 159.427 1369.25 92088.2
0.344 -0.344 -3.73756e-06 0.00800005 305.666 -0.109108 -0.234892 29192.3 61317.7 159.427 1369.25 92038.7
0.345 -0.345 -3.75043e-06 0.00800005 305.746 -0.109299 -0.235701 29143 61317.7 159.427 1369.25 91989.4
0.346 -0.346 -3.76331e-06 0.00800005 305.827 -0.109489 -0.236511 29093.9 61317.7 159.427 1369.25 91940.2
0.347 -0.347 -3.7762e-06 0.00800005 305.908 -0.10968 -0.23732 29045 61317.7 159.427 1369.25 91891.3
0.348 -0.348 -3.78909e-06 0.00800006 305.989 -0.10987 -0.23813 28996.3 61317.6 159.427 1369.25 91842.6
0.349 -0.349 -3.80199e-06 0.00800006 306.071 -0.110059 -0.238941 28947.8 61317.6 159.427 1369.25 91794.1
0.35 -0.35 -3.81489e-06 0.00800006 306.153 -0.110248 -0.239752 28899.5 61317.6 159.427 1369.25 91745.8
0.351 -0.351 -3.8278e-06 0.00800006 306.235 -0.110437 -0.240563 28851.4 61317.6 159.427 1369.25 91697.6
0.352 -0.352 -3.84071e-06 0.00800006 306.317 -0.110626 -0.241374 28803.5 61317.6 159.427 1369.25 91649.7
0.353 -0.353 -3.85363e-06 0.00800006 306.4 -0.110814 -0.242186 28755.8 61317.6 159.427 1369.25 91602
0.354 -0.354 -3.86655e-06 0.00800007 306.483 -0.111002 -0.242998 28708.3 61317.6 159.427 1369.25 91554.5
0.355 -0.355 -3.87948e-06 0.00800007 306.566 -0.111189 -0.243811 28660.9 61317.6 159.427 1369.25 91507.2
0.356 -0.356 -3.89241e-06 0.00800007 306.65 -0.111377 -0.244623 28613.8 61317.5 159.427 1369.25 91460
0.357 -0.357 -3.90535e-06 0.00800007 306.733 -0.111564 -0.245436 28566.9 61317.5 159.427 1369.25 91413.1
0.358 -0.358 -3.91829e-06 0.00800007 306.817 -0.11175 -0.24625 28520.2 61317.5 159.427 1369.25 91366.3
0.359 -0.359 -3.93124e-06 0.00800008 306.902 -0.111937 -0.247063 28473.6 61317.5 159.427 1369.25 91319.8
0.36 -0.36 -3.94419e-06 0.00800008 306.986 -0.112123 -0.247877 28427.3 61317.5 159.427 1369.25 91273.4
0.361 -0.361 -3.95715e-06 0.00800008 307.071 -0.112308 -0.248692 28381.1 61317.5 159.427 1369.25 91227.2
0.362 -0.362 -3.97011e-06 0.00800008 307.156 -0.112494 -0.249506 28335.1 61317.4 159.427 1369.25 91181.3
0.363 -0.363 -3.98308e-06 0.00800009 307.241 -0.112679 -0.250321 28289.3 61317.4 159.427 1369.25 91135.4
0.364 -0.364 -3.99606e-06 0.00800009 307.327 -0.112864 -0.251136 28243.7 61317.4 159.427 1369.25 91089.8
0.365 -0.365 -4.00903e-06 0.00800009 307.413 -0.113048 -0.251952 28198.3 61317.4 159.427 1369.25 91044.4
0.366 -0.366 -4.02202e-06 0.00800009 307.499 -0.113232 -0.252768 28153.1 61317.4 159.427 1369.25 90999.1
0.367 -0.367 -4.035e-06 0.0080001 307.586 -0.113416 -0.253584 28108 61317.3 159.427 1369.25 90954
0.368 -0.368 -4.048e-06 0.0080001 307.672 -0.1136 -0.2544 28063.2 61317.3 159.427 1369.25 90909.1
0.369 -0.369 -4.06099e-06 0.0080001 307.759 -0.113783 -0.255217 28018.5 61317.3 159.427 1369.25 90864.4
0.37 -0.37 -4.074e-06 0.00800011 307.847 -0.113966 -0.256034 27973.9 61317.3 159.427 1369.25 90819.9
0.371 -0.371 -4.087e-06 0.00800011 307.934 -0.114148 -0.256852 27929.6 61317.3 159.427 1369.25 90775.5
0.372 -0.372 -4.10002e-06 0.00800011 308.022 -0.114331 -0.257669 27885.4 61317.2 159.427 1369.25 90731.3
0.373 -0.373 -4.11303e-06 0.00800011 308.11 -0.114513 -0.258487 27841.5 61317.2 159.427 1369.25 90687.3
0.374 -0.374 -4.12605e-06 0.00800012 308.198 -0.114695 -0.259305 27797.6 61317.2 159.427 1369.25 90643.5
0.375 -0.375 -4.13908e-06 0.00800012 308.287 -0.114876 -0.260124 27754 61317.2 159.427 1369.25 90599.8
0.376 -0.376 -4.15211e-06 0.00800013 308.376 -0.115057 -0.260943 27710.5 61317.1 159.427 1369.25 90556.3
0.377 -0.377 -4.16515e-06 0.00800013 308.465 -0.115238 -0.261762 27667.2 61317.1 159.427 1369.25 90513
0.378 -0.378 -4.17819e-06 0.00800013 308.555 -0.115419 -0.262581 27624.1 61317.1 159.427 1369.25 90469.8
0.379 -0.379 -4.19123e-06 0.00800014 308.644 -0.115599 -0.263401 27581.1 61317 159.427 1369.25 90426.8
0.38 -0.38 -4.20428e-06 0.00800014 308.734 -0.115779 -0.264221 27538.3 61317 159.427 1369.25 90384
0.381 -0.381 -4.21734e-06 0.00800015 308.825 -0.115959 -0.265041 27495.7 61317 159.427 1369.25 90341.4
0.382 -0.382 -4.2304e-06 0.00800015 308.915 -0.116138 -0.265862 27453.3 61316.9 159.427 1369.25 90298.9
0.383 -0.383 -4.24346e-06 0.00800015 309.006 -0.116317 -0.266683 27411 61316.9 159.427 1369.25 90256.6
0.384 -0.384 -4.25653e-06 0.00800016 309.097 -0.116496 -0.267504 27368.8 61316.9 159.427 1369.25 90214.4
0.385 -0.385 -4.2696e-06 0.00800016 309.188 -0.116675 -0.268325 27326.9 61316.8 159.427 1369.25 90172.4
0.386 -0.386 -4.28268e-06 0.00800017 309.28 -0.116853 -0.269147 27285.1 61316.8 159.427 1369.25 90130.5
0.387 -0.387 -4.29576e-06 0.00800017 309.372 -0.117031 -0.269969 27243.4 61316.8 159.427 1369.25 90088.9
0.388 -0.388 -4.30884e-06 0.00800018 309.464 -0.117209 -0.270791 27201.9 61316.7 159.427 1369.25 90047.3
0.389 -0.389 -4.32194e-06 0.00800019 309.557 -0.117386 -0.271614 27160.6 61316.7 159.427 1369.25 90006
0.39 -0.39 -4.33503e-06 0.00800019 309.649 -0.117564 -0.272436 27119.5 61316.6 159.427 1369.25 89964.8
0.391 -0.391 -4.34813e-06 0.0080002 309.742 -0.117741 -0.273259 27078.4 61316.6 159.427 1369.25 89923.7
0.392 -0.392 -4.36123e-06 0.0080002 309.836 -0.117917 -0.274083 27037.6 61316.5 159.427 1369.25 89882.8
0.393 -0.393 -4.37434e-06 0.00800021 309.929 -0.118094 -0.274906 26996.9 61316.5 159.427 1369.25 89842.1
0.394 -0.394 -4.38746e-06 0.00800022 310.023 -0.11827 -0.27573 26956.4 61316.5 159.427 1369.25 89801.5
0.395 -0.395 -4.40057e-06 0.00800022 310.117 -0.118446 -0.276554 26916 61316.4 159.427 1369.25 89761
0.396 -0.396 -4.41369e-06 0.00800023 310.211 -0.118621 -0.277379 26875.7 61316.4 159.427 1369.25 89720.8
0.397 -0.397 -4.42682e-06 0.00800024 310.306 -0.118797 -0.278203 26835.6 61316.3 159.427 1369.25 89680.6
0.398 -0.398 -4.43995e-06 0.00800024 310.401 -0.118972 -0.279028 26795.7 61316.2 159.427 1369.25 89640.6
0.399 -0.399 -4.45309e-06 0.00800025 310.496 -0.119146 -0.279854 26755.9 61316.2 159.427 1369.25 89600.8
0.4 -0.4 -4.46622e-06 0.00800026 310.592 -0.119321 -0.280679 26716.3 61316.1 159.427 1369.25 89561.1
0.401 -0.401 -4.47937e-06 0.00800027 310.688 -0.119495 -0.281505 26676.8 61316.1 159.427 1369.25 89521.6
0.402 -0.402 -4.49252e-06 0.00800028 310.784 -0.119669 -0.282331 26637.5 61316 159.427 1369.25 89482.2
0.403 -0.403 -4.50567e-06 0.00800028 310.88 -0.119843 -0.283157 26598.3 61315.9 159.427 1369.25 89442.9
0.404 -0.404 -4.51882e-06 0.00800029 310.976 -0.120017 -0.283983 26559.2 61315.9 159.427 1369.25 89403.8
0.405 -0.405 -4.53198e-06 0.0080003 311.073 -0.12019 -0.28481 26520.3 61315.8 159.427 1369.25 89364.8
0.406 -0.406 -4.54515e-06 0.00800031 311.17 -0.120363 -0.285637 26481.6 61315.7 159.427 1369.25 89326
0.407 -0.407 -4.55832e-06 0.00800032 311.268 -0.120535 -0.286465 26443 61315.7 159.427 1369.25 89287.3
0.408 -0.408 -4.57149e-06 0.00800033 311.366 -0.120708 -0.287292 26404.5 61315.6 159.427 1369.25 89248.8
0.409 -0.409 -4.58467e-06 0.00800034 311.463 -0.12088 -0.28812 26366.2 61315.5 159.427 1369.25 89210.4
0.41 -0.41 -4.59785e-06 0.00800035 311.562 -0.121052 -0.288948 26328 61315.4 159.427 1369.25 89172.1
0.411 -0.411 -4.61104e-06 0.00800036 311.66 -0.121224 -0.289776 26289.9 61315.4 159.427 1369.25 89134
0.412 -0.412 -4.62423e-06 0.00800037 311.759 -0.121395 -0.290605 26252 61315.3 159.427 1369.25 89096
0.413 -0.413 -4.63742e-06 0.00800039 311.858 -0.121567 -0.291433 26214.3 61315.2 159.427 1369.25 89058.1
0.414 -0.414 -4.65062e-06 0.0080004 311.957 -0.121738 -0.292262 26176.6 61315.1 159.427 1369.25 89020.4
0.415 -0.415 -4.66382e-06 0.00800041 312.057 -0.121908 -0.293092 26139.1 61315 159.427 1369.25 88982.8
0.416 -0.416 -4.67703e-06 0.00800042 312.157 -0.122079 -0.293921 26101.8 61314.9 159.427 1369.25 88945.4
0.417 -0.417 -4.69024e-06 0.00800044 312.257 -0.122249 -0.294751 26064.5 61314.8 159.427 1369.25 88908
0.418 -0.418 -4.70346e-06 0.00800045 312.358 -0.122419 -0.295581 26027.5 61314.7 159.427 1369.25 88870.8
0.419 -0.419 -4.71667e-06 0.00800046 312.458 -0.122589 -0.296411 25990.5 61314.6 159.427 1369.25 88833.8
0.42 -0.42 -4.7299e-06 0.00800048 312.559 -0.122758 -0.297242 25953.7 61314.5 159.427 1369.25 88796.8
0.421 -0.421 -4.74313e-06 0.00800049 312.661 -0.122927 -0.298073 25917 61314.4 159.427 1369.25 88760
0.422 -0.422 -4.75636e-06 0.00800051 312.762 -0.123096 -0.298904 25880.4 61314.3 159.427 1369.25 88723.4
0.423 -0.423 -4.76959e-06 0.00800053 312.864 -0.123265 -0.299735 25844 61314.1 159.427 1369.25 88686.8
0.424 -0.424 -4.78283e-06 0.00800054 312.966 -0.123434 -0.300566 25807.7 61314 159.427 1369.25 88650.4
0.425 -0.425 -4.79608e-06 0.00800056 313.068 -0.123602 -0.301398 25771.5 61313.9 159.427 1369.25 88614.1
0.426 -0.426 -4.80933e-06 0.00800058 313.171 -0.12377 -0.30223 25735.5 61313.8 159.427 1369.25 88577.9
0.427 -0.427 -4.82258e-06 0.0080006 313.274 -0.123938 -0.303062 25699.5 61313.6 159.427 1369.25 88541.8
0.428 -0.428 -4.83584e-06 0.00800062 313.377 -0.124106 -0.303894 25663.7 61313.5 159.427 1369.25 88505.9
0.429 -0.429 -4.8491e-06 0.00800063 313.481 -0.124273 -0.304727 25628.1 61313.3 159.427 1369.25 88470.1
0.43 -0.43 -4.86236e-06 0.00800065 313.584 -0.12444 -0.30556 25592.5 61313.2 159.427 1369.25 88434.4
0.431 -0.431 -4.87563e-06 0.00800068 313.688 -0.124607 -0.306393 25557.1 61313 159.427 1369.25 88398.8
0.432 -0.432 -4.8889e-06 0.0080007 313.793 -0.124774 -0.307226 25521.8 61312.9 159.427 1369.25 88363.4
0.433 -0.433 -4.90218e-06 0.00800072 313.897 -0.12494 -0.30806 25486.7 61312.7 159.427 1369.25 88328
0.434 -0.434 -4.91546e-06 0.00800074 314.002 -0.125106 -0.308894 25451.6 61312.5 159.427 1369.25 88292.8
0.435 -0.435 -4.92875e-06 0.00800077 314.107 -0.125272 -0.309728 25416.7 61312.4 159.427 1369.25 88257.7
0.436 -0.436 -4.94204e-06 0.00800079 314.213 -0.125438 -0.310562 25381.9 61312.2 159.427 1369.25 88222.7
0.437 -0.437 -4.95533e-06 0.00800082 314.319 -0.125604 -0.311396 25347.2 61312 159.427 1369.25 88187.9
0.438 -0.438 -4.96863e-06 0.00800084 314.425 -0.125769 -0.312231 25312.6 61311.8 159.427 1369.25 88153.1
0.439 -0.439 -4.98193e-06 0.00800087 314.531 -0.125934 -0.313066 25278.2 61311.6 159.427 1369.25 88118.4
0.44 -0.44 -4.99524e-06 0.0080009 314.637 -0.126099 -0.313901 25243.8 61311.4 159.427 1369.25 88083.9
0.441 -0.441 -5.00855e-06 0.00800093 314.744 -0.126264 -0.314736 25209.6 61311.2 159.427 1369.25 88049.5
0.442 -0.442 -5.02186e-06 0.00800096 314.851 -0.126428 -0.315572 25175.5 61311 159.427 1369.25 88015.2
0.443 -0.443 -5.03518e-06 0.00800099 314.959 -0.126592 -0.316408 25141.5 61310.7 159.427 1369.25 87980.9
0.444 -0.444 -5.0485e-06 0.00800102 315.066 -0.126756 -0.317244 25107.7 61310.5 159.427 1369.25 87946.8
0.445 -0.445 -5.06183e-06 0.00800105 315.174 -0.12692 -0.31808 25073.9 61310.3 159.427 1369.25 87912.8
0.446 -0.446 -5.07516e-06 0.00800108 315.283 -0.127083 -0.318917 25040.3 61310 159.427 1369.25 87878.9
0.447 -0.447 -5.0885e-06 0.00800112 315.391 -0.127247 -0.319753 25006.7 61309.7 159.427 1369.25 87845.1
0.448 -0.448 -5.10184e-06 0.00800115 315.5 -0.12741 -0.32059 24973.3 61309.5 159.427 1369.25 87811.5
0.449 -0.449 -5.11518e-06 0.00800119 315.609 -0.127573 -0.321427 24940 61309.2 159.427 1369.25 87777.9
0.45 -0.45 -5.12853e-06 0.00800123 315.718 -0.127735 -0.322265 24906.8 61308.9 159.427 1369.25 87744.4
0.451 -0.451 -5.14189e-06 0.00800127 315.828 -0.127898 -0.323102 24873.7 61308.6 159.427 1369.25 87711
0.452 -0.452 -5.15524e-06 0.00800131 315.938 -0.12806 -0.32394 24840.7 61308.3 159.427 1369.25 87677.7
0.453 -0.453 -5.16861e-06 0.00800135 316.048 -0.128222 -0.324778 24807.8 61308 159.427 1369.25 87644.5
0.454 -0.454 -5.18197e-06 0.0080014 316.158 -0.128384 -0.325616 24775.1 61307.7 159.427 1369.25 87611.4
0.455 -0.455 -5.19534e-06 0.00800144 316.269 -0.128545 -0.326455 24742.4 61307.3 159.427 1369.25 87578.4
0.456 -0.456 -5.20872e-06 0.00800149 316.38 -0.128707 -0.327293 24709.8 61307 159.427 1369.25 87545.5
0.457 -0.457 -5.2221e-06 0.00800154 316.492 -0.128868 -0.328132 24677.4 61306.6 159.427 1369.25 87512.7
0.458 -0.458 -5.23548e-06 0.00800159 316.603 -0.129029 -0.328971 24645 61306.3 159.427 1369.25 87480
0.459 -0.459 -5.24887e-06 0.00800164 316.715 -0.129189 -0.329811 24612.8 61305.9 159.427 1369.25 87447.4
0.46 -0.46 -5.26227e-06 0.00800169 316.827 -0.12935 -0.33065 24580.7 61305.5 159.427 1369.25 87414.8
0.461 -0.461 -5.27566e-06 0.00800175 316.94 -0.12951 -0.33149 24548.6 61305.1 159.427 1369.25 87382.4
0.462 -0.462 -5.28907e-06 0.0080018 317.052 -0.12967 -0.33233 24516.7 61304.7 159.427 1369.25 87350
0.463 -0.463 -5.30247e-06 0.00800186 317.165 -0.12983 -0.33317 24484.8 61304.2 159.427 1369.25 87317.7
0.464 -0.464 -5.31589e-06 0.00800192 317.279 -0.12999 -0.33401 24453.1 61303.8 159.427 1369.25 87285.5
0.465 -0.465 -5.3293e-06 0.00800199 317.392 -0.130149 -0.334851 24421.4 61303.3 159.427 1369.25 87253.4
0.466 -0.466 -5.34273e-06 0.00800205 317.506 -0.130308 -0.335692 24389.9 61302.8 159.427 1369.25 87221.4
0.467 -0.467 -5.35615e-06 0.00800212 317.62 -0.130467 -0.336533 24358.4 61302.3 159.427 1369.25 87189.5
0.468 -0.468 -5.36958e-06 0.00800219 317.735 -0.130626 -0.337374 24327.1 61301.8 159.427 1369.25 87157.6
0.469 -0.469 -5.38302e-06 0.00800226 317.85 -0.130785 -0.338215 24295.8 61301.3 159.427 1369.25 87125.8
0.47 -0.47 -5.39646e-06 0.00800233 317.965 -0.130943 -0.339057 24264.6 61300.8 159.427 1369.25 87094.1
0.471 -0.471 -5.40991e-06 0.00800241 318.08 -0.131101 -0.339899 24233.6 61300.2 159.427 1369.25 87062.4
0.472 -0.472 -5.42336e-06 0.00800249 318.196 -0.131259 -0.340741 24202.6 61299.6 159.427 1369.25 87030.9
0.473 -0.473 -5.43682e-06 0.00800257 318.311 -0.131417 -0.341583 24171.7 61299 159.427 1369.25 86999.4
0.474 -0.474 -5.45028e-06 0.00800265 318.428 -0.131575 -0.342425 24140.9 61298.4 159.427 1369.25 86968
0.475 -0.475 -5.46375e-06 0.00800274 318.544 -0.131732 -0.343268 24110.2 61297.7 159.427 1369.25 86936.6
0.476 -0.476 -5.47723e-06 0.00800283 318.661 -0.131889 -0.344111 24079.6 61297.1 159.427 1369.25 86905.3
0.477 -0.477 -5.49071e-06 0.00800292 318.778 -0.132046 -0.344954 24049 61296.4 159.427 1369.25 86874.1
0.478 -0.478 -5.50419e-06 0.00800302 318.895 -0.132203 -0.345797 24018.6 61295.7 159.427 1369.25 86842.9
0.479 -0.479 -5.51768e-06 0.00800312 319.013 -0.132359 -0.346641 23988.2 61294.9 159.427 1369.25 86811.8
0.48 -0.48 -5.53118e-06 0.00800322 319.131 -0.132516 -0.347484 23957.9 61294.2 159.427 1369.25 86780.8
0.481 -0.481 -5.54468e-06 0.00800333 319.249 -0.132672 -0.348328 23927.7 61293.4 159.427 1369.25 86749.8
0.482 -0.482 -5.55819e-06 0.00800343 319.367 -0.132828 -0.349172 23897.6 61292.6 159.427 1369.25 86718.9
0.483 -0.483 -5.5717e-06 0.00800355 319.486 -0.132983 -0.350017 23867.6 61291.7 159.427 1369.25 86688
0.484 -0.484 -5.58522e-06 0.00800366 319.605 -0.133139 -0.350861 23837.7 61290.9 159.427 1369.25 86657.2
0.485 -0.485 -5.59875e-06 0.00800379 319.725 -0.133294 -0.351706 23807.8 61290 159.427 1369.25 86626.5
0.486 -0.486 -5.61229e-06 0.00800391 319.844 -0.133449 -0.352551 23778 61289.1 159.427 1369.25 86595.7
0.487 -0.487 -5.62583e-06 0.00800404 319.964 -0.133604 -0.353396 23748.3 61288.1 159.427 1369.25 86565.1
0.488 -0.488 -5.63937e-06 0.00800417 320.085 -0.133758 -0.354242 23718.7 61287.1 159.427 1369.25 86534.5
0.489 -0.489 -5.65293e-06 0.00800431 320.205 -0.133913 -0.355087 23689.1 61286.1 159.427 1369.25 86503.9
0.49 -0.49 -5.66649e-06 0.00800445 320.326 -0.134067 -0.355933 23659.6 61285 159.427 1369.25 86473.3
0.491 -0.491 -5.68005e-06 0.0080046 320.447 -0.134221 -0.356779 23630.2 61283.9 159.427 1369.25 86442.8
0.492 -0.492 -5.69363e-06 0.00800475 320.569 -0.134375 -0.357625 23600.9 61282.8 159.427 1369.25 86412.4
0.493 -0.493 -5.70721e-06 0.00800491 320.691 -0.134528 -0.358472 23571.6 61281.7 159.427 1369.25 86381.9
0.494 -0.494 -5.7208e-06 0.00800507 320.813 -0.134681 -0.359319 23542.4 61280.5 159.427 1369.25 86351.5
0.495 -0.495 -5.7344e-06 0.00800524 320.935 -0.134835 -0.360165 23513.3 61279.2 159.427 1369.25 86321.2
0.496 -0.496 -5.748e-06 0.00800541 321.058 -0.134987 -0.361013 23484.2 61277.9 159.427 1369.25 86290.8
0.497 -0.497 -5.76162e-06 0.00800559 321.181 -0.13514 -0.36186 23455.2 61276.6 159.427 1369.25 86260.5
0.498 -0.498 -5.77524e-06 0.00800578 321.304 -0.135293 -0.362707 23426.3 61275.2 159.427 1369.25 86230.2
0.499 -0.499 -5.78887e-06 0.00800597 321.428 -0.135445 -0.363555 23397.4 61273.8 159.427 1369.25 86199.9
0.5 -0.5 -5.80251e-06 0.00800617 321.552 -0.135597 -0.364403 23368.6 61272.3 159.427 1369.25 86169.6
0.501 -0.501 -5.81615e-06 0.00800637 321.676 -0.135748 -0.365252 23339.9 61270.8 159.427 1369.25 86139.4
0.502 -0.502 -5.82981e-06 0.00800659 321.8 -0.1359 -0.3661 23311.2 61269.2 159.427 1369.25 86109.1
0.503 -0.503 -5.84348e-06 0.00800681 321.925 -0.136051 -0.366949 23282.6 61267.6 159.427 1369.25 86078.9
0.504 -0.504 -5.85715e-06 0.00800703 322.05 -0.136202 -0.367798 23254 61265.9 159.427 1369.25 86048.6
0.505 -0.505 -5.87084e-06 0.00800727 322.176 -0.136353 -0.368647 23225.5 61264.2 159.427 1369.25 86018.4
0.506 -0.506 -5.88453e-06 0.00800751 322.302 -0.136504 -0.369496 23197.1 61262.4 159.427 1369.25 85988.2
0.507 -0.507 -5.89824e-06 0.00800776 322.428 -0.136654 -0.370346 23168.7 61260.6 159.427 1369.25 85957.9
0.508 -0.508 -5.91195e-06 0.00800802 322.554 -0.136804 -0.371196 23140.3 61258.6 159.427 1369.25 85927.6
0.509 -0.509 -5.92568e-06 0.00800829 322.681 -0.136954 -0.372046 23112 61256.7 159.427 1369.25 85897.3
0.51 -0.51 -5.93942e-06 0.00800856 322.808 -0.137104 -0.372896 23083.7 61254.6 159.427 1369.25 85867
0.511 -0.511 -5.95316e-06 0.00800885 322.935 -0.137253 -0.373747 23055.5 61252.5 159.427 1369.25 85836.7
0.512 -0.512 -5.96692e-06 0.00800914 323.063 -0.137403 -0.374597 23027.4 61250.3 159.427 1369.25 85806.4
0.513 -0.513 -5.9807e-06 0.00800945 323.191 -0.137551 -0.375449 22999.2 61248.1 159.427 1369.25 85776
0.514 -0.514 -5.99448e-06 0.00800977 323.32 -0.1377 -0.3763 22971.2 61245.7 159.427 1369.25 85745.5
0.515 -0.515 -6.00828e-06 0.00801009 323.448 -0.137849 -0.377151 22943.1 61243.3 159.427 1369.25 85715.1
0.516 -0.516 -6.02209e-06 0.00801043 323.577 -0.137997 -0.378003 22915.1 61240.8 159.427 1369.25 85684.6
0.517 -0.517 -6.03591e-06 0.00801078 323.707 -0.138145 -0.378855 22887.1 61238.2 159.427 1369.25 85654
0.518 -0.518 -6.04975e-06 0.00801114 323.837 -0.138292 -0.379708 22859.2 61235.5 159.427 1369.25 85623.4
0.519 -0.519 -6.0636e-06 0.00801152 323.967 -0.13844 -0.38056 22831.3 61232.8 159.427 1369.25 85592.7
0.52 -0.52 -6.07747e-06 0.0080119 324.097 -0.138587 -0.381413 22803.4 61229.9 159.427 1369.25 85562
0.521 -0.521 -6.09135e-06 0.0080123 324.228 -0.138734 -0.382266 22775.5 61227 159.427 1369.25 85531.2
0.522 -0.522 -6.10524e-06 0.00801272 324.359 -0.13888 -0.38312 22747.7 61223.9 159.427 1369.25 85500.3
0.523 -0.523 -6.11916e-06 0.00801314 324.49 -0.139026 -0.383974 22719.9 61220.8 159.427 1369.25 85469.3
0.524 -0.524 -6.13309e-06 0.00801359 324.622 -0.139172 -0.384828 22692.1 61217.5 159.427 1369.25 85438.2
0.525 -0.525 -6.14703e-06 0.00801404 324.755 -0.139318 -0.385682 22664.3 61214.1 159.427 1369.25 85407.1
0.526 -0.526 -6.16099e-06 0.00801452 324.887 -0.139464 -0.386536 22636.5 61210.6 159.427 1369.25 85375.8
0.527 -0.527 -6.17498e-06 0.008015 325.02 -0.139609 -0.387391 22608.8 61207 159.427 1369.25 85344.5
0.528 -0.528 -6.18898e-06 0.00801551 325.153 -0.139754 -0.388246 22581 61203.3 159.427 1369.25 85313
0.529 -0.529 -6.20299e-06 0.00801603 325.287 -0.139898 -0.389102 22553.3 61199.4 159.427 1369.25 85281.4
0.53 -0.53 -6.21703e-06 0.00801657 325.421 -0.140042 -0.389958 22525.6 61195.4 159.427 1369.25 85249.7
0.531 -0.531 -6.23109e-06 0.00801713 325.555 -0.140186 -0.390814 22497.8 61191.3 159.427 1369.25 85217.8
0.532 -0.532 -6.24517e-06 0.00801771 325.69 -0.14033 -0.39167 22470.1 61187 159.427 1369.25 85185.8
0.533 -0.533 -6.25927e-06 0.00801831 325.825 -0.140473 -0.392527 22442.4 61182.6 159.427 1369.25 85153.6
0.534 -0.534 -6.2734e-06 0.00801893 325.961 -0.140616 -0.393384 22414.6 61178 159.427 1369.25 85121.3
0.535 -0.535 -6.28755e-06 0.00801957 326.097 -0.140758 -0.394242 22386.9 61173.3 159.427 1369.25 85088.8
0.536 -0.536 -6.30172e-06 0.00802023 326.233 -0.140901 -0.395099 22359.1 61168.4 159.427 1369.25 85056.2
0.537 -0.537 -6.31591e-06 0.00802092 326.37 -0.141042 -0.395958 22331.3 61163.4 159.427 1369.25 85023.3
0.538 -0.538 -6.33014e-06 0.00802163 326.507 -0.141184 -0.396816 22303.5 61158.1 159.427 1369.25 84990.3
0.539 -0.539 -6.34439e-06 0.00802236 326.645 -0.141325 -0.397675 22275.6 61152.7 159.427 1369.25 84957
0.54 -0.54 -6.35866e-06 0.00802312 326.783 -0.141466 -0.398534 22247.7 61147.1 159.427 1369.25 84923.5
0.541 -0.541 -6.37296e-06 0.00802391 326.922 -0.141606 -0.399394 22219.8 61141.3 159.427 1369.25 84889.8
0.542 -0.542 -6.3873e-06 0.00802472 327.061 -0.141746 -0.400254 22191.9 61135.4 159.427 1369.25 84855.9
0.543 -0.543 -6.40166e-06 0.00802556 327.2 -0.141886 -0.401114 22163.9 61129.2 159.427 1369.25 84821.7
0.544 -0.544 -6.41606e-06 0.00802643 327.34 -0.142025 -0.401975 22135.9 61122.8 159.427 1369.25 84787.3
0.545 -0.545 -6.43048e-06 0.00802733 327.48 -0.142164 -0.402836 22107.8 61116.1 159.427 1369.25 84752.6
0.546 -0.546 -6.44494e-06 0.00802826 327.621 -0.142302 -0.403698 22079.6 61109.3 159.427 1369.25 84717.6
0.547 -0.547 -6.45944e-06 0.00802922 327.762 -0.14244 -0.40456 22051.4 61102.2 159.427 1369.25 84682.3
0.548 -0.548 -6.47397e-06 0.00803022 327.903 -0.142577 -0.405423 22023.2 61094.9 159.427 1369.25 84646.7
0.549 -0.549 -6.48853e-06 0.00803125 328.046 -0.142714 -0.406286 21994.8 61087.3 159.427 1369.25 84610.8
0.55 -0.55 -6.50314e-06 0.00803232 328.188 -0.142851 -0.407149 21966.4 61079.4 159.427 1369.25 84574.5
0.551 -0.551 -6.51779e-06 0.00803343 328.331 -0.142987 -0.408013 21937.9 61071.3 159.427 1369.25 84537.9
0.552 -0.552 -6.53247e-06 0.00803457 328.475 -0.143122 -0.408878 21909.3 61062.9 159.427 1369.25 84500.9
0.553 -0.553 -6.5472e-06 0.00803575 328.619 -0.143257 -0.409743 21880.7 61054.2 159.427 1369.25 84463.6
0.554 -0.554 -6.56197e-06 0.00803698 328.764 -0.143392 -0.410608 21851.9 61045.2 159.427 1369.25 84425.8
0.555 -0.555 -6.57679e-06 0.00803824 328.909 -0.143525 -0.411475 21823 61035.9 159.427 1369.25 84387.6
0.556 -0.556 -6.59166e-06 0.00803956 329.055 -0.143659 -0.412341 21794 61026.3 159.427 1369.25 84349
0.557 -0.557 -6.60657e-06 0.00804092 329.201 -0.143792 -0.413208 21764.9 61016.4 159.427 1369.25 84310
0.558 -0.558 -6.62154e-06 0.00804232 329.348 -0.143924 -0.414076 21735.7 61006 159.427 1369.25 84270.4
0.559 -0.559 -6.63656e-06 0.00804378 329.495 -0.144055 -0.414945 21706.4 60995.4 159.427 1369.25 84230.4
0.56 -0.56 -6.65163e-06 0.00804528 329.643 -0.144186 -0.415814 21676.9 60984.3 159.427 1369.25 84189.9
0.561 -0.561 -6.66676e-06 0.00804684 329.792 -0.144317 -0.416683 21647.2 60972.9 159.427 1369.25 84148.8
0.562 -0.562 -6.68195e-06 0.00804846 329.941 -0.144447 -0.417553 21617.4 60961.1 159.427 1369.25 84107.2
0.563 -0.563 -6.6972e-06 0.00805013 330.091 -0.144576 -0.418424 21587.5 60948.9 159.427 1369.25 84065
0.564 -0.564 -6.71251e-06 0.00805186 330.242 -0.144704 -0.419296 21557.4 60936.2 159.427 1369.25 84022.2
0.565 -0.565 -6.72788e-06 0.00805366 330.393 -0.144832 -0.420168 21527.1 60923.1 159.427 1369.25 83978.8
0.566 -0.566 -6.74333e-06 0.00805551 330.545 -0.144959 -0.421041 21496.6 60909.5 159.427 1369.25 83934.8
0.567 -0.567 -6.75885e-06 0.00805744 330.697 -0.145085 -0.421915 21465.9 60895.5 159.427 1369.25 83890.1
0.568 -0.568 -6.77443e-06 0.00805943 330.85 -0.14521 -0.42279 21435 60881 159.427 1369.25 83844.7
0.569 -0.569 -6.7901e-06 0.00806149 331.004 -0.145335 -0.423665 21403.9 60865.9 159.427 1369.25 83798.5
0.57 -0.57 -6.80584e-06 0.00806363 331.159 -0.145458 -0.424542 21372.6 60850.3 159.427 1369.25 83751.6
0.571 -0.571 -6.82166e-06 0.00806584 331.315 -0.145581 -0.425419 21341 60834.2 159.427 1369.25 83703.9
0.572 -0.572 -6.83757e-06 0.00806814 331.471 -0.145703 -0.426297 21309.2 60817.5 159.427 1369.25 83655.4
0.573 -0.573 -6.85357e-06 0.00807051 331.628 -0.145824 -0.427176 21277.1 60800.2 159.427 1369.25 83606
0.574 -0.574 -6.86966e-06 0.00807297 331.786 -0.145945 -0.428055 21244.8 60782.3 159.427 1369.25 83555.8
0.575 -0.575 -6.88584e-06 0.00807552 331.944 -0.146064 -0.428936 21212.2 60763.8 159.427 1369.25 83504.7
0.576 -0.576 -6.90213e-06 0.00807817 332.104 -0.146182 -0.429818 21179.3 60744.6 159.427 1369.25 83452.5
0.577 -0.577 -6.91851e-06 0.00808091 332.264 -0.146299 -0.430701 21146 60724.7 159.427 1369.25 83399.4
0.578 -0.578 -6.935e-06 0.00808374 332.426 -0.146415 -0.431585 21112.5 60704.1 159.427 1369.25 83345.3
0.579 -0.579 -6.95161e-06 0.00808669 332.588 -0.14653 -0.43247 21078.6 60682.8 159.427 1369.25 83290.1
0.58 -0.58 -6.96832e-06 0.00808974 332.751 -0.146644 -0.433356 21044.4 60660.7 159.427 1369.25 83233.8
0.581 -0.581 -6.98516e-06 0.0080929 332.916 -0.146757 -0.434243 21009.8 60637.9 159.427 1369.25 83176.3
0.582 -0.582 -7.00212e-06 0.00809618 333.081 -0.146868 -0.435132 20974.8 60614.2 159.427 1369.25 83117.6
0.583 -0.583 -7.01922e-06 0.00809958 333.247 -0.146978 -0.436022 20939.4 60589.6 159.427 1369.25 83057.7
0.584 -0.584 -7.03644e-06 0.00810311 333.415 -0.147087 -0.436913 20903.6 60564.2 159.427 1369.25 82996.5
0.585 -0.585 -7.05381e-06 0.00810676 333.584 -0.147195 -0.437805 20867.4 60537.8 159.427 1369.25 82933.9
0.586 -0.586 -7.07132e-06 0.00811056 333.753 -0.147301 -0.438699 20830.7 60510.5 159.427 1369.25 82869.9
0.587 -0.587 -7.08899e-06 0.00811449 333.924 -0.147405 -0.439595 20793.6 60482.2 159.427 1369.25 82804.5
0.588 -0.588 -7.10682e-06 0.00811857 334.097 -0.147508 -0.440492 20755.9 60452.9 159.427 1369.25 82737.5
0.589 -0.589 -7.12481e-06 0.00812281 334.27 -0.14761 -0.44139 20717.7 60422.5 159.427 1369.25 82668.9
0.59 -0.59 -7.14297e-06 0.00812721 334.445 -0.14771 -0.44229 20679.1 60391 159.427 1369.25 82598.7
0.591 -0.591 -7.16131e-06 0.00813177 334.621 -0.147808 -0.443192 20639.8 60358.3 159.427 1369.25 82526.8
0.592 -0.592 -7.17984e-06 0.00813651 334.799 -0.147905 -0.444095 20600 60324.4 159.427 1369.25 82453.1
0.593 -0.593 -7.19856e-06 0.00814142 334.978 -0.147999 -0.445001 20559.5 60289.3 159.427 1369.25 82377.6
0.594 -0.594 -7.21749e-06 0.00814653 335.159 -0.148092 -0.445908 20518.5 60252.9 159.427 1369.25 82300.1
0.595 -0.595 -7.23663e-06 0.00815183 335.341 -0.148183 -0.446817 20476.8 60215.1 159.427 1369.25 82220.6
0.596 -0.596 -7.25599e-06 0.00815734 335.525 -0.148272 -0.447728 20434.4 60176 159.427 1369.25 82139
0.597 -0.597 -7.27559e-06 0.00816306 335.71 -0.148358 -0.448642 20391.2 60135.3 159.427 1369.25 82055.3
0.598 -0.598 -7.29542e-06 0.00816901 335.898 -0.148443 -0.449557 20347.4 60093.2 159.427 1369.25 81969.2
0.599 -0.599 -7.31551e-06 0.00817519 336.087 -0.148525 -0.450475 20302.7 60049.4 159.427 1369.25 81880.8
0.6 -0.6 -7.33586e-06 0.00818162 336.278 -0.148605 -0.451395 20257.3 60004 159.427 1369.25 81790
0.601 -0.601 -7.35649e-06 0.0081883 336.471 -0.148682 -0.452318 20211 59956.9 159.427 1369.25 81696.6
0.602 -0.602 -7.37741e-06 0.00819524 336.667 -0.148757 -0.453243 20163.8 59908 159.427 1369.25 81600.5
0.603 -0.603 -7.39863e-06 0.00820247 336.864 -0.148829 -0.454171 20115.7 59857.2 159.427 1369.25 81501.6
0.604 -0.604 -7.42016e-06 0.00820999 337.064 -0.148898 -0.455102 20066.6 59804.5 159.427 1369.25 81399.8
0.605 -0.605 -7.44203e-06 0.00821781 337.266 -0.148964 -0.456036 20016.6 59749.7 159.427 1369.25 81295
0.606 -0.606 -7.46425e-06 0.00822595 337.47 -0.149027 -0.456973 19965.5 59692.8 159.427 1369.25 81187
0.607 -0.607 -7.48683e-06 0.00823443 337.678 -0.149087 -0.457913 19913.3 59633.7 159.427 1369.25 81075.7
0.608 -0.608 -7.50979e-06 0.00824327 337.887 -0.149144 -0.458856 19859.9 59572.3 159.427 1369.25 80960.9
0.609 -0.609 -7.53316e-06 0.00825247 338.1 -0.149197 -0.459803 19805.4 59508.5 159.427 1369.25 80842.6
0.61 -0.61 -7.55695e-06 0.00826206 338.315 -0.149247 -0.460753 19749.6 59442.1 159.427 1369.25 80720.4
0.611 -0.611 -7.58117e-06 0.00827206 338.534 -0.149293 -0.461707 19692.5 59373.2 159.427 1369.25 80594.4
0.612 -0.612 -7.60587e-06 0.00828248 338.756 -0.149334 -0.462666 19634.1 59301.4 159.427 1369.25 80464.2
0.613 -0.613 -7.63106e-06 0.00829336 338.981 -0.149372 -0.463628 19574.2 59226.7 159.427 1369.25 80329.7
0.614 -0.614 -7.65676e-06 0.00830471 339.21 -0.149405 -0.464595 19512.9 59149.1 159.427 1369.25 80190.6
0.615 -0.615 -7.683e-06 0.00831656 339.442 -0.149434 -0.465566 19450 59068.2 159.427 1369.25 80046.8
0.616 -0.616 -7.70982e-06 0.00832894 339.679 -0.149458 -0.466542 19385.4 58984 159.427 1369.25 79898.1
0.617 -0.617 -7.73724e-06 0.00834188 339.919 -0.149477 -0.467523 19319.1 58896.4 159.427 1369.25 79744.2
0.618 -0.618 -7.7653e-06 0.00835541 340.164 -0.149491 -0.468509 19251.1 58805 159.427 1369.25 79584.8
0.619 -0.619 -7.79404e-06 0.00836955 340.413 -0.149499 -0.469501 19181.1 58709.8 159.427 1369.25 79419.7
0.62 -0.62 -7.82349e-06 0.00838436 340.668 -0.149501 -0.470499 19109.2 58610.6 159.427 1369.25 79248.5
0.621 -0.621 -7.8537e-06 0.00839986 340.927 -0.149497 -0.471503 19035.2 58507.1 159.427 1369.26 79071
0.622 -0.622 -7.88471e-06 0.0084161 341.192 -0.149486 -0.472514 18959 58399.2 159.427 1369.26 78886.9
0.623 -0.623 -7.91657e-06 0.00843312 341.462 -0.149469 -0.473531 18880.5 58286.5 159.427 1369.26 78695.7
0.624 -0.624 -7.94934e-06 0.00845098 341.739 -0.149445 -0.474555 18799.6 58168.8 159.427 1369.26 78497.1
0.625 -0.625 -7.98306e-06 0.00846972 342.022 -0.149413 -0.475587 18716.2 58045.9 159.427 1369.26 78290.8
0.626 -0.626 -8.01781e-06 0.00848942 342.311 -0.149372 -0.476628 18630.1 57917.4 159.427 1369.26 78076.2
0.627 -0.627 -8.05366e-06 0.00851012 342.608 -0.149324 -0.477676 18541.1 57783.1 159.427 1369.26 77852.8
0.628 -0.628 -8.09067e-06 0.0085319 342.913 -0.149266 -0.478734 18449.1 57642.5 159.427 1369.26 77620.3
0.629 -0.629 -8.12892e-06 0.00855484 343.226 -0.149198 -0.479802 18354 57495.3 159.427 1369.26 77378
0.63 -0.63 -8.16852e-06 0.00857902 343.548 -0.149121 -0.480879 18255.6 57341.2 159.427 1369.26 77125.4
0.631 -0.631 -8.20954e-06 0.00860453 343.879 -0.149032 -0.481968 18153.5 57179.5 159.427 1369.26 76861.8
0.632 -0.632 -8.25211e-06 0.00863148 344.221 -0.148932 -0.483068 18047.7 57010 159.427 1369.26 76586.5
0.633 -0.633 -8.29634e-06 0.00865997 344.573 -0.148819 -0.484181 17938 56832 159.427 1369.26 76298.7
0.634 -0.634 -8.34236e-06 0.00869014 344.938 -0.148694 -0.485306 17823.9 56645 159.427 1369.26 75997.6
0.635 -0.635 -8.39032e-06 0.00872212 345.315 -0.148553 -0.486447 17705.3 56448.4 159.427 1369.26 75682.4
0.636 -0.636 -8.44039e-06 0.00875608 345.705 -0.148398 -0.487602 17581.9 56241.4 159.427 1369.26 75352
0.637 -0.637 -8.49273e-06 0.00879218 346.111 -0.148226 -0.488774 17453.3 56023.3 159.427 1369.26 75005.3
0.638 -0.638 -8.54757e-06 0.00883063 346.533 -0.148036 -0.489964 17319.1 55793.3 159.427 1369.26 74641.1
0.639 -0.639 -8.60514e-06 0.00887166 346.973 -0.147827 -0.491173 17179 55550.3 159.427 1369.26 74258
0.64 -0.64 -8.66568e-06 0.00891553 347.432 -0.147598 -0.492402 17032.4 55293.4 159.427 1369.26 73854.5
0.641 -0.641 -8.72952e-06 0.00896252 347.913 -0.147345 -0.493655 16879 55021.4 159.427 1369.26 73429
0.642 -0.642 -8.79699e-06 0.009013 348.417 -0.147068 -0.494932 16718 54732.8 159.427 1369.26 72979.5
0.643 -0.643 -8.86849e-06 0.00906734 348.947 -0.146763 -0.496237 16548.9 54426.3 159.427 1369.26 72503.9
0.644 -0.644 -8.94448e-06 0.00912602 349.507 -0.146429 -0.497571 16370.9 54100.1 159.427 1369.26 71999.7
0.645 -0.645 -9.02549e-06 0.00918959 350.099 -0.146062 -0.498938 16183.3 53752.3 159.427 1369.26 71464.2
0.646 -0.646 -9.11218e-06 0.00925869 350.728 -0.145658 -0.500342 15985 53380.5 159.427 1369.26 70894.2
0.647 -0.647 -9.20527e-06 0.0093341 351.398 -0.145214 -0.501786 15775.1 52982.1 159.427 1369.26 70285.8
0.648 -0.648 -9.30569e-06 0.00941678 352.115 -0.144723 -0.503277 15552.1 52554 159.427 1369.26 69634.8
0.649 -0.649 -9.41451e-06 0.00950786 352.887 -0.144182 -0.504818 15314.8 52092.6 159.427 1369.26 68936.1
0.65 -0.65 -9.53309e-06 0.0096088 353.721 -0.143581 -0.506419 15061.3 51593.5 159.427 1369.26 68183.6
0.651 -0.651 -9.66307e-06 0.00972139 354.628 -0.142913 -0.508087 14789.7 51051.6 159.427 1369.26 67369.9
0.652 -0.652 -9.80654e-06 0.00984796 355.622 -0.142168 -0.509832 14497.3 50460.3 159.427 1369.26 66486.3
0.653 -0.653 -9.96617e-06 0.0099915 356.719 -0.141332 -0.511668 14181.2 49811.8 159.427 1369.26 65521.6
0.654 -0.654 -1.01454e-05 0.0101561 357.942 -0.140388 -0.513612 13837.6 49096.2 159.427 1369.26 64462.4
0.655 -0.655 -1.0349e-05 0.0103471 359.319 -0.139316 -0.515684 13461.8 48300.7 159.427 1369.26 63291.1
0.656 -0.656 -1.05832e-05 0.0105725 360.892 -0.138086 -0.517914 13047.7 47408.7 159.427 1369.26 61985.1
0.657 -0.657 -1.08569e-05 0.0108435 362.716 -0.136661 -0.520339 12587.5 46398.2 159.427 1369.27 60514.4
0.658 -0.658 -1.11833e-05 0.0111775 364.874 -0.134987 -0.523013 12070.4 45238.6 159.427 1369.27 58837.8
0.659 -0.659 -1.15823e-05 0.0116028 367.49 -0.132987 -0.526013 11481.9 43886.7 159.427 1369.27 56897.3
0.66 -0.66 -1.20862e-05 0.0121683 370.769 -0.130542 -0.529458 10800.9 42278.1 159.427 1369.27 54607.8
0.661 -0.661 -1.27511e-05 0.0129676 375.059 -0.127466 -0.533534 9996.43 40313.4 159.427 1369.27 51838.5
0.662 -0.662 -1.36841e-05 0.0142049 381.025 -0.123434 -0.538566 9020.23 37828.4 159.427 1369.28 48377.3
0.663 -0.663 -1.51172e-05 0.016416 390.098 -0.11784 -0.54516 7795.08 34533.5 159.427 1369.29 43857.2
0.664 -0.664 -1.76558e-05 0.0214843 405.966 -0.109416 -0.554584 6197.17 29882.1 159.427 1369.3 37608
0.665 -0.665 -2.33892e-05 11.6026 675.345 -0.627541 -0.0374585 26830.4 42.3008 159.427 1399.81 28432
0.666 -0.666 -0.000408745 15.6945 659.802 -0.0156542 -0.650346 38.2983 31.2668 159.427 1400.39 1629.38
0.667 -0.667 -0.000412612 17.9128 654.774 -0.0119884 -0.655012 29.0549 27.3948 159.427 1400.66 1616.53
0.668 -0.668 -0.000414388 19.1191 653.043 -0.0108143 -0.657186 26.0972 25.6657 159.427 1400.83 1612.02
0.669 -0.669 -0.000415519 19.6716 652.904 -0.0102682 -0.658732 24.7119 24.9433 159.427 1400.95 1610.04
0.67 -0.67 -0.000416341 19.8891 653.495 -0.0100329 -0.659967 24.0977 24.6738 159.427 1401.06 1609.26
0.671 -0.671 -0.000417025 19.9661 654.364 -0.00994956 -0.66105 23.8584 24.5757 159.427 1401.15 1609.01
0.672 -0.672 -0.000417654 19.9914 655.34 -0.00992815 -0.662072 23.7712 24.5421 159.427 1401.25 1608.99
0.673 -0.673 -0.000418263 20 656.354 -0.00992668 -0.663073 23.7331 24.5377 159.427 1401.34 1609.04
0.674 -0.674 -0.000418865 20 657.37 -0.009938 -0.664062 23.726 24.5272 159.427 1401.43 1609.11
0.675 -0.675 -0.000419463 20 658.404 -0.0099503 -0.66505 23.7215 24.5272 159.427 1401.52 1609.2
0.676 -0.676 -0.000420062 20 659.44 -0.00996266 -0.666037 23.7171 24.5272 159.427 1401.62 1609.29
0.677 -0.677 -0.00042066 20 660.477 -0.00997503 -0.667025 23.7128 24.5272 159.427 1401.71 1609.38
0.678 -0.678 -0.000421258 20 661.515 -0.0099874 -0.668013 23.7085 24.5272 159.427 1401.8 1609.46
0.679 -0.679 -0.000421857 20 662.555 -0.00999978 -0.669 23.7042 24.5272 159.427 1401.89 1609.55
0.68 -0.68 -0.000422455 20 663.596 -0.0100122 -0.669988 23.7 24.5272 159.427 1401.99 1609.64
0.681 -0.681 -0.000423053 20 664.638 -0.0100245 -0.670975 23.6957 24.5272 159.427 1402.08 1609.73
0.682 -0.682 -0.000423651 20 665.682 -0.0100369 -0.671963 23.6916 24.5272 159.427 1402.17 1609.82
0.683 -0.683 -0.000424248 20 666.727 -0.0100493 -0.672951 23.6874 24.5272 159.427 1402.26 1609.91
0.684 -0.684 -0.000424846 20 667.773 -0.0100617 -0.673938 23.6833 24.5272 159.427 1402.36 1610
0.685 -0.685 -0.000425444 20 668.821 -0.0100741 -0.674926 23.6791 24.5272 159.427 1402.45 1610.08
0.686 -0.686 -0.000426041 20 669.87 -0.0100866 -0.675913 23.6751 24.5272 159.427 1402.54 1610.17
0.687 -0.687 -0.000426638 20 670.92 -0.010099 -0.676901 23.671 24.5272 159.427 1402.64 1610.26
0.688 -0.688 -0.000427236 20 671.972 -0.0101114 -0.677889 23.667 24.5272 159.427 1402.73 1610.35
0.689 -0.689 -0.000427833 20 673.024 -0.0101238 -0.678876 23.663 24.5272 159.427 1402.83 1610.44
0.69 -0.69 -0.00042843 20 674.079 -0.0101362 -0.679864 23.6591 24.5272 159.427 1402.92 1610.53
0.691 -0.691 -0.000429027 20 675.134 -0.0101487 -0.680851 23.6551 24.5272 159.427 1403.01 1610.62
0.692 -0.692 -0.000429624 20 676.191 -0.0101611 -0.681839 23.6512 24.5272 159.427 1403.11 1610.71
0.693 -0.693 -0.00043022 20 677.249 -0.0101736 -0.682826 23.6473 24.5272 159.427 1403.2 1610.8
0.694 -0.694 -0.000430817 20 678.308 -0.010186 -0.683814 23.6435 24.5272 159.427 1403.3 1610.89
0.695 -0.695 -0.000431414 20 679.369 -0.0101985 -0.684802 23.6397 24.5272 159.427 1403.39 1610.98
0.696 -0.696 -0.00043201 20 680.431 -0.0102109 -0.685789 23.6359 24.5272 159.427 1403.48 1611.07
0.697 -0.697 -0.000432606 20 681.494 -0.0102234 -0.686777 23.6321 24.5272 159.427 1403.58 1611.16
0.698 -0.698 -0.000433202 20 682.559 -0.0102359 -0.687764 23.6284 24.5272 159.427 1403.67 1611.26
0.699 -0.699 -0.000433799 20 683.624 -0.0102484 -0.688752 23.6247 24.5272 159.427 1403.77 1611.35
0.7 -0.7 -0.000434395 20 684.692 -0.0102608 -0.689739 23.621 24.5272 159.427 1403.86 1611.44
0.701 -0.701 -0.00043499 20 685.76 -0.0102733 -0.690727 23.6174 24.5272 159.427 1403.96 1611.53
0.702 -0.702 -0.000435586 20 686.83 -0.0102858 -0.691714 23.6137 24.5272 159.427 1404.05 1611.62
0.703 -0.703 -0.000436182 20 687.901 -0.0102983 -0.692702 23.6101 24.5272 159.427 1404.15 1611.71
0.704 -0.704 -0.000436777 20 688.973 -0.0103108 -0.693689 23.6066 24.5272 159.427 1404.24 1611.8
0.705 -0.705 -0.000437373 20 690.047 -0.0103233 -0.694677 23.603 24.5272 159.427 1404.34 1611.9
0.706 -0.706 -0.000437968 20 691.122 -0.0103358 -0.695664 23.5995 24.5272 159.427 1404.43 1611.99
0.707 -0.707 -0.000438564 20 692.198 -0.0103484 -0.696652 23.596 24.5272 159.427 1404.53 1612.08
0.708 -0.708 -0.000439159 20 693.276 -0.0103609 -0.697639 23.5926 24.5272 159.427 1404.63 1612.17
0.709 -0.709 -0.000439754 20 694.354 -0.0103734 -0.698627 23.5892 24.5272 159.427 1404.72 1612.27
0.71 -0.71 -0.000440349 20 695.434 -0.010386 -0.699614 23.5858 24.5272 159.427 1404.82 1612.36
0.711 -0.711 -0.000440944 20 696.516 -0.0103985 -0.700601 23.5824 24.5272 159.427 1404.91 1612.45
0.712 -0.712 -0.000441538 20 697.599 -0.0104111 -0.701589 23.579 24.5272 159.427 1405.01 1612.54
0.713 -0.713 -0.000442133 20 698.683 -0.0104236 -0.702576 23.5757 24.5272 159.427 1405.11 1612.64
0.714 -0.714 -0.000442727 20 699.768 -0.0104362 -0.703564 23.5724 24.5272 159.427 1405.2 1612.73
0.715 -0.715 -0.000443322 20 700.854 -0.0104487 -0.704551 23.5692 24.5272 159.427 1405.3 1612.82
0.716 -0.716 -0.000443916 20 701.942 -0.0104613 -0.705539 23.5659 24.5272 159.427 1405.4 1612.92
0.717 -0.717 -0.00044451 20 703.031 -0.0104739 -0.706526 23.5627 24.5272 159.427 1405.49 1613.01
0.718 -0.718 -0.000445104 20 704.122 -0.0104865 -0.707514 23.5595 24.5272 159.427 1405.59 1613.1
0.719 -0.719 -0.000445698 20 705.214 -0.010499 -0.708501 23.5564 24.5272 159.427 1405.69 1613.2
0.72 -0.72 -0.000446292 20 706.307 -0.0105116 -0.709488 23.5533 24.5272 159.427 1405.79 1613.29
0.721 -0.721 -0.000446886 20 707.401 -0.0105242 -0.710476 23.5501 24.5272 159.427 1405.88 1613.39
0.722 -0.722 -0.00044748 20 708.496 -0.0105368 -0.711463 23.5471 24.5272 159.427 1405.98 1613.48
0.723 -0.723 -0.000448073 20 709.593 -0.0105494 -0.712451 23.544 24.5272 159.427 1406.08 1613.58
0.724 -0.724 -0.000448667 20 710.691 -0.0105621 -0.713438 23.541 24.5272 159.427 1406.18 1613.67
0.725 -0.725 -0.00044926 20 711.791 -0.0105747 -0.714425 23.538 24.5272 159.427 1406.27 1613.77
0.726 -0.726 -0.000449853 20 712.891 -0.0105873 -0.715413 23.535 24.5272 159.427 1406.37 1613.86
0.727 -0.727 -0.000450446 20 713.993 -0.0105999 -0.7164 23.5321 24.5272 159.427 1406.47 1613.96
0.728 -0.728 -0.000451039 20 715.097 -0.0106126 -0.717387 23.5292 24.5272 159.427 1406.57 1614.05
0.729 -0.729 -0.000451632 20 716.201 -0.0106252 -0.718375 23.5263 24.5272 159.427 1406.67 1614.15
0.73 -0.73 -0.000452225 20 717.307 -0.0106379 -0.719362 23.5234 24.5272 159.427 1406.76 1614.24
0.731 -0.731 -0.000452818 20 718.414 -0.0106505 -0.720349 23.5206 24.5272 159.427 1406.86 1614.34
0.732 -0.732 -0.00045341 20 719.522 -0.0106632 -0.721337 23.5178 24.5272 159.427 1406.96 1614.43
0.733 -0.733 -0.000454003 20 720.632 -0.0106759 -0.722324 23.515 24.5272 159.427 1407.06 1614.53
0.734 -0.734 -0.000454595 20 721.743 -0.0106885 -0.723311 23.5122 24.5272 159.427 1407.16 1614.62
0.735 -0.735 -0.000455187 20 722.855 -0.0107012 -0.724299 23.5095 24.5272 159.427 1407.26 1614.72
0.736 -0.736 -0.000455779 20 723.969 -0.0107139 -0.725286 23.5068 24.5272 159.427 1407.36 1614.82
0.737 -0.737 -0.000456371 20 725.083 -0.0107266 -0.726273 23.5041 24.5272 159.427 1407.45 1614.91
0.738 -0.738 -0.000456963 20 726.199 -0.0107393 -0.727261 23.5014 24.5272 159.427 1407.55 1615.01
0.739 -0.739 -0.000457555 20 727.317 -0.010752 -0.728248 23.4988 24.5272 159.427 1407.65 1615.11
0.74 -0.74 -0.000458147 20 728.435 -0.0107647 -0.729235 23.4962 24.5272 159.427 1407.75 1615.2
0.741 -0.741 -0.000458738 20 729.555 -0.0107774 -0.730223 23.4936 24.5272 159.427 1407.85 1615.3
0.742 -0.742 -0.00045933 20 730.676 -0.0107902 -0.73121 23.4911 24.5272 159.427 1407.95 1615.4
0.743 -0.743 -0.000459921 20 731.798 -0.0108029 -0.732197 23.4886 24.5272 159.427 1408.05 1615.49
0.744 -0.744 -0.000460512 20 732.922 -0.0108156 -0.733184 23.4861 24.5272 159.427 1408.15 1615.59
0.745 -0.745 -0.000461104 20 734.047 -0.0108284 -0.734172 23.4836 24.5272 159.427 1408.25 1615.69
0.746 -0.746 -0.000461695 20 735.173 -0.0108411 -0.735159 23.4811 24.5272 159.427 1408.35 1615.79
0.747 -0.747 -0.000462286 20 736.301 -0.0108539 -0.736146 23.4787 24.5272 159.427 1408.45 1615.88
0.748 -0.748 -0.000462876 20 737.429 -0.0108666 -0.737133 23.4763 24.5272 159.427 1408.55 1615.98
0.749 -0.749 -0.000463467 20 738.559 -0.0108794 -0.738121 23.4739 24.5272 159.427 1408.65 1616.08
0.75 -0.75 -0.000464058 20 739.69 -0.0108922 -0.739108 23.4716 24.5272 159.427 1408.75 1616.18
0.751 -0.751 -0.000464648 20 740.823 -0.0109049 -0.740095 23.4693 24.5272 159.427 1408.85 1616.28
0.752 -0.752 -0.000465239 20 741.957 -0.0109177 -0.741082 23.467 24.5272 159.427 1408.95 1616.37
0.753 -0.753 -0.000465829 20 743.092 -0.0109305 -0.742069 23.4647 24.5272 159.427 1409.05 1616.47
0.754 -0.754 -0.000466419 20 744.228 -0.0109433 -0.743057 23.4624 24.5272 159.427 1409.16 1616.57
0.755 -0.755 -0.000467009 20 745.365 -0.0109561 -0.744044 23.4602 24.5272 159.427 1409.26 1616.67
0.756 -0.756 -0.000467599 20 746.504 -0.0109689 -0.745031 23.458 24.5272 159.427 1409.36 1616.77
0.757 -0.757 -0.000468189 20 747.644 -0.0109818 -0.746018 23.4558 24.5272 159.427 1409.46 1616.87
0.758 -0.758 -0.000468779 20 748.786 -0.0109946 -0.747005 23.4537 24.5272 159.427 1409.56 1616.97
0.759 -0.759 -0.000469368 20 749.928 -0.0110074 -0.747993 23.4516 24.5272 159.427 1409.66 1617.07
0.76 -0.76 -0.000469958 20 751.072 -0.0110203 -0.74898 23.4495 24.5272 159.427 1409.76 1617.17
0.761 -0.761 -0.000470547 20 752.217 -0.0110331 -0.749967 23.4474 24.5272 159.427 1409.87 1617.27
0.762 -0.762 -0.000471136 20 753.363 -0.011046 -0.750954 23.4454 24.5272 159.427 1409.97 1617.37
0.763 -0.763 -0.000471725 20 754.511 -0.0110588 -0.751941 23.4433 24.5272 159.427 1410.07 1617.47
0.764 -0.764 -0.000472314 20 755.66 -0.0110717 -0.752928 23.4413 24.5272 159.427 1410.17 1617.57
0.765 -0.765 -0.000472903 20 756.81 -0.0110846 -0.753915 23.4394 24.5272 159.427 1410.27 1617.67
0.766 -0.766 -0.000473492 20 757.961 -0.0110974 -0.754903 23.4374 24.5272 159.427 1410.38 1617.77
0.767 -0.767 -0.000474081 20 759.114 -0.0111103 -0.75589 23.4355 24.5272 159.427 1410.48 1617.87
0.768 -0.768 -0.00047467 20 760.268 -0.0111232 -0.756877 23.4336 24.5272 159.427 1410.58 1617.97
0.769 -0.769 -0.000475258 20 761.423 -0.0111361 -0.757864 23.4317 24.5272 159.427 1410.68 1618.07
0.77 -0.77 -0.000475846 20 762.579 -0.011149 -0.758851 23.4299 24.5272 159.427 1410.79 1618.17
0.771 -0.771 -0.000476435 20 763.737 -0.0111619 -0.759838 23.428 24.5272 159.427 1410.89 1618.27
0.772 -0.772 -0.000477023 20 764.896 -0.0111748 -0.760825 23.4262 24.5272 159.427 1410.99 1618.37
0.773 -0.773 -0.000477611 20 766.056 -0.0111878 -0.761812 23.4244 24.5272 159.427 1411.09 1618.47
0.774 -0.774 -0.000478199 20 767.217 -0.0112007 -0.762799 23.4227 24.5272 159.427 1411.2 1618.57
0.775 -0.775 -0.000478787 20 768.38 -0.0112136 -0.763786 23.421 24.5272 159.427 1411.3 1618.68
0.776 -0.776 -0.000479374 20 769.543 -0.0112266 -0.764773 23.4193 24.5272 159.427 1411.4 1618.78
0.777 -0.777 -0.000479962 20 770.709 -0.0112395 -0.76576 23.4176 24.5272 159.427 1411.51 1618.88
0.778 -0.778 -0.000480549 20 771.875 -0.0112525 -0.766747 23.4159 24.5272 159.427 1411.61 1618.98
0.779 -0.779 -0.000481137 20 773.042 -0.0112655 -0.767735 23.4143 24.5272 159.427 1411.71 1619.08
0.78 -0.78 -0.000481724 20 774.211 -0.0112784 -0.768722 23.4127 24.5272 159.427 1411.82 1619.18
0.781 -0.781 -0.000482311 20 775.381 -0.0112914 -0.769709 23.4111 24.5272 159.427 1411.92 1619.29
0.782 -0.782 -0.000482898 20 776.553 -0.0113044 -0.770696 23.4095 24.5272 159.427 1412.03 1619.39
0.783 -0.783 -0.000483485 20 777.725 -0.0113174 -0.771683 23.408 24.5272 159.427 1412.13 1619.49
0.784 -0.784 -0.000484072 20 778.899 -0.0113304 -0.77267 23.4065 24.5272 159.427 1412.23 1619.59
0.785 -0.785 -0.000484658 20 780.074 -0.0113434 -0.773657 23.405 24.5272 159.427 1412.34 1619.7
0.786 -0.786 -0.000485245 20 781.25 -0.0113564 -0.774644 23.4035 24.5272 159.427 1412.44 1619.8
0.787 -0.787 -0.000485831 20 782.428 -0.0113695 -0.775631 23.4021 24.5272 159.427 1412.55 1619.9
0.788 -0.788 -0.000486418 20 783.606 -0.0113825 -0.776618 23.4007 24.5272 159.427 1412.65 1620.01
0.789 -0.789 -0.000487004 20 784.786 -0.0113955 -0.777604 23.3993 24.5272 159.427 1412.76 1620.11
0.79 -0.79 -0.00048759 20 785.967 -0.0114086 -0.778591 23.3979 24.5272 159.427 1412.86 1620.21
0.791 -0.791 -0.000488176 20 787.15 -0.0114216 -0.779578 23.3965 24.5272 159.427 1412.97 1620.32
0.792 -0.792 -0.000488762 20 788.334 -0.0114347 -0.780565 23.3952 24.5272 159.427 1413.07 1620.42
0.793 -0.793 -0.000489348 20 789.518 -0.0114478 -0.781552 23.3939 24.5272 159.427 1413.18 1620.52
0.794 -0.794 -0.000489933 20 790.705 -0.0114608 -0.782539 23.3926 24.5272 159.427 1413.28 1620.63
0.795 -0.795 -0.000490519 20 791.892 -0.0114739 -0.783526 23.3914 24.5272 159.427 1413.39 1620.73
0.796 -0.796 -0.000491104 20 793.08 -0.011487 -0.784513 23.3902 24.5272 159.427 1413.49 1620.84
0.797 -0.797 -0.00049169 20 794.27 -0.0115001 -0.7855 23.3889 24.5272 159.427 1413.6 1620.94
0.798 -0.798 -0.000492275 20 795.461 -0.0115132 -0.786487 23.3878 24.5272 159.427 1413.7 1621.05
0.799 -0.799 -0.00049286 20 796.654 -0.0115263 -0.787474 23.3866 24.5272 159.427 1413.81 1621.15
0.8 -0.8 -0.000493445 20 797.847 -0.0115394 -0.788461 23.3855 24.5272 159.427 1413.91 1621.25
0.801 -0.801 -0.00049403 20 799.042 -0.0115526 -0.789447 23.3843 24.5272 159.427 1414.02 1621.36
0.802 -0.802 -0.000494615 20 800.238 -0.0115657 -0.790434 23.3833 24.5272 159.427 1414.13 1621.46
0.803 -0.803 -0.000495199 20 801.435 -0.0115788 -0.791421 23.3822 24.5272 159.427 1414.23 1621.57
0.804 -0.804 -0.000495784 20 802.633 -0.011592 -0.792408 23.3811 24.5272 159.427 1414.34 1621.67
0.805 -0.805 -0.000496368 20 803.833 -0.0116052 -0.793395 23.3801 24.5272 159.427 1414.45 1621.78
0.806 -0.806 -0.000496952 20 805.034 -0.0116183 -0.794382 23.3791 24.5272 159.427 1414.55 1621.89
0.807 -0.807 -0.000497537 20 806.236 -0.0116315 -0.795369 23.3782 24.5272 159.427 1414.66 1621.99
0.808 -0.808 -0.000498121 20 807.439 -0.0116447 -0.796355 23.3772 24.5272 159.427 1414.77 1622.1
0.809 -0.809 -0.000498705 20 808.644 -0.0116579 -0.797342 23.3763 24.5272 159.427 1414.87 1622.2
0.81 -0.81 -0.000499288 20 809.85 -0.0116711 -0.798329 23.3754 24.5272 159.427 1414.98 1622.31
0.811 -0.811 -0.000499872 20 811.057 -0.0116843 -0.799316 23.3745 24.5272 159.427 1415.09 1622.41
0.812 -0.812 -0.000500456 20 812.265 -0.0116975 -0.800303 23.3736 24.5272 159.427 1415.19 1622.52
0.813 -0.813 -0.000501039 20 813.474 -0.0117107 -0.801289 23.3728 24.5272 159.427 1415.3 1622.63
0.814 -0.814 -0.000501623 20 814.685 -0.0117239 -0.802276 23.372 24.5272 159.427 1415.41 1622.73
0.815 -0.815 -0.000502206 20 815.897 -0.0117371 -0.803263 23.3712 24.5272 159.427 1415.52 1622.84
0.816 -0.816 -0.000502789 20 817.11 -0.0117504 -0.80425 23.3704 24.5272 159.427 1415.62 1622.95
0.817 -0.817 -0.000503372 20 818.324 -0.0117636 -0.805236 23.3697 24.5272 159.427 1415.73 1623.05
0.818 -0.818 -0.000503955 20 819.54 -0.0117769 -0.806223 23.3689 24.5272 159.427 1415.84 1623.16
0.819 -0.819 -0.000504538 20 820.756 -0.0117902 -0.80721 23.3682 24.5272 159.427 1415.95 1623.27
0.82 -0.82 -0.00050512 20 821.974 -0.0118034 -0.808197 23.3676 24.5272 159.427 1416.05 1623.38
0.821 -0.821 -0.000505703 20 823.193 -0.0118167 -0.809183 23.3669 24.5272 159.427 1416.16 1623.48
0.822 -0.822 -0.000506285 20 824.414 -0.01183 -0.81017 23.3663 24.5272 159.427 1416.27 1623.59
0.823 -0.823 -0.000506868 20 825.635 -0.0118433 -0.811157 23.3657 24.5272 159.427 1416.38 1623.7
0.824 -0.824 -0.00050745 20 826.858 -0.0118566 -0.812143 23.3651 24.5272 159.427 1416.49 1623.81
0.825 -0.825 -0.000508032 20 828.082 -0.0118699 -0.81313 23.3645 24.5272 159.427 1416.59 1623.91
0.826 -0.826 -0.000508614 20 829.307 -0.0118832 -0.814117 23.364 24.5272 159.427 1416.7 1624.02
0.827 -0.827 -0.000509196 20 830.534 -0.0118966 -0.815103 23.3635 24.5272 159.427 1416.81 1624.13
0.828 -0.828 -0.000509777 20 831.761 -0.0119099 -0.81609 23.363 24.5272 159.427 1416.92 1624.24
0.829 -0.829 -0.000510359 20 832.99 -0.0119233 -0.817077 23.3625 24.5272 159.427 1417.03 1624.35
0.83 -0.83 -0.000510941 20 834.22 -0.0119366 -0.818063 23.362 24.5272 159.427 1417.14 1624.45
0.831 -0.831 -0.000511522 20 835.452 -0.01195 -0.81905 23.3616 24.5272 159.427 1417.25 1624.56
0.832 -0.832 -0.000512103 20 836.684 -0.0119633 -0.820037 23.3612 24.5272 159.427 1417.36 1624.67
0.833 -0.833 -0.000512684 20 837.918 -0.0119767 -0.821023 23.3608 24.5272 159.427 1417.47 1624.78
0.834 -0.834 -0.000513265 20 839.153 -0.0119901 -0.82201 23.3604 24.5272 159.427 1417.58 1624.89
0.835 -0.835 -0.000513846 20 840.389 -0.0120035 -0.822996 23.3601 24.5272 159.427 1417.69 1625
0.836 -0.836 -0.000514427 20 841.626 -0.0120169 -0.823983 23.3598 24.5272 159.427 1417.79 1625.11
0.837 -0.837 -0.000515008 20 842.864 -0.0120303 -0.82497 23.3595 24.5272 159.427 1417.9 1625.22
0.838 -0.838 -0.000515588 20 844.104 -0.0120437 -0.825956 23.3592 24.5272 159.427 1418.01 1625.33
0.839 -0.839 -0.000516169 20 845.345 -0.0120572 -0.826943 23.359 24.5272 159.427 1418.12 1625.44
0.84 -0.84 -0.000516749 20 846.587 -0.0120706 -0.827929 23.3587 24.5272 159.427 1418.23 1625.55
0.841 -0.841 -0.000517329 20 847.83 -0.012084 -0.828916 23.3585 24.5272 159.427 1418.34 1625.66
0.842 -0.842 -0.000517909 20 849.075 -0.0120975 -0.829902 23.3583 24.5272 159.427 1418.45 1625.77
0.843 -0.843 -0.000518489 20 850.321 -0.012111 -0.830889 23.3582 24.5272 159.427 1418.56 1625.88
0.844 -0.844 -0.000519069 20 851.567 -0.0121244 -0.831876 23.358 24.5272 159.427 1418.67 1625.99
0.845 -0.845 -0.000519649 20 852.815 -0.0121379 -0.832862 23.3579 24.5272 159.427 1418.79 1626.1
0.846 -0.846 -0.000520229 20 854.065 -0.0121514 -0.833849 23.3578 24.5272 159.427 1418.9 1626.21
0.847 -0.847 -0.000520808 20 855.315 -0.0121649 -0.834835 23.3577 24.5272 159.427 1419.01 1626.32
0.848 -0.848 -0.000521388 20 856.567 -0.0121784 -0.835822 23.3577 24.5272 159.427 1419.12 1626.43
0.849 -0.849 -0.000521967 20 857.82 -0.0121919 -0.836808 23.3576 24.5272 159.427 1419.23 1626.54
0.85 -0.85 -0.000522546 20 859.074 -0.0122054 -0.837795 23.3576 24.5272 159.427 1419.34 1626.65
0.851 -0.851 -0.000523125 20 860.329 -0.012219 -0.838781 23.3576 24.5272 159.427 1419.45 1626.76
0.852 -0.852 -0.000523704 20 861.586 -0.0122325 -0.839767 23.3577 24.5272 159.427 1419.56 1626.87
0.853 -0.853 -0.000524283 20 862.843 -0.0122461 -0.840754 23.3577 24.5272 159.427 1419.67 1626.98
0.854 -0.854 -0.000524861 20 864.102 -0.0122596 -0.84174 23.3578 24.5272 159.427 1419.78 1627.1
0.855 -0.855 -0.00052544 20 865.362 -0.0122732 -0.842727 23.3579 24.5272 159.427 1419.9 1627.21
0.856 -0.856 -0.000526018 20 866.623 -0.0122868 -0.843713 23.358 24.5272 159.427 1420.01 1627.32
0.857 -0.857 -0.000526597 20 867.886 -0.0123003 -0.8447 23.3582 24.5272 159.427 1420.12 1627.43
0.858 -0.858 -0.000527175 20 869.149 -0.0123139 -0.845686 23.3583 24.5272 159.427 1420.23 1627.54
0.859 -0.859 -0.000527753 20 870.414 -0.0123275 -0.846672 23.3585 24.5272 159.427 1420.34 1627.66
0.86 -0.86 -0.000528331 20 871.68 -0.0123411 -0.847659 23.3587 24.5272 159.427 1420.45 1627.77
0.861 -0.861 -0.000528909 20 872.947 -0.0123548 -0.848645 23.3589 24.5272 159.427 1420.57 1627.88
0.862 -0.862 -0.000529487 20 874.216 -0.0123684 -0.849632 23.3592 24.5272 159.427 1420.68 1627.99
0.863 -0.863 -0.000530064 20 875.485 -0.012382 -0.850618 23.3595 24.5272 159.427 1420.79 1628.1
0.864 -0.864 -0.000530642 20 876.756 -0.0123957 -0.851604 23.3598 24.5272 159.427 1420.9 1628.22
0.865 -0.865 -0.000531219 20 878.028 -0.0124093 -0.852591 23.3601 24.5272 159.427 1421.02 1628.33
0.866 -0.866 -0.000531796 20 879.301 -0.012423 -0.853577 23.3604 24.5272 159.427 1421.13 1628.44
0.867 -0.867 -0.000532373 20 880.575 -0.0124367 -0.854563 23.3608 24.5272 159.427 1421.24 1628.56
0.868 -0.868 -0.00053295 20 881.85 -0.0124503 -0.85555 23.3611 24.5272 159.427 1421.35 1628.67
0.869 -0.869 -0.000533527 20 883.127 -0.012464 -0.856536 23.3615 24.5272 159.427 1421.47 1628.78
0.87 -0.87 -0.000534104 20 884.405 -0.0124777 -0.857522 23.362 24.5272 159.427 1421.58 1628.9
0.871 -0.871 -0.000534681 20 885.684 -0.0124914 -0.858509 23.3624 24.5272 159.427 1421.69 1629.01
0.872 -0.872 -0.000535257 20 886.964 -0.0125051 -0.859495 23.3629 24.5272 159.427 1421.81 1629.12
0.873 -0.873 -0.000535834 20 888.245 -0.0125189 -0.860481 23.3634 24.5272 159.427 1421.92 1629.24
0.874 -0.874 -0.00053641 20 889.528 -0.0125326 -0.861467 23.3639 24.5272 159.427 1422.03 1629.35
0.875 -0.875 -0.000536986 20 890.812 -0.0125464 -0.862454 23.3644 24.5272 159.427 1422.15 1629.46
0.876 -0.876 -0.000537562 20 892.097 -0.0125601 -0.86344 23.3649 24.5272 159.427 1422.26 1629.58
0.877 -0.877 -0.000538138 20 893.383 -0.0125739 -0.864426 23.3655 24.5272 159.427 1422.37 1629.69
0.878 -0.878 -0.000538714 20 894.67 -0.0125876 -0.865412 23.3661 24.5272 159.427 1422.49 1629.81
0.879 -0.879 -0.00053929 20 895.958 -0.0126014 -0.866399 23.3667 24.5272 159.427 1422.6 1629.92
0.88 -0.88 -0.000539865 20 897.248 -0.0126152 -0.867385 23.3673 24.5272 159.427 1422.71 1630.04
0.881 -0.881 -0.000540441 20 898.539 -0.012629 -0.868371 23.368 24.5272 159.427 1422.83 1630.15
0.882 -0.882 -0.000541016 20 899.83 -0.0126428 -0.869357 23.3687 24.5272 159.427 1422.94 1630.27
0.883 -0.883 -0.000541591 20 901.124 -0.0126566 -0.870343 23.3694 24.5272 159.427 1423.06 1630.38
0.884 -0.884 -0.000542166 20 902.418 -0.0126705 -0.87133 23.3701 24.5272 159.427 1423.17 1630.5
0.885 -0.885 -0.000542741 20 903.713 -0.0126843 -0.872316 23.3708 24.5272 159.427 1423.29 1630.61
0.886 -0.886 -0.000543316 20 905.01 -0.0126982 -0.873302 23.3716 24.5272 159.427 1423.4 1630.73
0.887 -0.887 -0.000543891 20 906.308 -0.012712 -0.874288 23.3724 24.5272 159.427 1423.52 1630.84
0.888 -0.888 -0.000544465 20 907.607 -0.0127259 -0.875274 23.3732 24.5272 159.427 1423.63 1630.96
0.889 -0.889 -0.00054504 20 908.907 -0.0127398 -0.87626 23.374 24.5272 159.427 1423.74 1631.07
0.89 -0.89 -0.000545614 20 910.208 -0.0127536 -0.877246 23.3748 24.5272 159.427 1423.86 1631.19
0.891 -0.891 -0.000546189 20 911.51 -0.0127675 -0.878232 23.3757 24.5272 159.427 1423.97 1631.3
0.892 -0.892 -0.000546763 20 912.814 -0.0127814 -0.879219 23.3766 24.5272 159.427 1424.09 1631.42
0.893 -0.893 -0.000547337 20 914.119 -0.0127954 -0.880205 23.3775 24.5272 159.427 1424.21 1631.54
0.894 -0.894 -0.000547911 20 915.425 -0.0128093 -0.881191 23.3784 24.5272 159.427 1424.32 1631.65
0.895 -0.895 -0.000548484 20 916.732 -0.0128232 -0.882177 23.3794 24.5272 159.427 1424.44 1631.77
0.896 -0.896 -0.000549058 20 918.04 -0.0128372 -0.883163 23.3803 24.5272 159.427 1424.55 1631.89
0.897 -0.897 -0.000549631 20 919.35 -0.0128511 -0.884149 23.3813 24.5272 159.427 1424.67 1632
0.898 -0.898 -0.000550205 20 920.66 -0.0128651 -0.885135 23.3823 24.5272 159.427 1424.78 1632.12
0.899 -0.899 -0.000550778 20 921.972 -0.012879 -0.886121 23.3834 24.5272 159.427 1424.9 1632.24
0.9 -0.9 -0.000551351 20 923.285 -0.012893 -0.887107 23.3844 24.5272 159.427 1425.01 1632.35
0.901 -0.901 -0.000551924 20 924.599 -0.012907 -0.888093 23.3855 24.5272 159.427 1425.13 1632.47
0.902 -0.902 -0.000552497 20 925.914 -0.012921 -0.889079 23.3866 24.5272 159.427 1425.25 1632.59
0.903 -0.903 -0.00055307 20 927.231 -0.012935 -0.890065 23.3877 24.5272 159.427 1425.36 1632.7
0.904 -0.904 -0.000553643 20 928.548 -0.0129491 -0.891051 23.3888 24.5272 159.427 1425.48 1632.82
0.905 -0.905 -0.000554215 20 929.867 -0.0129631 -0.892037 23.39 24.5272 159.427 1425.6 1632.94
0.906 -0.906 -0.000554788 20 931.187 -0.0129771 -0.893023 23.3912 24.5272 159.427 1425.71 1633.06
0.907 -0.907 -0.00055536 20 932.508 -0.0129912 -0.894009 23.3924 24.5272 159.427 1425.83 1633.17
0.908 -0.908 -0.000555932 20 933.83 -0.0130052 -0.894995 23.3936 24.5272 159.427 1425.95 1633.29
0.909 -0.909 -0.000556504 20 935.153 -0.0130193 -0.895981 23.3948 24.5272 159.427 1426.06 1633.41
0.91 -0.91 -0.000557076 20 936.478 -0.0130334 -0.896967 23.3961 24.5272 159.427 1426.18 1633.53
0.911 -0.911 -0.000557648 20 937.804 -0.0130475 -0.897953 23.3974 24.5272 159.427 1426.3 1633.65
0.912 -0.912 -0.00055822 20 939.13 -0.0130616 -0.898938 23.3987 24.5272 159.427 1426.41 1633.77
0.913 -0.913 -0.000558791 20 940.458 -0.0130757 -0.899924 23.4 24.5272 159.427 1426.53 1633.88
0.914 -0.914 -0.000559363 20 941.788 -0.0130898 -0.90091 23.4013 24.5272 159.427 1426.65 1634
0.915 -0.915 -0.000559934 20 943.118 -0.013104 -0.901896 23.4027 24.5272 159.427 1426.76 1634.12
0.916 -0.916 -0.000560505 20 944.449 -0.0131181 -0.902882 23.4041 24.5272 159.427 1426.88 1634.24
0.917 -0.917 -0.000561076 20 945.782 -0.0131323 -0.903868 23.4055 24.5272 159.427 1427 1634.36
0.918 -0.918 -0.000561647 20 947.116 -0.0131464 -0.904854 23.4069 24.5272 159.427 1427.12 1634.48
0.919 -0.919 -0.000562218 20 948.45 -0.0131606 -0.905839 23.4083 24.5272 159.427 1427.23 1634.6
0.92 -0.92 -0.000562789 20 949.786 -0.0131748 -0.906825 23.4098 24.5272 159.427 1427.35 1634.72
0.921 -0.921 -0.000563359 20 951.124 -0.013189 -0.907811 23.4113 24.5272 159.427 1427.47 1634.84
0.922 -0.922 -0.00056393 20 952.462 -0.0132032 -0.908797 23.4128 24.5272 159.427 1427.59 1634.96
0.923 -0.923 -0.0005645 20 953.801 -0.0132174 -0.909783 23.4143 24.5272 159.427 1427.71 1635.07
0.924 -0.924 -0.00056507 20 955.142 -0.0132316 -0.910768 23.4159 24.5272 159.427 1427.82 1635.19
0.925 -0.925 -0.00056564 20 956.484 -0.0132458 -0.911754 23.4174 24.5272 159.427 1427.94 1635.31
0.926 -0.926 -0.00056621 20 957.827 -0.0132601 -0.91274 23.419 24.5272 159.427 1428.06 1635.43
0.927 -0.927 -0.00056678 20 959.171 -0.0132743 -0.913726 23.4206 24.5272 159.427 1428.18 1635.55
0.928 -0.928 -0.00056735 20 960.516 -0.0132886 -0.914711 23.4222 24.5272 159.427 1428.3 1635.67
0.929 -0.929 -0.00056792 20 961.862 -0.0133029 -0.915697 23.4239 24.5272 159.427 1428.42 1635.79
0.93 -0.93 -0.000568489 20 963.21 -0.0133172 -0.916683 23.4256 24.5272 159.427 1428.54 1635.92
0.931 -0.931 -0.000569058 20 964.558 -0.0133315 -0.917669 23.4273 24.5272 159.427 1428.65 1636.04
0.932 -0.932 -0.000569628 20 965.908 -0.0133458 -0.918654 23.429 24.5272 159.427 1428.77 1636.16
0.933 -0.933 -0.000570197 20 967.259 -0.0133601 -0.91964 23.4307 24.5272 159.427 1428.89 1636.28
0.934 -0.934 -0.000570766 20 968.611 -0.0133744 -0.920626 23.4324 24.5272 159.427 1429.01 1636.4
0.935 -0.935 -0.000571335 20 969.964 -0.0133888 -0.921611 23.4342 24.5272 159.427 1429.13 1636.52
0.936 -0.936 -0.000571903 20 971.318 -0.0134031 -0.922597 23.436 24.5272 159.427 1429.25 1636.64
0.937 -0.937 -0.000572472 20 972.674 -0.0134175 -0.923583 23.4378 24.5272 159.427 1429.37 1636.76
0.938 -0.938 -0.000573041 20 974.03 -0.0134319 -0.924568 23.4396 24.5272 159.427 1429.49 1636.88
0.939 -0.939 -0.000573609 20 975.388 -0.0134462 -0.925554 23.4415 24.5272 159.427 1429.61 1637
0.94 -0.94 -0.000574177 20 976.747 -0.0134606 -0.926539 23.4434 24.5272 159.427 1429.73 1637.13
0.941 -0.941 -0.000574745 20 978.107 -0.013475 -0.927525 23.4452 24.5272 159.427 1429.85 1637.25
0.942 -0.942 -0.000575313 20 979.468 -0.0134895 -0.928511 23.4472 24.5272 159.427 1429.97 1637.37
0.943 -0.943 -0.000575881 20 980.83 -0.0135039 -0.929496 23.4491 24.5272 159.427 1430.09 1637.49
0.944 -0.944 -0.000576449 20 982.194 -0.0135183 -0.930482 23.451 24.5272 159.427 1430.21 1637.61
0.945 -0.945 -0.000577017 20 983.558 -0.0135328 -0.931467 23.453 24.5272 159.427 1430.33 1637.73
0.946 -0.946 -0.000577584 20 984.924 -0.0135472 -0.932453 23.455 24.5272 159.427 1430.45 1637.86
0.947 -0.947 -0.000578151 20 986.291 -0.0135617 -0.933438 23.457 24.5272 159.427 1430.57 1637.98
0.948 -0.948 -0.000578719 20 987.659 -0.0135762 -0.934424 23.459 24.5272 159.427 1430.69 1638.1
0.949 -0.949 -0.000579286 20 989.028 -0.0135907 -0.935409 23.4611 24.5272 159.427 1430.81 1638.22
0.95 -0.95 -0.000579853 20 990.398 -0.0136052 -0.936395 23.4632 24.5272 159.427 1430.93 1638.35
0.951 -0.951 -0.00058042 20 991.769 -0.0136197 -0.93738 23.4652 24.5272 159.427 1431.05 1638.47
0.952 -0.952 -0.000580986 20 993.141 -0.0136342 -0.938366 23.4674 24.5272 159.427 1431.17 1638.59
0.953 -0.953 -0.000581553 20 994.515 -0.0136487 -0.939351 23.4695 24.5272 159.427 1431.29 1638.72
0.954 -0.954 -0.00058212 20 995.89 -0.0136633 -0.940337 23.4716 24.5272 159.427 1431.41 1638.84
0.955 -0.955 -0.000582686 20 997.266 -0.0136779 -0.941322 23.4738 24.5272 159.427 1431.53 1638.96
0.956 -0.956 -0.000583252 20 998.642 -0.0136924 -0.942308 23.476 24.5272 159.427 1431.65 1639.09
0.957 -0.957 -0.000583818 20 1000.02 -0.013707 -0.943293 23.4782 24.5272 159.427 1431.78 1639.21
0.958 -0.958 -0.000584384 20 1001.4 -0.0137216 -0.944278 23.4804 24.5272 159.427 1431.9 1639.33
0.959 -0.959 -0.00058495 20 1002.78 -0.0137362 -0.945264 23.4827 24.5272 159.427 1432.02 1639.46
0.96 -0.96 -0.000585516 20 1004.16 -0.0137508 -0.946249 23.485 24.5272 159.427 1432.14 1639.58
0.961 -0.961 -0.000586082 20 1005.54 -0.0137654 -0.947235 23.4872 24.5272 159.427 1432.26 1639.7
0.962 -0.962 -0.000586647 20 1006.93 -0.0137801 -0.94822 23.4895 24.5272 159.427 1432.38 1639.83
0.963 -0.963 -0.000587213 20 1008.31 -0.0137947 -0.949205 23.4919 24.5272 159.427 1432.51 1639.95
0.964 -0.964 -0.000587778 20 1009.7 -0.0138094 -0.950191 23.4942 24.5272 159.427 1432.63 1640.08
0.965 -0.965 -0.000588343 20 1011.09 -0.0138241 -0.951176 23.4966 24.5272 159.427 1432.75 1640.2
0.966 -0.966 -0.000588908 20 1012.47 -0.0138387 -0.952161 23.499 24.5272 159.427 1432.87 1640.32
0.967 -0.967 -0.000589473 20 1013.86 -0.0138534 -0.953147 23.5014 24.5272 159.427 1432.99 1640.45
0.968 -0.968 -0.000590038 20 1015.25 -0.0138681 -0.954132 23.5038 24.5272 159.427 1433.12 1640.57
0.969 -0.969 -0.000590602 20 1016.64 -0.0138829 -0.955117 23.5063 24.5272 159.427 1433.24 1640.7
0.97 -0.97 -0.000591167 20 1018.04 -0.0138976 -0.956102 23.5087 24.5272 159.427 1433.36 1640.82
0.971 -0.971 -0.000591731 20 1019.43 -0.0139123 -0.957088 23.5112 24.5272 159.427 1433.48 1640.95
0.972 -0.972 -0.000592295 20 1020.83 -0.0139271 -0.958073 23.5137 24.5272 159.427 1433.61 1641.07
0.973 -0.973 -0.000592859 20 1022.22 -0.0139418 -0.959058 23.5163 24.5272 159.427 1433.73 1641.2
0.974 -0.974 -0.000593423 20 1023.62 -0.0139566 -0.960043 23.5188 24.5272 159.427 1433.85 1641.32
0.975 -0.975 -0.000593987 20 1025.02 -0.0139714 -0.961029 23.5214 24.5272 159.427 1433.97 1641.45
0.976 -0.976 -0.000594551 20 1026.42 -0.0139862 -0.962014 23.524 24.5272 159.427 1434.1 1641.57
0.977 -0.977 -0.000595115 20 1027.82 -0.014001 -0.962999 23.5266 24.5272 159.427 1434.22 1641.7
0.978 -0.978 -0.000595678 20 1029.22 -0.0140158 -0.963984 23.5292 24.5272 159.427 1434.34 1641.83
0.979 -0.979 -0.000596242 20 1030.62 -0.0140307 -0.964969 23.5318 24.5272 159.427 1434.47 1641.95
0.98 -0.98 -0.000596805 20 1032.02 -0.0140455 -0.965954 23.5345 24.5272 159.427 1434.59 1642.08
0.981 -0.981 -0.000597368 20 1033.43 -0.0140604 -0.96694 23.5372 24.5272 159.427 1434.71 1642.2
0.982 -0.982 -0.000597931 20 1034.84 -0.0140752 -0.967925 23.5399 24.5272 159.427 1434.84 1642.33
0.983 -0.983 -0.000598494 20 1036.24 -0.0140901 -0.96891 23.5426 24.5272 159.427 1434.96 1642.46
0.984 -0.984 -0.000599057 20 1037.65 -0.014105 -0.969895 23.5453 24.5272 159.427 1435.08 1642.58
0.985 -0.985 -0.000599619 20 1039.06 -0.0141199 -0.97088 23.5481 24.5272 159.427 1435.21 1642.71
0.986 -0.986 -0.000600182 20 1040.47 -0.0141348 -0.971865 23.5509 24.5272 159.427 1435.33 1642.84
0.987 -0.987 -0.000600744 20 1041.88 -0.0141497 -0.97285 23.5537 24.5272 159.427 1435.45 1642.96
0.988 -0.988 -0.000601306 20 1043.3 -0.0141647 -0.973835 23.5565 24.5272 159.427 1435.58 1643.09
0.989 -0.989 -0.000601868 20 1044.71 -0.0141796 -0.97482 23.5594 24.5272 159.427 1435.7 1643.22
0.99 -0.99 -0.00060243 20 1046.12 -0.0141946 -0.975805 23.5622 24.5272 159.427 1435.83 1643.34
0.991 -0.991 -0.000602992 20 1047.54 -0.0142096 -0.97679 23.5651 24.5272 159.427 1435.95 1643.47
0.992 -0.992 -0.000603554 20 1048.96 -0.0142246 -0.977775 23.568 24.5272 159.427 1436.08 1643.6
0.993 -0.993 -0.000604116 20 1050.37 -0.0142396 -0.97876 23.5709 24.5272 159.427 1436.2 1643.72
0.994 -0.994 -0.000604677 20 1051.79 -0.0142546 -0.979745 23.5739 24.5272 159.427 1436.32 1643.85
0.995 -0.995 -0.000605239 20 1053.21 -0.0142696 -0.98073 23.5768 24.5272 159.427 1436.45 1643.98
0.996 -0.996 -0.0006058 20 1054.64 -0.0142846 -0.981715 23.5798 24.5272 159.427 1436.57 1644.11
0.997 -0.997 -0.000606361 20 1056.06 -0.0142997 -0.9827 23.5828 24.5272 159.427 1436.7 1644.24
0.998 -0.998 -0.000606922 20 1057.48 -0.0143147 -0.983685 23.5858 24.5272 159.427 1436.82 1644.36
0.999 -0.999 -0.000607483 20 1058.91 -0.0143298 -0.98467 23.5888 24.5272 159.427 1436.95 1644.49
1 -1 -0.000608043 20 1060.33 -0.0143449 -0.985655 23.5919 24.5272 159.427 1437.07 1644.62
1.001 -1.001 -0.000608604 20 1061.76 -0.01436 -0.98664 23.595 24.5272 159.427 1437.2 1644.75
1.002 -1.002 -0.000609165 20 1063.19 -0.0143751 -0.987625 23.5981 24.5272 159.427 1437.32 1644.88
1.003 -1.003 -0.000609725 20 1064.62 -0.0143902 -0.98861 23.6012 24.5272 159.427 1437.45 1645
1.004 -1.004 -0.000610285 20 1066.05 -0.0144054 -0.989595 23.6043 24.5272 159.427 1437.57 1645.13
1.005 -1.005 -0.000610845 20 1067.48 -0.0144205 -0.990579 23.6075 24.5272 159.427 1437.7 1645.26
1.006 -1.006 -0.000611405 20 1068.91 -0.0144357 -0.991564 23.6106 24.5272 159.427 1437.83 1645.39
1.007 -1.007 -0.000611965 20 1070.34 -0.0144508 -0.992549 23.6138 24.5272 159.427 1437.95 1645.52
1.008 -1.008 -0.000612525 20 1071.78 -0.014466 -0.993534 23.617 24.5272 159.427 1438.08 1645.65
1.009 -1.009 -0.000613084 20 1073.21 -0.0144812 -0.994519 23.6203 24.5272 159.427 1438.2 1645.78
1.01 -1.01 -0.000613644 20 1074.65 -0.0144964 -0.995504 23.6235 24.5272 159.427 1438.33 1645.91
1.011 -1.011 -0.000614203 20 1076.09 -0.0145116 -0.996488 23.6268 24.5272 159.427 1438.45 1646.04
1.012 -1.012 -0.000614762 20 1077.53 -0.0145269 -0.997473 23.6301 24.5272 159.427 1438.58 1646.16
1.013 -1.013 -0.000615321 20 1078.97 -0.0145421 -0.998458 23.6334 24.5272 159.427 1438.71 1646.29
1.014 -1.014 -0.00061588 20 1080.41 -0.0145574 -0.999443 23.6367 24.5272 159.427 1438.83 1646.42
1.015 -1.015 -0.000616439 20 1081.85 -0.0145726 -1.00043 23.64 24.5272 159.427 1438.96 1646.55
1.016 -1.016 -0.000616998 20 1083.3 -0.0145879 -1.00141 23.6434 24.5272 159.427 1439.09 1646.68
1.017 -1.017 -0.000617556 20 1084.74 -0.0146032 -1.0024 23.6468 24.5272 159.427 1439.21 1646.81
1.018 -1.018 -0.000618115 20 1086.19 -0.0146185 -1.00338 23.6502 24.5272 159.427 1439.34 1646.94
1.019 -1.019 -0.000618673 20 1087.63 -0.0146339 -1.00437 23.6536 24.5272 159.427 1439.47 1647.07
1.02 -1.02 -0.000619231 20 1089.08 -0.0146492 -1.00535 23.6571 24.5272 159.427 1439.59 1647.2
1.021 -1.021 -0.000619789 20 1090.53 -0.0146645 -1.00634 23.6605 24.5272 159.427 1439.72 1647.33
1.022 -1.022 -0.000620347 20 1091.98 -0.0146799 -1.00732 23.664 24.5272 159.427 1439.85 1647.46
1.023 -1.023 -0.000620905 20 1093.43 -0.0146953 -1.0083 23.6675 24.5272 159.427 1439.97 1647.59
1.024 -1.024 -0.000621463 20 1094.88 -0.0147107 -1.00929 23.671 24.5272 159.427 1440.1 1647.73
1.025 -1.025 -0.00062202 20 1096.33 -0.0147261 -1.01027 23.6746 24.5272 159.427 1440.23 1647.86
1.026 -1.026 -0.000622578 20 1097.79 -0.0147415 -1.01126 23.6781 24.5272 159.427 1440.35 1647.99
1.027 -1.027 -0.000623135 20 1099.24 -0.0147569 -1.01224 23.6817 24.5272 159.427 1440.48 1648.12
1.028 -1.028 -0.000623692 20 1100.7 -0.0147723 -1.01323 23.6853 24.5272 159.427 1440.61 1648.25
1.029 -1.029 -0.000624249 20 1102.16 -0.0147878 -1.01421 23.6889 24.5272 159.427 1440.74 1648.38
1.03 -1.03 -0.000624806 20 1103.62 -0.0148032 -1.0152 23.6925 24.5272 159.427 1440.86 1648.51
1.031 -1.031 -0.000625363 20 1105.08 -0.0148187 -1.01618 23.6962 24.5272 159.427 1440.99 1648.64
1.032 -1.032 -0.00062592 20 1106.54 -0.0148342 -1.01717 23.6999 24.5272 159.427 1441.12 1648.77
1.033 -1.033 -0.000626476 20 1108 -0.0148497 -1.01815 23.7036 24.5272 159.427 1441.25 1648.91
1.034 -1.034 -0.000627032 20 1109.46 -0.0148652 -1.01913 23.7073 24.5272 159.427 1441.38 1649.04
1.035 -1.035 -0.000627589 20 1110.93 -0.0148808 -1.02012 23.711 24.5272 159.427 1441.5 1649.17
1.036 -1.036 -0.000628145 20 1112.39 -0.0148963 -1.0211 23.7147 24.5272 159.427 1441.63 1649.3
1.037 -1.037 -0.000628701 20 1113.86 -0.0149119 -1.02209 23.7185 24.5272 159.427 1441.76 1649.43
1.038 -1.038 -0.000629257 20 1115.32 -0.0149274 -1.02307 23.7223 24.5272 159.427 1441.89 1649.57
1.039 -1.039 -0.000629812 20 1116.79 -0.014943 -1.02406 23.7261 24.5272 159.427 1442.02 1649.7
1.04 -1.04 -0.000630368 20 1118.26 -0.0149586 -1.02504 23.7299 24.5272 159.427 1442.15 1649.83
1.041 -1.041 -0.000630924 20 1119.73 -0.0149742 -1.02603 23.7338 24.5272 159.427 1442.27 1649.96
1.042 -1.042 -0.000631479 20 1121.2 -0.0149898 -1.02701 23.7376 24.5272 159.427 1442.4 1650.09
1.043 -1.043 -0.000632034 20 1122.68 -0.0150055 -1.02799 23.7415 24.5272 159.427 1442.53 1650.23
1.044 -1.044 -0.000632589 20 1124.15 -0.0150211 -1.02898 23.7454 24.5272 159.427 1442.66 1650.36
1.045 -1.045 -0.000633144 20 1125.62 -0.0150368 -1.02996 23.7493 24.5272 159.427 1442.79 1650.49
1.046 -1.046 -0.000633699 20 1127.1 -0.0150524 -1.03095 23.7533 24.5272 159.427 1442.92 1650.63
1.047 -1.047 -0.000634254 20 1128.58 -0.0150681 -1.03193 23.7572 24.5272 159.427 1443.05 1650.76
1.048 -1.048 -0.000634808 20 1130.06 -0.0150838 -1.03292 23.7612 24.5272 159.427 1443.18 1650.89
1.049 -1.049 -0.000635363 20 1131.53 -0.0150995 -1.0339 23.7652 24.5272 159.427 1443.31 1651.02
1.05 -1.05 -0.000635917 20 1133.01 -0.0151153 -1.03488 23.7692 24.5272 159.427 1443.43 1651.16
1.051 -1.051 -0.000636472 20 1134.5 -0.015131 -1.03587 23.7733 24.5272 159.427 1443.56 1651.29
1.052 -1.052 -0.000637026 20 1135.98 -0.0151468 -1.03685 23.7773 24.5272 159.427 1443.69 1651.43
1.053 -1.053 -0.00063758 20 1137.46 -0.0151625 -1.03784 23.7814 24.5272 159.427 1443.82 1651.56
1.054 -1.054 -0.000638133 20 1138.95 -0.0151783 -1.03882 23.7855 24.5272 159.427 1443.95 1651.69
1.055 -1.055 -0.000638687 20 1140.43 -0.0151941 -1.03981 23.7896 24.5272 159.427 1444.08 1651.83
1.056 -1.056 -0.000639241 20 1141.92 -0.0152099 -1.04079 23.7937 24.5272 159.427 1444.21 1651.96
1.057 -1.057 -0.000639794 20 1143.4 -0.0152257 -1.04177 23.7979 24.5272 159.427 1444.34 1652.09
1.058 -1.058 -0.000640347 20 1144.89 -0.0152416 -1.04276 23.8021 24.5272 159.427 1444.47 1652.23
1.059 -1.059 -0.000640901 20 1146.38 -0.0152574 -1.04374 23.8062 24.5272 159.427 1444.6 1652.36
1.06 -1.06 -0.000641454 20 1147.87 -0.0152733 -1.04473 23.8104 24.5272 159.427 1444.73 1652.5
1.061 -1.061 -0.000642007 20 1149.37 -0.0152892 -1.04571 23.8147 24.5272 159.427 1444.86 1652.63
1.062 -1.062 -0.000642559 20 1150.86 -0.0153051 -1.04669 23.8189 24.5272 159.427 1444.99 1652.77
1.063 -1.063 -0.000643112 20 1152.35 -0.015321 -1.04768 23.8232 24.5272 159.427 1445.12 1652.9
1.064 -1.064 -0.000643665 20 1153.85 -0.0153369 -1.04866 23.8275 24.5272 159.427 1445.25 1653.04
1.065 -1.065 -0.000644217 20 1155.34 -0.0153528 -1.04965 23.8318 24.5272 159.427 1445.38 1653.17
1.066 -1.066 -0.000644769 20 1156.84 -0.0153688 -1.05063 23.8361 24.5272 159.427 1445.51 1653.3
1.067 -1.067 -0.000645321 20 1158.34 -0.0153847 -1.05162 23.8404 24.5272 159.427 1445.65 1653.44
1.068 -1.068 -0.000645873 20 1159.84 -0.0154007 -1.0526 23.8448 24.5272 159.427 1445.78 1653.57
1.069 -1.069 -0.000646425 20 1161.34 -0.0154167 -1.05358 23.8492 24.5272 159.427 1445.91 1653.71
1.07 -1.07 -0.000646977 20 1162.84 -0.0154327 -1.05457 23.8536 24.5272 159.427 1446.04 1653.85
1.071 -1.071 -0.000647529 20 1164.34 -0.0154487 -1.05555 23.858 24.5272 159.427 1446.17 1653.98
1.072 -1.072 -0.00064808 20 1165.85 -0.0154648 -1.05654 23.8624 24.5272 159.427 1446.3 1654.12
1.073 -1.073 -0.000648632 20 1167.35 -0.0154808 -1.05752 23.8669 24.5272 159.427 1446.43 1654.25
1.074 -1.074 -0.000649183 20 1168.86 -0.0154969 -1.0585 23.8713 24.5272 159.427 1446.56 1654.39
1.075 -1.075 -0.000649734 20 1170.36 -0.0155129 -1.05949 23.8758 24.5272 159.427 1446.69 1654.52
1.076 -1.076 -0.000650285 20 1171.87 -0.015529 -1.06047 23.8803 24.5272 159.427 1446.83 1654.66
1.077 -1.077 -0.000650836 20 1173.38 -0.0155451 -1.06145 23.8849 24.5272 159.427 1446.96 1654.8
1.078 -1.078 -0.000651386 20 1174.89 -0.0155612 -1.06244 23.8894 24.5272 159.427 1447.09 1654.93
1.079 -1.079 -0.000651937 20 1176.4 -0.0155774 -1.06342 23.894 24.5272 159.427 1447.22 1655.07
1.08 -1.08 -0.000652487 20 1177.91 -0.0155935 -1.06441 23.8986 24.5272 159.427 1447.35 1655.2
1.081 -1.081 -0.000653038 20 1179.42 -0.0156097 -1.06539 23.9032 24.5272 159.427 1447.48 1655.34
1.082 -1.082 -0.000653588 20 1180.94 -0.0156258 -1.06637 23.9078 24.5272 159.427 1447.62 1655.48
1.083 -1.083 -0.000654138 20 1182.45 -0.015642 -1.06736 23.9124 24.5272 159.427 1447.75 1655.61
1.084 -1.084 -0.000654688 20 1183.97 -0.0156582 -1.06834 23.9171 24.5272 159.427 1447.88 1655.75
1.085 -1.085 -0.000655238 20 1185.49 -0.0156744 -1.06933 23.9218 24.5272 159.427 1448.01 1655.89
1.086 -1.086 -0.000655788 20 1187.01 -0.0156907 -1.07031 23.9265 24.5272 159.427 1448.14 1656.02
1.087 -1.087 -0.000656337 20 1188.53 -0.0157069 -1.07129 23.9312 24.5272 159.427 1448.28 1656.16
1.088 -1.088 -0.000656887 20 1190.05 -0.0157232 -1.07228 23.9359 24.5272 159.427 1448.41 1656.3
1.089 -1.089 -0.000657436 20 1191.57 -0.0157394 -1.07326 23.9407 24.5272 159.427 1448.54 1656.44
1.09 -1.09 -0.000657985 20 1193.09 -0.0157557 -1.07424 23.9454 24.5272 159.427 1448.67 1656.57
1.091 -1.091 -0.000658534 20 1194.61 -0.015772 -1.07523 23.9502 24.5272 159.427 1448.81 1656.71
1.092 -1.092 -0.000659083 20 1196.14 -0.0157884 -1.07621 23.955 24.5272 159.427 1448.94 1656.85
1.093 -1.093 -0.000659632 20 1197.66 -0.0158047 -1.0772 23.9599 24.5272 159.427 1449.07 1656.99
1.094 -1.094 -0.00066018 20 1199.19 -0.015821 -1.07818 23.9647 24.5272 159.427 1449.2 1657.12
1.095 -1.095 -0.000660729 20 1200.72 -0.0158374 -1.07916 23.9696 24.5272 159.427 1449.34 1657.26
1.096 -1.096 -0.000661277 20 1202.25 -0.0158538 -1.08015 23.9745 24.5272 159.427 1449.47 1657.4
1.097 -1.097 -0.000661825 20 1203.78 -0.0158702 -1.08113 23.9794 24.5272 159.427 1449.6 1657.54
1.098 -1.098 -0.000662374 20 1205.31 -0.0158866 -1.08211 23.9843 24.5272 159.427 1449.74 1657.67
1.099 -1.099 -0.000662922 20 1206.84 -0.015903 -1.0831 23.9892 24.5272 159.427 1449.87 1657.81
1.1 -1.1 -0.000663469 20 1208.37 -0.0159194 -1.08408 23.9942 24.5272 159.427 1450 1657.95
1.101 -1.101 -0.000664017 20 1209.91 -0.0159359 -1.08506 23.9992 24.5272 159.427 1450.14 1658.09
1.102 -1.102 -0.000664565 20 1211.44 -0.0159523 -1.08605 24.0042 24.5272 159.427 1450.27 1658.23
1.103 -1.103 -0.000665112 20 1212.98 -0.0159688 -1.08703 24.0092 24.5272 159.427 1450.4 1658.37
1.104 -1.104 -0.00066566 20 1214.51 -0.0159853 -1.08801 24.0142 24.5272 159.427 1450.54 1658.51
1.105 -1.105 -0.000666207 20 1216.05 -0.0160018 -1.089 24.0193 24.5272 159.427 1450.67 1658.64
1.106 -1.106 -0.000666754 20 1217.59 -0.0160183 -1.08998 24.0244 24.5272 159.427 1450.8 1658.78
1.107 -1.107 -0.000667301 20 1219.13 -0.0160349 -1.09097 24.0294 24.5272 159.427 1450.94 1658.92
1.108 -1.108 -0.000667848 20 1220.67 -0.0160514 -1.09195 24.0346 24.5272 159.427 1451.07 1659.06
1.109 -1.109 -0.000668394 20 1222.21 -0.016068 -1.09293 24.0397 24.5272 159.427 1451.21 1659.2
1.11 -1.11 -0.000668941 20 1223.76 -0.0160846 -1.09392 24.0448 24.5272 159.427 1451.34 1659.34
1.111 -1.111 -0.000669487 20 1225.3 -0.0161012 -1.0949 24.05 24.5272 159.427 1451.47 1659.48
1.112 -1.112 -0.000670034 20 1226.85 -0.0161178 -1.09588 24.0552 24.5272 159.427 1451.61 1659.62
1.113 -1.113 -0.00067058 20 1228.39 -0.0161344 -1.09687 24.0604 24.5272 159.427 1451.74 1659.76
1.114 -1.114 -0.000671126 20 1229.94 -0.0161511 -1.09785 24.0656 24.5272 159.427 1451.88 1659.9
1.115 -1.115 -0.000671672 20 1231.49 -0.0161677 -1.09883 24.0709 24.5272 159.427 1452.01 1660.04
1.116 -1.116 -0.000672218 20 1233.04 -0.0161844 -1.09982 24.0761 24.5272 159.427 1452.15 1660.18
1.117 -1.117 -0.000672763 20 1234.59 -0.0162011 -1.1008 24.0814 24.5272 159.427 1452.28 1660.32
1.118 -1.118 -0.000673309 20 1236.14 -0.0162178 -1.10178 24.0867 24.5272 159.427 1452.42 1660.46
1.119 -1.119 -0.000673854 20 1237.69 -0.0162345 -1.10277 24.092 24.5272 159.427 1452.55 1660.6
1.12 -1.12 -0.000674399 20 1239.25 -0.0162512 -1.10375 24.0973 24.5272 159.427 1452.69 1660.74
1.121 -1.121 -0.000674944 20 1240.8 -0.016268 -1.10473 24.1027 24.5272 159.427 1452.82 1660.88
1.122 -1.122 -0.000675489 20 1242.36 -0.0162847 -1.10572 24.1081 24.5272 159.427 1452.96 1661.02
1.123 -1.123 -0.000676034 20 1243.92 -0.0163015 -1.1067 24.1135 24.5272 159.427 1453.09 1661.16
1.124 -1.124 -0.000676579 20 1245.47 -0.0163183 -1.10768 24.1189 24.5272 159.427 1453.23 1661.3
1.125 -1.125 -0.000677124 20 1247.03 -0.0163351 -1.10866 24.1243 24.5272 159.427 1453.36 1661.44
1.126 -1.126 -0.000677668 20 1248.59 -0.016352 -1.10965 24.1297 24.5272 159.427 1453.5 1661.58
1.127 -1.127 -0.000678212 20 1250.15 -0.0163688 -1.11063 24.1352 24.5272 159.427 1453.63 1661.72
1.128 -1.128 -0.000678757 20 1251.72 -0.0163857 -1.11161 24.1407 24.5272 159.427 1453.77 1661.86
1.129 -1.129 -0.000679301 20 1253.28 -0.0164025 -1.1126 24.1462 24.5272 159.427 1453.9 1662
1.13 -1.13 -0.000679845 20 1254.84 -0.0164194 -1.11358 24.1517 24.5272 159.427 1454.04 1662.14
1.131 -1.131 -0.000680388 20 1256.41 -0.0164363 -1.11456 24.1573 24.5272 159.427 1454.17 1662.29
1.132 -1.132 -0.000680932 20 1257.97 -0.0164532 -1.11555 24.1628 24.5272 159.427 1454.31 1662.43
1.133 -1.133 -0.000681476 20 1259.54 -0.0164702 -1.11653 24.1684 24.5272 159.427 1454.45 1662.57
1.134 -1.134 -0.000682019 20 1261.11 -0.0164871 -1.11751 24.174 24.5272 159.427 1454.58 1662.71
1.135 -1.135 -0.000682562 20 1262.68 -0.0165041 -1.1185 24.1796 24.5272 159.427 1454.72 1662.85
1.136 -1.136 -0.000683106 20 1264.25 -0.0165211 -1.11948 24.1852 24.5272 159.427 1454.85 1662.99
1.137 -1.137 -0.000683649 20 1265.82 -0.0165381 -1.12046 24.1909 24.5272 159.427 1454.99 1663.14
1.138 -1.138 -0.000684191 20 1267.39 -0.0165551 -1.12144 24.1965 24.5272 159.427 1455.13 1663.28
1.139 -1.139 -0.000684734 20 1268.96 -0.0165721 -1.12243 24.2022 24.5272 159.427 1455.26 1663.42
1.14 -1.14 -0.000685277 20 1270.54 -0.0165891 -1.12341 24.2079 24.5272 159.427 1455.4 1663.56
1.141 -1.141 -0.000685819 20 1272.11 -0.0166062 -1.12439 24.2137 24.5272 159.427 1455.54 1663.7
1.142 -1.142 -0.000686362 20 1273.69 -0.0166233 -1.12538 24.2194 24.5272 159.427 1455.67 1663.85
1.143 -1.143 -0.000686904 20 1275.27 -0.0166404 -1.12636 24.2252 24.5272 159.427 1455.81 1663.99
1.144 -1.144 -0.000687446 20 1276.85 -0.0166575 -1.12734 24.231 24.5272 159.427 1455.95 1664.13
1.145 -1.145 -0.000687988 20 1278.43 -0.0166746 -1.12833 24.2368 24.5272 159.427 1456.08 1664.27
1.146 -1.146 -0.00068853 20 1280.01 -0.0166917 -1.12931 24.2426 24.5272 159.427 1456.22 1664.42
1.147 -1.147 -0.000689072 20 1281.59 -0.0167089 -1.13029 24.2484 24.5272 159.427 1456.36 1664.56
1.148 -1.148 -0.000689613 20 1283.17 -0.0167261 -1.13127 24.2543 24.5272 159.427 1456.49 1664.7
1.149 -1.149 -0.000690155 20 1284.75 -0.0167433 -1.13226 24.2601 24.5272 159.427 1456.63 1664.84
1.15 -1.15 -0.000690696 20 1286.34 -0.0167605 -1.13324 24.266 24.5272 159.427 1456.77 1664.99
1.151 -1.151 -0.000691237 20 1287.92 -0.0167777 -1.13422 24.2719 24.5272 159.427 1456.9 1665.13
1.152 -1.152 -0.000691778 20 1289.51 -0.0167949 -1.13521 24.2779 24.5272 159.427 1457.04 1665.27
1.153 -1.153 -0.000692319 20 1291.1 -0.0168122 -1.13619 24.2838 24.5272 159.427 1457.18 1665.42
1.154 -1.154 -0.00069286 20 1292.69 -0.0168294 -1.13717 24.2898 24.5272 159.427 1457.32 1665.56
1.155 -1.155 -0.000693401 20 1294.27 -0.0168467 -1.13815 24.2958 24.5272 159.427 1457.45 1665.7
1.156 -1.156 -0.000693941 20 1295.87 -0.016864 -1.13914 24.3018 24.5272 159.427 1457.59 1665.85
1.157 -1.157 -0.000694482 20 1297.46 -0.0168813 -1.14012 24.3078 24.5272 159.427 1457.73 1665.99
1.158 -1.158 -0.000695022 20 1299.05 -0.0168986 -1.1411 24.3138 24.5272 159.427 1457.87 1666.13
1.159 -1.159 -0.000695562 20 1300.64 -0.016916 -1.14208 24.3199 24.5272 159.427 1458 1666.28
1.16 -1.16 -0.000696102 20 1302.24 -0.0169334 -1.14307 24.326 24.5272 159.427 1458.14 1666.42
1.161 -1.161 -0.000696642 20 1303.83 -0.0169507 -1.14405 24.3321 24.5272 159.427 1458.28 1666.57
1.162 -1.162 -0.000697182 20 1305.43 -0.0169681 -1.14503 24.3382 24.5272 159.427 1458.42 1666.71
1.163 -1.163 -0.000697721 20 1307.03 -0.0169855 -1.14601 24.3443 24.5272 159.427 1458.56 1666.85
1.164 -1.164 -0.000698261 20 1308.63 -0.017003 -1.147 24.3505 24.5272 159.427 1458.69 1667
1.165 -1.165 -0.0006988 20 1310.23 -0.0170204 -1.14798 24.3566 24.5272 159.427 1458.83 1667.14
1.166 -1.166 -0.000699339 20 1311.83 -0.0170379 -1.14896 24.3628 24.5272 159.427 1458.97 1667.29
1.167 -1.167 -0.000699878 20 1313.43 -0.0170554 -1.14994 24.369 24.5272 159.427 1459.11 1667.43
1.168 -1.168 -0.000700417 20 1315.03 -0.0170729 -1.15093 24.3753 24.5272 159.427 1459.25 1667.58
1.169 -1.169 -0.000700956 20 1316.64 -0.0170904 -1.15191 24.3815 24.5272 159.427 1459.39 1667.72
1.17 -1.17 -0.000701495 20 1318.24 -0.0171079 -1.15289 24.3878 24.5272 159.427 1459.53 1667.87
1.171 -1.171 -0.000702033 20 1319.85 -0.0171254 -1.15387 24.394 24.5272 159.427 1459.66 1668.01
1.172 -1.172 -0.000702572 20 1321.45 -0.017143 -1.15486 24.4003 24.5272 159.427 1459.8 1668.16
1.173 -1.173 -0.00070311 20 1323.06 -0.0171606 -1.15584 24.4067 24.5272 159.427 1459.94 1668.3
1.174 -1.174 -0.000703648 20 1324.67 -0.0171782 -1.15682 24.413 24.5272 159.427 1460.08 1668.45
1.175 -1.175 -0.000704186 20 1326.28 -0.0171958 -1.1578 24.4194 24.5272 159.427 1460.22 1668.59
1.176 -1.176 -0.000704724 20 1327.89 -0.0172134 -1.15879 24.4257 24.5272 159.427 1460.36 1668.74
1.177 -1.177 -0.000705262 20 1329.5 -0.017231 -1.15977 24.4321 24.5272 159.427 1460.5 1668.88
1.178 -1.178 -0.000705799 20 1331.11 -0.0172487 -1.16075 24.4385 24.5272 159.427 1460.64 1669.03
1.179 -1.179 -0.000706337 20 1332.73 -0.0172664 -1.16173 24.445 24.5272 159.427 1460.78 1669.17
1.18 -1.18 -0.000706874 20 1334.34 -0.0172841 -1.16272 24.4514 24.5272 159.427 1460.92 1669.32
1.181 -1.181 -0.000707412 20 1335.96 -0.0173018 -1.1637 24.4579 24.5272 159.427 1461.05 1669.47
1.182 -1.182 -0.000707949 20 1337.58 -0.0173195 -1.16468 24.4644 24.5272 159.427 1461.19 1669.61
1.183 -1.183 -0.000708486 20 1339.19 -0.0173373 -1.16566 24.4709 24.5272 159.427 1461.33 1669.76
1.184 -1.184 -0.000709022 20 1340.81 -0.017355 -1.16664 24.4774 24.5272 159.427 1461.47 1669.9
1.185 -1.185 -0.000709559 20 1342.43 -0.0173728 -1.16763 24.4839 24.5272 159.427 1461.61 1670.05
1.186 -1.186 -0.000710096 20 1344.05 -0.0173906 -1.16861 24.4905 24.5272 159.427 1461.75 1670.2
1.187 -1.187 -0.000710632 20 1345.67 -0.0174084 -1.16959 24.497 24.5272 159.427 1461.89 1670.34
1.188 -1.188 -0.000711169 20 1347.3 -0.0174262 -1.17057 24.5036 24.5272 159.427 1462.03 1670.49
1.189 -1.189 -0.000711705 20 1348.92 -0.0174441 -1.17156 24.5103 24.5272 159.427 1462.17 1670.64
1.19 -1.19 -0.000712241 20 1350.55 -0.0174619 -1.17254 24.5169 24.5272 159.427 1462.31 1670.78
1.191 -1.191 -0.000712777 20 1352.17 -0.0174798 -1.17352 24.5235 24.5272 159.427 1462.45 1670.93
1.192 -1.192 -0.000713312 20 1353.8 -0.0174977 -1.1745 24.5302 24.5272 159.427 1462.59 1671.08
1.193 -1.193 -0.000713848 20 1355.43 -0.0175156 -1.17548 24.5369 24.5272 159.427 1462.73 1671.22
1.194 -1.194 -0.000714384 20 1357.06 -0.0175335 -1.17647 24.5436 24.5272 159.427 1462.87 1671.37
1.195 -1.195 -0.000714919 20 1358.69 -0.0175515 -1.17745 24.5503 24.5272 159.427 1463.01 1671.52
1.196 -1.196 -0.000715454 20 1360.32 -0.0175695 -1.17843 24.5571 24.5272 159.427 1463.15 1671.67
1.197 -1.197 -0.000715989 20 1361.95 -0.0175874 -1.17941 24.5638 24.5272 159.427 1463.29 1671.81
1.198 -1.198 -0.000716524 20 1363.58 -0.0176054 -1.18039 24.5706 24.5272 159.427 1463.44 1671.96
1.199 -1.199 -0.000717059 20 1365.21 -0.0176234 -1.18138 24.5774 24.5272 159.427 1463.58 1672.11
1.2 -1.2 -0.000717594 20 1366.85 -0.0176415 -1.18236 24.5842 24.5272 159.427 1463.72 1672.25
1.201 -1.201 -0.000718128 20 1368.49 -0.0176595 -1.18334 24.591 24.5272 159.427 1463.86 1672.4
1.202 -1.202 -0.000718663 20 1370.12 -0.0176776 -1.18432 24.5979 24.5272 159.427 1464 1672.55
1.203 -1.203 -0.000719197 20 1371.76 -0.0176957 -1.1853 24.6048 24.5272 159.427 1464.14 1672.7
1.204 -1.204 -0.000719731 20 1373.4 -0.0177138 -1.18629 24.6116 24.5272 159.427 1464.28 1672.85
1.205 -1.205 -0.000720266 20 1375.04 -0.0177319 -1.18727 24.6186 24.5272 159.427 1464.42 1672.99
1.206 -1.206 -0.000720799 20 1376.68 -0.01775 -1.18825 24.6255 24.5272 159.427 1464.56 1673.14
1.207 -1.207 -0.000721333 20 1378.32 -0.0177682 -1.18923 24.6324 24.5272 159.427 1464.7 1673.29
1.208 -1.208 -0.000721867 20 1379.96 -0.0177864 -1.19021 24.6394 24.5272 159.427 1464.85 1673.44
1.209 -1.209 -0.0007224 20 1381.61 -0.0178045 -1.1912 24.6464 24.5272 159.427 1464.99 1673.59
1.21 -1.21 -0.000722934 20 1383.25 -0.0178228 -1.19218 24.6534 24.5272 159.427 1465.13 1673.74
1.211 -1.211 -0.000723467 20 1384.9 -0.017841 -1.19316 24.6604 24.5272 159.427 1465.27 1673.88
1.212 -1.212 -0.000724 20 1386.55 -0.0178592 -1.19414 24.6674 24.5272 159.427 1465.41 1674.03
1.213 -1.213 -0.000724533 20 1388.19 -0.0178775 -1.19512 24.6745 24.5272 159.427 1465.55 1674.18
1.214 -1.214 -0.000725066 20 1389.84 -0.0178957 -1.1961 24.6815 24.5272 159.427 1465.69 1674.33
1.215 -1.215 -0.000725599 20 1391.49 -0.017914 -1.19709 24.6886 24.5272 159.427 1465.84 1674.48
1.216 -1.216 -0.000726131 20 1393.14 -0.0179324 -1.19807 24.6957 24.5272 159.427 1465.98 1674.63
1.217 -1.217 -0.000726664 20 1394.79 -0.0179507 -1.19905 24.7029 24.5272 159.427 1466.12 1674.78
1.218 -1.218 -0.000727196 20 1396.45 -0.017969 -1.20003 24.71 24.5272 159.427 1466.26 1674.93
1.219 -1.219 -0.000727728 20 1398.1 -0.0179874 -1.20101 24.7172 24.5272 159.427 1466.4 1675.08
1.22 -1.22 -0.000728261 20 1399.75 -0.0180058 -1.20199 24.7244 24.5272 159.427 1466.55 1675.22
1.221 -1.221 -0.000728792 20 1401.41 -0.0180242 -1.20298 24.7316 24.5272 159.427 1466.69 1675.37
1.222 -1.222 -0.000729324 20 1403.07 -0.0180426 -1.20396 24.7388 24.5272 159.427 1466.83 1675.52
1.223 -1.223 -0.000729856 20 1404.72 -0.018061 -1.20494 24.746 24.5272 159.427 1466.97 1675.67
1.224 -1.224 -0.000730388 20 1406.38 -0.0180795 -1.20592 24.7533 24.5272 159.427 1467.12 1675.82
1.225 -1.225 -0.000730919 20 1408.04 -0.0180979 -1.2069 24.7605 24.5272 159.427 1467.26 1675.97
1.226 -1.226 -0.00073145 20 1409.7 -0.0181164 -1.20788 24.7678 24.5272 159.427 1467.4 1676.12
1.227 -1.227 -0.000731981 20 1411.36 -0.0181349 -1.20887 24.7751 24.5272 159.427 1467.54 1676.27
1.228 -1.228 -0.000732512 20 1413.03 -0.0181535 -1.20985 24.7825 24.5272 159.427 1467.69 1676.42
1.229 -1.229 -0.000733043 20 1414.69 -0.018172 -1.21083 24.7898 24.5272 159.427 1467.83 1676.57
1.23 -1.23 -0.000733574 20 1416.36 -0.0181906 -1.21181 24.7972 24.5272 159.427 1467.97 1676.72
1.231 -1.231 -0.000734105 20 1418.02 -0.0182091 -1.21279 24.8046 24.5272 159.427 1468.11 1676.87
1.232 -1.232 -0.000734635 20 1419.69 -0.0182277 -1.21377 24.812 24.5272 159.427 1468.26 1677.02
1.233 -1.233 -0.000735165 20 1421.35 -0.0182463 -1.21475 24.8194 24.5272 159.427 1468.4 1677.17
1.234 -1.234 -0.000735696 20 1423.02 -0.018265 -1.21574 24.8268 24.5272 159.427 1468.54 1677.32
1.235 -1.235 -0.000736226 20 1424.69 -0.0182836 -1.21672 24.8343 24.5272 159.427 1468.69 1677.47
1.236 -1.236 -0.000736756 20 1426.36 -0.0183023 -1.2177 24.8417 24.5272 159.427 1468.83 1677.63
1.237 -1.237 -0.000737286 20 1428.03 -0.018321 -1.21868 24.8492 24.5272 159.427 1468.97 1677.78
1.238 -1.238 -0.000737815 20 1429.71 -0.0183397 -1.21966 24.8567 24.5272 159.427 1469.12 1677.93
1.239 -1.239 -0.000738345 20 1431.38 -0.0183584 -1.22064 24.8643 24.5272 159.427 1469.26 1678.08
1.24 -1.24 -0.000738874 20 1433.05 -0.0183771 -1.22162 24.8718 24.5272 159.427 1469.4 1678.23
1.241 -1.241 -0.000739403 20 1434.73 -0.0183959 -1.2226 24.8794 24.5272 159.427 1469.55 1678.38
1.242 -1.242 -0.000739933 20 1436.41 -0.0184147 -1.22359 24.887 24.5272 159.427 1469.69 1678.53
1.243 -1.243 -0.000740462 20 1438.08 -0.0184335 -1.22457 24.8946 24.5272 159.427 1469.83 1678.68
1.244 -1.244 -0.000740991 20 1439.76 -0.0184523 -1.22555 24.9022 24.5272 159.427 1469.98 1678.83
1.245 -1.245 -0.000741519 20 1441.44 -0.0184711 -1.22653 24.9098 24.5272 159.427 1470.12 1678.99
1.246 -1.246 -0.000742048 20 1443.12 -0.01849 -1.22751 24.9175 24.5272 159.427 1470.27 1679.14
1.247 -1.247 -0.000742576 20 1444.8 -0.0185088 -1.22849 24.9252 24.5272 159.427 1470.41 1679.29
1.248 -1.248 -0.000743105 20 1446.48 -0.0185277 -1.22947 24.9329 24.5272 159.427 1470.55 1679.44
1.249 -1.249 -0.000743633 20 1448.17 -0.0185466 -1.23045 24.9406 24.5272 159.427 1470.7 1679.59
1.25 -1.25 -0.000744161 20 1449.85 -0.0185656 -1.23143 24.9483 24.5272 159.427 1470.84 1679.74
1.251 -1.251 -0.000744689 20 1451.54 -0.0185845 -1.23242 24.956 24.5272 159.427 1470.99 1679.9
1.252 -1.252 -0.000745217 20 1453.22 -0.0186035 -1.2334 24.9638 24.5272 159.427 1471.13 1680.05
1.253 -1.253 -0.000745745 20 1454.91 -0.0186224 -1.23438 24.9716 24.5272 159.427 1471.27 1680.2
1.254 -1.254 -0.000746272 20 1456.6 -0.0186414 -1.23536 24.9794 24.5272 159.427 1471.42 1680.35
1.255 -1.255 -0.0007468 20 1458.29 -0.0186604 -1.23634 24.9872 24.5272 159.427 1471.56 1680.5
1.256 -1.256 -0.000747327 20 1459.98 -0.0186795 -1.23732 24.9951 24.5272 159.427 1471.71 1680.66
1.257 -1.257 -0.000747854 20 1461.67 -0.0186985 -1.2383 25.0029 24.5272 159.427 1471.85 1680.81
1.258 -1.258 -0.000748381 20 1463.36 -0.0187176 -1.23928 25.0108 24.5272 159.427 1472 1680.96
1.259 -1.259 -0.000748908 20 1465.05 -0.0187367 -1.24026 25.0187 24.5272 159.427 1472.14 1681.11
1.26 -1.26 -0.000749435 20 1466.75 -0.0187558 -1.24124 25.0266 24.5272 159.427 1472.29 1681.27
1.261 -1.261 -0.000749961 20 1468.44 -0.0187749 -1.24223 25.0345 24.5272 159.427 1472.43 1681.42
1.262 -1.262 -0.000750488 20 1470.14 -0.0187941 -1.24321 25.0425 24.5272 159.427 1472.58 1681.57
1.263 -1.263 -0.000751014 20 1471.83 -0.0188132 -1.24419 25.0504 24.5272 159.427 1472.72 1681.73
1.264 -1.264 -0.00075154 20 1473.53 -0.0188324 -1.24517 25.0584 24.5272 159.427 1472.87 1681.88
1.265 -1.265 -0.000752067 20 1475.23 -0.0188516 -1.24615 25.0664 24.5272 159.427 1473.01 1682.03
1.266 -1.266 -0.000752592 20 1476.93 -0.0188708 -1.24713 25.0745 24.5272 159.427 1473.16 1682.19
1.267 -1.267 -0.000753118 20 1478.63 -0.0188901 -1.24811 25.0825 24.5272 159.427 1473.3 1682.34
1.268 -1.268 -0.000753644 20 1480.33 -0.0189093 -1.24909 25.0905 24.5272 159.427 1473.45 1682.49
1.269 -1.269 -0.00075417 20 1482.03 -0.0189286 -1.25007 25.0986 24.5272 159.427 1473.59 1682.65
1.27 -1.27 -0.000754695 20 1483.74 -0.0189479 -1.25105 25.1067 24.5272 159.427 1473.74 1682.8
1.271 -1.271 -0.00075522 20 1485.44 -0.0189672 -1.25203 25.1148 24.5272 159.427 1473.88 1682.95
1.272 -1.272 -0.000755746 20 1487.15 -0.0189866 -1.25301 25.123 24.5272 159.427 1474.03 1683.11
1.273 -1.273 -0.000756271 20 1488.85 -0.0190059 -1.25399 25.1311 24.5272 159.427 1474.17 1683.26
1.274 -1.274 -0.000756795 20 1490.56 -0.0190253 -1.25497 25.1393 24.5272 159.427 1474.32 1683.41
1.275 -1.275 -0.00075732 20 1492.27 -0.0190447 -1.25596 25.1475 24.5272 159.427 1474.47 1683.57
1.276 -1.276 -0.000757845 20 1493.98 -0.0190641 -1.25694 25.1557 24.5272 159.427 1474.61 1683.72
1.277 -1.277 -0.000758369 20 1495.69 -0.0190835 -1.25792 25.1639 24.5272 159.427 1474.76 1683.88
1.278 -1.278 -0.000758894 20 1497.4 -0.019103 -1.2589 25.1721 24.5272 159.427 1474.9 1684.03
1.279 -1.279 -0.000759418 20 1499.11 -0.0191224 -1.25988 25.1804 24.5272 159.427 1475.05 1684.18
1.28 -1.28 -0.000759942 20 1500.82 -0.0191419 -1.26086 25.1887 24.5272 159.427 1475.2 1684.34
1.281 -1.281 -0.000760466 20 1502.54 -0.0191614 -1.26184 25.197 24.5272 159.427 1475.34 1684.49
1.282 -1.282 -0.00076099 20 1504.25 -0.019181 -1.26282 25.2053 24.5272 159.427 1475.49 1684.65
1.283 -1.283 -0.000761514 20 1505.97 -0.0192005 -1.2638 25.2136 24.5272 159.427 1475.63 1684.8
1.284 -1.284 -0.000762037 20 1507.69 -0.0192201 -1.26478 25.2219 24.5272 159.427 1475.78 1684.96
1.285 -1.285 -0.000762561 20 1509.4 -0.0192396 -1.26576 25.2303 24.5272 159.427 1475.93 1685.11
1.286 -1.286 -0.000763084 20 1511.12 -0.0192592 -1.26674 25.2387 24.5272 159.427 1476.07 1685.27
1.287 -1.287 -0.000763607 20 1512.84 -0.0192789 -1.26772 25.2471 24.5272 159.427 1476.22 1685.42
1.288 -1.288 -0.00076413 20 1514.56 -0.0192985 -1.2687 25.2555 24.5272 159.427 1476.37 1685.58
1.289 -1.289 -0.000764653 20 1516.29 -0.0193182 -1.26968 25.264 24.5272 159.427 1476.51 1685.73
1.29 -1.29 -0.000765176 20 1518.01 -0.0193378 -1.27066 25.2724 24.5272 159.427 1476.66 1685.89
1.291 -1.291 -0.000765698 20 1519.73 -0.0193575 -1.27164 25.2809 24.5272 159.427 1476.81 1686.04
1.292 -1.292 -0.000766221 20 1521.46 -0.0193773 -1.27262 25.2894 24.5272 159.427 1476.95 1686.2
1.293 -1.293 -0.000766743 20 1523.18 -0.019397 -1.2736 25.2979 24.5272 159.427 1477.1 1686.35
1.294 -1.294 -0.000767266 20 1524.91 -0.0194167 -1.27458 25.3064 24.5272 159.427 1477.25 1686.51
1.295 -1.295 -0.000767788 20 1526.64 -0.0194365 -1.27556 25.315 24.5272 159.427 1477.4 1686.66
1.296 -1.296 -0.00076831 20 1528.37 -0.0194563 -1.27654 25.3235 24.5272 159.427 1477.54 1686.82
1.297 -1.297 -0.000768831 20 1530.1 -0.0194761 -1.27752 25.3321 24.5272 159.427 1477.69 1686.98
1.298 -1.298 -0.000769353 20 1531.83 -0.019496 -1.2785 25.3407 24.5272 159.427 1477.84 1687.13
1.299 -1.299 -0.000769875 20 1533.56 -0.0195158 -1.27948 25.3493 24.5272 159.427 1477.98 1687.29
1.3 -1.3 -0.000770396 20 1535.29 -0.0195357 -1.28046 25.358 24.5272 159.427 1478.13 1687.44
1.301 -1.301 -0.000770918 20 1537.02 -0.0195556 -1.28144 25.3666 24.5272 159.427 1478.28 1687.6
1.302 -1.302 -0.000771439 20 1538.76 -0.0195755 -1.28242 25.3753 24.5272 159.427 1478.43 1687.76
1.303 -1.303 -0.00077196 20 1540.49 -0.0195954 -1.2834 25.384 24.5272 159.427 1478.57 1687.91
1.304 -1.304 -0.000772481 20 1542.23 -0.0196154 -1.28438 25.3927 24.5272 159.427 1478.72 1688.07
1.305 -1.305 -0.000773001 20 1543.97 -0.0196354 -1.28536 25.4014 24.5272 159.427 1478.87 1688.22
1.306 -1.306 -0.000773522 20 1545.7 -0.0196553 -1.28634 25.4102 24.5272 159.427 1479.02 1688.38
1.307 -1.307 -0.000774043 20 1547.44 -0.0196754 -1.28732 25.419 24.5272 159.427 1479.16 1688.54
1.308 -1.308 -0.000774563 20 1549.18 -0.0196954 -1.2883 25.4277 24.5272 159.427 1479.31 1688.69
1.309 -1.309 -0.000775083 20 1550.92 -0.0197154 -1.28928 25.4365 24.5272 159.427 1479.46 1688.85
1.31 -1.31 -0.000775603 20 1552.66 -0.0197355 -1.29026 25.4454 24.5272 159.427 1479.61 1689.01
1.311 -1.311 -0.000776123 20 1554.41 -0.0197556 -1.29124 25.4542 24.5272 159.427 1479.76 1689.16
1.312 -1.312 -0.000776643 20 1556.15 -0.0197757 -1.29222 25.4631 24.5272 159.427 1479.9 1689.32
1.313 -1.313 -0.000777163 20 1557.9 -0.0197958 -1.2932 25.4719 24.5272 159.427 1480.05 1689.48
1.314 -1.314 -0.000777682 20 1559.64 -0.019816 -1.29418 25.4808 24.5272 159.427 1480.2 1689.64
1.315 -1.315 -0.000778202 20 1561.39 -0.0198362 -1.29516 25.4897 24.5272 159.427 1480.35 1689.79
1.316 -1.316 -0.000778721 20 1563.14 -0.0198563 -1.29614 25.4987 24.5272 159.427 1480.5 1689.95
1.317 -1.317 -0.00077924 20 1564.88 -0.0198766 -1.29712 25.5076 24.5272 159.427 1480.65 1690.11
1.318 -1.318 -0.000779759 20 1566.63 -0.0198968 -1.2981 25.5166 24.5272 159.427 1480.79 1690.26
1.319 -1.319 -0.000780278 20 1568.38 -0.019917 -1.29908 25.5256 24.5272 159.427 1480.94 1690.42
1.32 -1.32 -0.000780797 20 1570.14 -0.0199373 -1.30006 25.5346 24.5272 159.427 1481.09 1690.58
1.321 -1.321 -0.000781316 20 1571.89 -0.0199576 -1.30104 25.5436 24.5272 159.427 1481.24 1690.74
1.322 -1.322 -0.000781834 20 1573.64 -0.0199779 -1.30202 25.5526 24.5272 159.427 1481.39 1690.9
1.323 -1.323 -0.000782353 20 1575.4 -0.0199982 -1.303 25.5617 24.5272 159.427 1481.54 1691.05
1.324 -1.324 -0.000782871 20 1577.15 -0.0200186 -1.30398 25.5707 24.5272 159.427 1481.69 1691.21
1.325 -1.325 -0.000783389 20 1578.91 -0.020039 -1.30496 25.5798 24.5272 159.427 1481.84 1691.37
1.326 -1.326 -0.000783907 20 1580.66 -0.0200593 -1.30594 25.5889 24.5272 159.427 1481.98 1691.53
1.327 -1.327 -0.000784425 20 1582.42 -0.0200798 -1.30692 25.5981 24.5272 159.427 1482.13 1691.69
1.328 -1.328 -0.000784943 20 1584.18 -0.0201002 -1.3079 25.6072 24.5272 159.427 1482.28 1691.84
1.329 -1.329 -0.00078546 20 1585.94 -0.0201206 -1.30888 25.6164 24.5272 159.427 1482.43 1692
1.33 -1.33 -0.000785978 20 1587.7 -0.0201411 -1.30986 25.6256 24.5272 159.427 1482.58 1692.16
1.331 -1.331 -0.000786495 20 1589.46 -0.0201616 -1.31084 25.6348 24.5272 159.427 1482.73 1692.32
1.332 -1.332 -0.000787012 20 1591.23 -0.0201821 -1.31182 25.644 24.5272 159.427 1482.88 1692.48
1.333 -1.333 -0.000787529 20 1592.99 -0.0202027 -1.3128 25.6532 24.5272 159.427 1483.03 1692.64
1.334 -1.334 -0.000788046 20 1594.75 -0.0202232 -1.31378 25.6625 24.5272 159.427 1483.18 1692.79
1.335 -1.335 -0.000788563 20 1596.52 -0.0202438 -1.31476 25.6717 24.5272 159.427 1483.33 1692.95
1.336 -1.336 -0.00078908 20 1598.29 -0.0202644 -1.31574 25.681 24.5272 159.427 1483.48 1693.11
1.337 -1.337 -0.000789596 20 1600.05 -0.020285 -1.31672 25.6903 24.5272 159.427 1483.63 1693.27
1.338 -1.338 -0.000790112 20 1601.82 -0.0203056 -1.31769 25.6997 24.5272 159.427 1483.78 1693.43
1.339 -1.339 -0.000790629 20 1603.59 -0.0203263 -1.31867 25.709 24.5272 159.427 1483.93 1693.59
1.34 -1.34 -0.000791145 20 1605.36 -0.0203469 -1.31965 25.7184 24.5272 159.427 1484.08 1693.75
1.341 -1.341 -0.000791661 20 1607.13 -0.0203676 -1.32063 25.7277 24.5272 159.427 1484.23 1693.91
1.342 -1.342 -0.000792177 20 1608.91 -0.0203884 -1.32161 25.7371 24.5272 159.427 1484.38 1694.07
1.343 -1.343 -0.000792692 20 1610.68 -0.0204091 -1.32259 25.7466 24.5272 159.427 1484.53 1694.23
1.344 -1.344 -0.000793208 20 1612.45 -0.0204299 -1.32357 25.756 24.5272 159.427 1484.68 1694.39
1.345 -1.345 -0.000793723 20 1614.23 -0.0204506 -1.32455 25.7654 24.5272 159.427 1484.83 1694.54
1.346 -1.346 -0.000794239 20 1616 -0.0204714 -1.32553 25.7749 24.5272 159.427 1484.98 1694.7
1.347 -1.347 -0.000794754 20 1617.78 -0.0204923 -1.32651 25.7844 24.5272 159.427 1485.13 1694.86
1.348 -1.348 -0.000795269 20 1619.56 -0.0205131 -1.32749 25.7939 24.5272 159.427 1485.28 1695.02
1.349 -1.349 -0.000795784 20 1621.34 -0.020534 -1.32847 25.8034 24.5272 159.427 1485.43 1695.18
1.35 -1.35 -0.000796299 20 1623.12 -0.0205548 -1.32945 25.813 24.5272 159.427 1485.58 1695.34
1.351 -1.351 -0.000796813 20 1624.9 -0.0205757 -1.33042 25.8225 24.5272 159.427 1485.73 1695.5
1.352 -1.352 -0.000797328 20 1626.68 -0.0205967 -1.3314 25.8321 24.5272 159.427 1485.88 1695.66
1.353 -1.353 -0.000797842 20 1628.46 -0.0206176 -1.33238 25.8417 24.5272 159.427 1486.03 1695.82
1.354 -1.354 -0.000798357 20 1630.24 -0.0206386 -1.33336 25.8513 24.5272 159.427 1486.18 1695.98
1.355 -1.355 -0.000798871 20 1632.03 -0.0206596 -1.33434 25.861 24.5272 159.427 1486.33 1696.14
1.356 -1.356 -0.000799385 20 1633.81 -0.0206806 -1.33532 25.8706 24.5272 159.427 1486.48 1696.3
1.357 -1.357 -0.000799899 20 1635.6 -0.0207016 -1.3363 25.8803 24.5272 159.427 1486.63 1696.47
1.358 -1.358 -0.000800412 20 1637.39 -0.0207226 -1.33728 25.89 24.5272 159.427 1486.78 1696.63
1.359 -1.359 -0.000800926 20 1639.18 -0.0207437 -1.33826 25.8997 24.5272 159.427 1486.93 1696.79
1.36 -1.36 -0.000801439 20 1640.96 -0.0207648 -1.33924 25.9094 24.5272 159.427 1487.08 1696.95
1.361 -1.361 -0.000801953 20 1642.75 -0.0207859 -1.34021 25.9191 24.5272 159.427 1487.23 1697.11
1.362 -1.362 -0.000802466 20 1644.55 -0.020807 -1.34119 25.9289 24.5272 159.427 1487.39 1697.27
1.363 -1.363 -0.000802979 20 1646.34 -0.0208282 -1.34217 25.9387 24.5272 159.427 1487.54 1697.43
1.364 -1.364 -0.000803492 20 1648.13 -0.0208494 -1.34315 25.9485 24.5272 159.427 1487.69 1697.59
1.365 -1.365 -0.000804005 20 1649.92 -0.0208706 -1.34413 25.9583 24.5272 159.427 1487.84 1697.75
1.366 -1.366 -0.000804517 20 1651.72 -0.0208918 -1.34511 25.9681 24.5272 159.427 1487.99 1697.91
1.367 -1.367 -0.00080503 20 1653.51 -0.020913 -1.34609 25.9779 24.5272 159.427 1488.14 1698.07
1.368 -1.368 -0.000805542 20 1655.31 -0.0209343 -1.34707 25.9878 24.5272 159.427 1488.29 1698.23
1.369 -1.369 -0.000806055 20 1657.11 -0.0209556 -1.34804 25.9977 24.5272 159.427 1488.44 1698.4
1.37 -1.37 -0.000806567 20 1658.91 -0.0209769 -1.34902 26.0076 24.5272 159.427 1488.6 1698.56
1.371 -1.371 -0.000807079 20 1660.71 -0.0209982 -1.35 26.0175 24.5272 159.427 1488.75 1698.72
1.372 -1.372 -0.000807591 20 1662.51 -0.0210195 -1.35098 26.0275 24.5272 159.427 1488.9 1698.88
1.373 -1.373 -0.000808102 20 1664.31 -0.0210409 -1.35196 26.0374 24.5272 159.427 1489.05 1699.04
1.374 -1.374 -0.000808614 20 1666.11 -0.0210623 -1.35294 26.0474 24.5272 159.427 1489.2 1699.2
1.375 -1.375 -0.000809125 20 1667.91 -0.0210837 -1.35392 26.0574 24.5272 159.427 1489.35 1699.37
1.376 -1.376 -0.000809637 20 1669.72 -0.0211051 -1.35489 26.0674 24.5272 159.427 1489.51 1699.53
1.377 -1.377 -0.000810148 20 1671.52 -0.0211266 -1.35587 26.0774 24.5272 159.427 1489.66 1699.69
1.378 -1.378 -0.000810659 20 1673.33 -0.021148 -1.35685 26.0875 24.5272 159.427 1489.81 1699.85
1.379 -1.379 -0.00081117 20 1675.13 -0.0211695 -1.35783 26.0975 24.5272 159.427 1489.96 1700.01
1.38 -1.38 -0.000811681 20 1676.94 -0.021191 -1.35881 26.1076 24.5272 159.427 1490.11 1700.18
1.381 -1.381 -0.000812191 20 1678.75 -0.0212126 -1.35979 26.1177 24.5272 159.427 1490.27 1700.34
1.382 -1.382 -0.000812702 20 1680.56 -0.0212341 -1.36077 26.1278 24.5272 159.427 1490.42 1700.5
1.383 -1.383 -0.000813212 20 1682.37 -0.0212557 -1.36174 26.138 24.5272 159.427 1490.57 1700.66
1.384 -1.384 -0.000813723 20 1684.18 -0.0212773 -1.36272 26.1481 24.5272 159.427 1490.72 1700.83
1.385 -1.385 -0.000814233 20 1685.99 -0.0212989 -1.3637 26.1583 24.5272 159.427 1490.88 1700.99
1.386 -1.386 -0.000814743 20 1687.81 -0.0213206 -1.36468 26.1685 24.5272 159.427 1491.03 1701.15
1.387 -1.387 -0.000815253 20 1689.62 -0.0213422 -1.36566 26.1787 24.5272 159.427 1491.18 1701.31
1.388 -1.388 -0.000815762 20 1691.44 -0.0213639 -1.36664 26.1889 24.5272 159.427 1491.33 1701.48
1.389 -1.389 -0.000816272 20 1693.25 -0.0213856 -1.36761 26.1991 24.5272 159.427 1491.49 1701.64
1.39 -1.39 -0.000816781 20 1695.07 -0.0214074 -1.36859 26.2094 24.5272 159.427 1491.64 1701.8
1.391 -1.391 -0.000817291 20 1696.89 -0.0214291 -1.36957 26.2197 24.5272 159.427 1491.79 1701.96
1.392 -1.392 -0.0008178 20 1698.7 -0.0214509 -1.37055 26.23 24.5272 159.427 1491.94 1702.13
1.393 -1.393 -0.000818309 20 1700.52 -0.0214727 -1.37153 26.2403 24.5272 159.427 1492.1 1702.29
1.394 -1.394 -0.000818818 20 1702.35 -0.0214945 -1.37251 26.2506 24.5272 159.427 1492.25 1702.45
1.395 -1.395 -0.000819327 20 1704.17 -0.0215163 -1.37348 26.261 24.5272 159.427 1492.4 1702.62
1.396 -1.396 -0.000819835 20 1705.99 -0.0215382 -1.37446 26.2714 24.5272 159.427 1492.56 1702.78
1.397 -1.397 -0.000820344 20 1707.81 -0.0215601 -1.37544 26.2817 24.5272 159.427 1492.71 1702.94
1.398 -1.398 -0.000820852 20 1709.64 -0.021582 -1.37642 26.2921 24.5272 159.427 1492.86 1703.11
1.399 -1.399 -0.000821361 20 1711.46 -0.0216039 -1.3774 26.3026 24.5272 159.427 1493.01 1703.27
1.4 -1.4 -0.000821869 20 1713.29 -0.0216258 -1.37837 26.313 24.5272 159.427 1493.17 1703.43
1.401 -1.401 -0.000822377 20 1715.12 -0.0216478 -1.37935 26.3235 24.5272 159.427 1493.32 1703.6
1.402 -1.402 -0.000822885 20 1716.94 -0.0216698 -1.38033 26.3339 24.5272 159.427 1493.47 1703.76
1.403 -1.403 -0.000823393 20 1718.77 -0.0216918 -1.38131 26.3444 24.5272 159.427 1493.63 1703.93
1.404 -1.404 -0.0008239 20 1720.6 -0.0217139 -1.38229 26.355 24.5272 159.427 1493.78 1704.09
1.405 -1.405 -0.000824408 20 1722.43 -0.0217359 -1.38326 26.3655 24.5272 159.427 1493.93 1704.25
1.406 -1.406 -0.000824915 20 1724.26 -0.021758 -1.38424 26.376 24.5272 159.427 1494.09 1704.42
1.407 -1.407 -0.000825422 20 1726.1 -0.0217801 -1.38522 26.3866 24.5272 159.427 1494.24 1704.58
1.408 -1.408 -0.000825929 20 1727.93 -0.0218022 -1.3862 26.3972 24.5272 159.427 1494.4 1704.75
1.409 -1.409 -0.000826436 20 1729.77 -0.0218244 -1.38718 26.4078 24.5272 159.427 1494.55 1704.91
1.41 -1.41 -0.000826943 20 1731.6 -0.0218465 -1.38815 26.4184 24.5272 159.427 1494.7 1705.08
1.411 -1.411 -0.00082745 20 1733.44 -0.0218687 -1.38913 26.429 24.5272 159.427 1494.86 1705.24
1.412 -1.412 -0.000827956 20 1735.27 -0.0218909 -1.39011 26.4397 24.5272 159.427 1495.01 1705.4
1.413 -1.413 -0.000828463 20 1737.11 -0.0219131 -1.39109 26.4504 24.5272 159.427 1495.16 1705.57
1.414 -1.414 -0.000828969 20 1738.95 -0.0219354 -1.39206 26.4611 24.5272 159.427 1495.32 1705.73
1.415 -1.415 -0.000829475 20 1740.79 -0.0219577 -1.39304 26.4718 24.5272 159.427 1495.47 1705.9
1.416 -1.416 -0.000829981 20 1742.63 -0.02198 -1.39402 26.4825 24.5272 159.427 1495.63 1706.06
1.417 -1.417 -0.000830487 20 1744.47 -0.0220023 -1.395 26.4932 24.5272 159.427 1495.78 1706.23
1.418 -1.418 -0.000830993 20 1746.32 -0.0220246 -1.39598 26.504 24.5272 159.427 1495.93 1706.39
1.419 -1.419 -0.000831499 20 1748.16 -0.022047 -1.39695 26.5148 24.5272 159.427 1496.09 1706.56
1.42 -1.42 -0.000832004 20 1750.01 -0.0220694 -1.39793 26.5256 24.5272 159.427 1496.24 1706.72
1.421 -1.421 -0.000832509 20 1751.85 -0.0220918 -1.39891 26.5364 24.5272 159.427 1496.4 1706.89
1.422 -1.422 -0.000833015 20 1753.7 -0.0221142 -1.39989 26.5472 24.5272 159.427 1496.55 1707.05
1.423 -1.423 -0.00083352 20 1755.54 -0.0221367 -1.40086 26.5581 24.5272 159.427 1496.71 1707.22
1.424 -1.424 -0.000834025 20 1757.39 -0.0221592 -1.40184 26.569 24.5272 159.427 1496.86 1707.38
1.425 -1.425 -0.000834529 20 1759.24 -0.0221817 -1.40282 26.5799 24.5272 159.427 1497.01 1707.55
1.426 -1.426 -0.000835034 20 1761.09 -0.0222042 -1.4038 26.5908 24.5272 159.427 1497.17 1707.71
1.427 -1.427 -0.000835539 20 1762.94 -0.0222267 -1.40477 26.6017 24.5272 159.427 1497.32 1707.88
1.428 -1.428 -0.000836043 20 1764.8 -0.0222493 -1.40575 26.6126 24.5272 159.427 1497.48 1708.05
1.429 -1.429 -0.000836548 20 1766.65 -0.0222719 -1.40673 26.6236 24.5272 159.427 1497.63 1708.21
1.43 -1.43 -0.000837052 20 1768.5 -0.0222945 -1.40771 26.6346 24.5272 159.427 1497.79 1708.38
1.431 -1.431 -0.000837556 20 1770.36 -0.0223171 -1.40868 26.6456 24.5272 159.427 1497.94 1708.54
1.432 -1.432 -0.00083806 20 1772.21 -0.0223398 -1.40966 26.6566 24.5272 159.427 1498.1 1708.71
1.433 -1.433 -0.000838563 20 1774.07 -0.0223625 -1.41064 26.6676 24.5272 159.427 1498.25 1708.87
1.434 -1.434 -0.000839067 20 1775.93 -0.0223852 -1.41161 26.6787 24.5272 159.427 1498.41 1709.04
1.435 -1.435 -0.000839571 20 1777.78 -0.0224079 -1.41259 26.6897 24.5272 159.427 1498.56 1709.21
1.436 -1.436 -0.000840074 20 1779.64 -0.0224307 -1.41357 26.7008 24.5272 159.427 1498.72 1709.37
1.437 -1.437 -0.000840577 20 1781.5 -0.0224534 -1.41455 26.7119 24.5272 159.427 1498.87 1709.54
1.438 -1.438 -0.00084108 20 1783.36 -0.0224762 -1.41552 26.723 24.5272 159.427 1499.03 1709.71
1.439 -1.439 -0.000841583 20 1785.23 -0.022499 -1.4165 26.7342 24.5272 159.427 1499.18 1709.87
1.44 -1.44 -0.000842086 20 1787.09 -0.0225219 -1.41748 26.7453 24.5272 159.427 1499.34 1710.04
1.441 -1.441 -0.000842589 20 1788.95 -0.0225447 -1.41846 26.7565 24.5272 159.427 1499.49 1710.21
1.442 -1.442 -0.000843091 20 1790.82 -0.0225676 -1.41943 26.7677 24.5272 159.427 1499.65 1710.37
1.443 -1.443 -0.000843594 20 1792.68 -0.0225905 -1.42041 26.7789 24.5272 159.427 1499.81 1710.54
1.444 -1.444 -0.000844096 20 1794.55 -0.0226134 -1.42139 26.7901 24.5272 159.427 1499.96 1710.71
1.445 -1.445 -0.000844598 20 1796.42 -0.0226364 -1.42236 26.8014 24.5272 159.427 1500.12 1710.87
1.446 -1.446 -0.0008451 20 1798.29 -0.0226594 -1.42334 26.8126 24.5272 159.427 1500.27 1711.04
1.447 -1.447 -0.000845602 20 1800.15 -0.0226824 -1.42432 26.8239 24.5272 159.427 1500.43 1711.21
1.448 -1.448 -0.000846104 20 1802.02 -0.0227054 -1.42529 26.8352 24.5272 159.427 1500.58 1711.37
1.449 -1.449 -0.000846606 20 1803.9 -0.0227284 -1.42627 26.8465 24.5272 159.427 1500.74 1711.54
1.45 -1.45 -0.000847107 20 1805.77 -0.0227515 -1.42725 26.8579 24.5272 159.427 1500.9 1711.71
1.451 -1.451 -0.000847609 20 1807.64 -0.0227746 -1.42823 26.8692 24.5272 159.427 1501.05 1711.87
1.452 -1.452 -0.00084811 20 1809.51 -0.0227977 -1.4292 26.8806 24.5272 159.427 1501.21 1712.04
1.453 -1.453 -0.000848611 20 1811.39 -0.0228208 -1.43018 26.892 24.5272 159.427 1501.36 1712.21
1.454 -1.454 -0.000849112 20 1813.26 -0.022844 -1.43116 26.9034 24.5272 159.427 1501.52 1712.38
1.455 -1.455 -0.000849613 20 1815.14 -0.0228672 -1.43213 26.9148 24.5272 159.427 1501.68 1712.54
1.456 -1.456 -0.000850114 20 1817.02 -0.0228904 -1.43311 26.9263 24.5272 159.427 1501.83 1712.71
1.457 -1.457 -0.000850614 20 1818.9 -0.0229136 -1.43409 26.9377 24.5272 159.427 1501.99 1712.88
1.458 -1.458 -0.000851115 20 1820.78 -0.0229369 -1.43506 26.9492 24.5272 159.427 1502.14 1713.05
1.459 -1.459 -0.000851615 20 1822.66 -0.0229601 -1.43604 26.9607 24.5272 159.427 1502.3 1713.22
1.46 -1.46 -0.000852115 20 1824.54 -0.0229834 -1.43702 26.9722 24.5272 159.427 1502.46 1713.38
1.461 -1.461 -0.000852615 20 1826.42 -0.0230067 -1.43799 26.9837 24.5272 159.427 1502.61 1713.55
1.462 -1.462 -0.000853115 20 1828.3 -0.0230301 -1.43897 26.9953 24.5272 159.427 1502.77 1713.72
1.463 -1.463 -0.000853615 20 1830.19 -0.0230535 -1.43995 27.0068 24.5272 159.427 1502.93 1713.89
1.464 -1.464 -0.000854115 20 1832.07 -0.0230768 -1.44092 27.0184 24.5272 159.427 1503.08 1714.06
1.465 -1.465 -0.000854614 20 1833.96 -0.0231003 -1.4419 27.03 24.5272 159.427 1503.24 1714.22
1.466 -1.466 -0.000855114 20 1835.84 -0.0231237 -1.44288 27.0417 24.5272 159.427 1503.4 1714.39
1.467 -1.467 -0.000855613 20 1837.73 -0.0231472 -1.44385 27.0533 24.5272 159.427 1503.55 1714.56
1.468 -1.468 -0.000856112 20 1839.62 -0.0231706 -1.44483 27.0649 24.5272 159.427 1503.71 1714.73
1.469 -1.469 -0.000856611 20 1841.51 -0.0231941 -1.44581 27.0766 24.5272 159.427 1503.87 1714.9
1.47 -1.47 -0.00085711 20 1843.4 -0.0232177 -1.44678 27.0883 24.5272 159.427 1504.02 1715.07
1.471 -1.471 -0.000857609 20 1845.29 -0.0232412 -1.44776 27.1 24.5272 159.427 1504.18 1715.23
1.472 -1.472 -0.000858108 20 1847.18 -0.0232648 -1.44874 27.1117 24.5272 159.427 1504.34 1715.4
1.473 -1.473 -0.000858606 20 1849.07 -0.0232884 -1.44971 27.1235 24.5272 159.427 1504.49 1715.57
1.474 -1.474 -0.000859104 20 1850.97 -0.023312 -1.45069 27.1353 24.5272 159.427 1504.65 1715.74
1.475 -1.475 -0.000859603 20 1852.86 -0.0233357 -1.45166 27.147 24.5272 159.427 1504.81 1715.91
1.476 -1.476 -0.000860101 20 1854.76 -0.0233593 -1.45264 27.1588 24.5272 159.427 1504.97 1716.08
1.477 -1.477 -0.000860599 20 1856.65 -0.023383 -1.45362 27.1707 24.5272 159.427 1505.12 1716.25
1.478 -1.478 -0.000861096 20 1858.55 -0.0234067 -1.45459 27.1825 24.5272 159.427 1505.28 1716.42
1.479 -1.479 -0.000861594 20 1860.45 -0.0234305 -1.45557 27.1943 24.5272 159.427 1505.44 1716.59
1.48 -1.48 -0.000862092 20 1862.35 -0.0234542 -1.45655 27.2062 24.5272 159.427 1505.59 1716.75
1.481 -1.481 -0.000862589 20 1864.25 -0.023478 -1.45752 27.2181 24.5272 159.427 1505.75 1716.92
1.482 -1.482 -0.000863087 20 1866.15 -0.0235018 -1.4585 27.23 24.5272 159.427 1505.91 1717.09
1.483 -1.483 -0.000863584 20 1868.05 -0.0235257 -1.45947 27.2419 24.5272 159.427 1506.07 1717.26
1.484 -1.484 -0.000864081 20 1869.95 -0.0235495 -1.46045 27.2539 24.5272 159.427 1506.22 1717.43
1.485 -1.485 -0.000864578 20 1871.86 -0.0235734 -1.46143 27.2658 24.5272 159.427 1506.38 1717.6
1.486 -1.486 -0.000865074 20 1873.76 -0.0235973 -1.4624 27.2778 24.5272 159.427 1506.54 1717.77
1.487 -1.487 -0.000865571 20 1875.67 -0.0236213 -1.46338 27.2898 24.5272 159.427 1506.7 1717.94
1.488 -1.488 -0.000866068 20 1877.57 -0.0236452 -1.46435 27.3018 24.5272 159.427 1506.85 1718.11
1.489 -1.489 -0.000866564 20 1879.48 -0.0236692 -1.46533 27.3138 24.5272 159.427 1507.01 1718.28
1.49 -1.49 -0.00086706 20 1881.39 -0.0236932 -1.46631 27.3259 24.5272 159.427 1507.17 1718.45
1.491 -1.491 -0.000867556 20 1883.3 -0.0237172 -1.46728 27.3379 24.5272 159.427 1507.33 1718.62
1.492 -1.492 -0.000868052 20 1885.21 -0.0237413 -1.46826 27.35 24.5272 159.427 1507.49 1718.79
1.493 -1.493 -0.000868548 20 1887.12 -0.0237653 -1.46923 27.3621 24.5272 159.427 1507.64 1718.96
1.494 -1.494 -0.000869044 20 1889.03 -0.0237894 -1.47021 27.3742 24.5272 159.427 1507.8 1719.13
1.495 -1.495 -0.000869539 20 1890.94 -0.0238135 -1.47119 27.3864 24.5272 159.427 1507.96 1719.3
1.496 -1.496 -0.000870035 20 1892.86 -0.0238377 -1.47216 27.3985 24.5272 159.427 1508.12 1719.47
1.497 -1.497 -0.00087053 20 1894.77 -0.0238618 -1.47314 27.4107 24.5272 159.427 1508.28 1719.64
1.498 -1.498 -0.000871025 20 1896.69 -0.023886 -1.47411 27.4229 24.5272 159.427 1508.43 1719.81
1.499 -1.499 -0.000871521 20 1898.6 -0.0239103 -1.47509 27.4351 24.5272 159.427 1508.59 1719.98
1.5 -1.5 -0.000872015 20 1900.52 -0.0239345 -1.47607 27.4473 24.5272 159.427 1508.75 1720.15
1.501 -1.501 -0.00087251 20 1902.44 -0.0239588 -1.47704 27.4596 24.5272 159.427 1508.91 1720.32
1.502 -1.5 -0.000871999 20 1900.73 -0.023965 -1.47603 27.4829 24.5272 159.427 1508.75 1720.18
1.503 -1.499 -0.000871503 20 1898.82 -0.0239424 -1.47505 27.4726 24.5272 159.427 1508.59 1720.01
1.504 -1.498 -0.000871007 20 1896.9 -0.0239182 -1.47408 27.4604 24.5272 159.427 1508.43 1719.84
1.505 -1.49699 -0.000870511 20 1894.99 -0.0238939 -1.4731 27.4482 24.5272 159.427 1508.27 1719.67
1.506 -1.49599 -0.000870015 20 1893.07 -0.0238697 -1.47212 27.4359 24.5272 159.427 1508.11 1719.5
1.507 -1.49499 -0.000869519 20 1891.15 -0.0238455 -1.47115 27.4237 24.5272 159.427 1507.95 1719.33
1.508 -1.49399 -0.000869023 20 1889.24 -0.0238213 -1.47017 27.4116 24.5272 159.427 1507.8 1719.16
1.509 -1.49299 -0.000868527 20 1887.32 -0.0237971 -1.46919 27.3994 24.5272 159.427 1507.64 1718.99
1.51 -1.49199 -0.00086803 20 1885.41 -0.0237729 -1.46822 27.3872 24.5272 159.427 1507.48 1718.82
1.511 -1.49099 -0.000867533 20 1883.49 -0.0237488 -1.46724 27.3751 24.5272 159.427 1507.32 1718.65
1.512 -1.48999 -0.000867037 20 1881.58 -0.0237247 -1.46626 27.363 24.5272 159.427 1507.16 1718.48
1.513 -1.48898 -0.00086654 20 1879.67 -0.0237006 -1.46528 27.3509 24.5272 159.427 1507 1718.31
1.514 -1.48798 -0.000866043 20 1877.76 -0.0236766 -1.46431 27.3388 24.5272 159.427 1506.85 1718.14
1.515 -1.48698 -0.000865546 20 1875.85 -0.0236525 -1.46333 27.3267 24.5272 159.427 1506.69 1717.97
1.516 -1.48598 -0.000865048 20 1873.94 -0.0236285 -1.46235 27.3147 24.5272 159.427 1506.53 1717.8
1.517 -1.48498 -0.000864551 20 1872.04 -0.0236045 -1.46137 27.3027 24.5272 159.427 1506.37 1717.63
1.518 -1.48398 -0.000864053 20 1870.13 -0.0235806 -1.4604 27.2907 24.5272 159.427 1506.22 1717.46
1.519 -1.48298 -0.000863556 20 1868.22 -0.0235566 -1.45942 27.2787 24.5272 159.427 1506.06 1717.29
1.52 -1.48197 -0.000863058 20 1866.32 -0.0235327 -1.45844 27.2667 24.5272 159.427 1505.9 1717.12
1.521 -1.48097 -0.00086256 20 1864.41 -0.0235088 -1.45746 27.2547 24.5272 159.427 1505.74 1716.95
1.522 -1.47997 -0.000862062 20 1862.51 -0.023485 -1.45649 27.2428 24.5272 159.427 1505.58 1716.78
1.523 -1.47897 -0.000861564 20 1860.61 -0.0234611 -1.45551 27.2309 24.5272 159.427 1505.43 1716.61
1.524 -1.47797 -0.000861065 20 1858.71 -0.0234373 -1.45453 27.219 24.5272 159.427 1505.27 1716.44
1.525 -1.47697 -0.000860567 20 1856.81 -0.0234135 -1.45355 27.2071 24.5272 159.427 1505.11 1716.27
1.526 -1.47597 -0.000860068 20 1854.91 -0.0233897 -1.45258 27.1952 24.5272 159.427 1504.95 1716.1
1.527 -1.47497 -0.000859569 20 1853.01 -0.023366 -1.4516 27.1834 24.5272 159.427 1504.8 1715.94
1.528 -1.47396 -0.000859071 20 1851.11 -0.0233423 -1.45062 27.1715 24.5272 159.427 1504.64 1715.77
1.529 -1.47296 -0.000858572 20 1849.22 -0.0233186 -1.44964 27.1597 24.5272 159.427 1504.48 1715.6
1.53 -1.47196 -0.000858072 20 1847.32 -0.0232949 -1.44867 27.1479 24.5272 159.427 1504.33 1715.43
1.531 -1.47096 -0.000857573 20 1845.43 -0.0232712 -1.44769 27.1361 24.5272 159.427 1504.17 1715.26
1.532 -1.46996 -0.000857074 20 1843.53 -0.0232476 -1.44671 27.1244 24.5272 159.427 1504.01 1715.09
1.533 -1.46896 -0.000856574 20 1841.64 -0.023224 -1.44573 27.1126 24.5272 159.427 1503.85 1714.92
1.534 -1.46796 -0.000856075 20 1839.75 -0.0232004 -1.44476 27.1009 24.5272 159.427 1503.7 1714.75
1.535 -1.46695 -0.000855575 20 1837.85 -0.0231768 -1.44378 27.0892 24.5272 159.427 1503.54 1714.58
1.536 -1.46595 -0.000855075 20 1835.96 -0.0231533 -1.4428 27.0775 24.5272 159.427 1503.38 1714.42
1.537 -1.46495 -0.000854575 20 1834.07 -0.0231298 -1.44182 27.0659 24.5272 159.427 1503.23 1714.25
1.538 -1.46395 -0.000854075 20 1832.19 -0.0231063 -1.44084 27.0542 24.5272 159.427 1503.07 1714.08
1.539 -1.46295 -0.000853574 20 1830.3 -0.0230828 -1.43987 27.0426 24.5272 159.427 1502.91 1713.91
1.54 -1.46195 -0.000853074 20 1828.41 -0.0230594 -1.43889 27.0309 24.5272 159.427 1502.76 1713.74
1.541 -1.46095 -0.000852573 20 1826.53 -0.023036 -1.43791 27.0194 24.5272 159.427 1502.6 1713.57
1.542 -1.45995 -0.000852072 20 1824.64 -0.0230126 -1.43693 27.0078 24.5272 159.427 1502.44 1713.41
1.543 -1.45894 -0.000851572 20 1822.76 -0.0229892 -1.43595 26.9962 24.5272 159.427 1502.29 1713.24
1.544 -1.45794 -0.000851071 20 1820.87 -0.0229658 -1.43498 26.9847 24.5272 159.427 1502.13 1713.07
1.545 -1.45694 -0.000850569 20 1818.99 -0.0229425 -1.434 26.9731 24.5272 159.427 1501.97 1712.9
1.546 -1.45594 -0.000850068 20 1817.11 -0.0229192 -1.43302 26.9616 24.5272 159.427 1501.82 1712.73
1.547 -1.45494 -0.000849567 20 1815.23 -0.0228959 -1.43204 26.9501 24.5272 159.427 1501.66 1712.57
1.548 -1.45394 -0.000849065 20 1813.35 -0.0228727 -1.43106 26.9387 24.5272 159.427 1501.5 1712.4
1.549 -1.45294 -0.000848564 20 1811.47 -0.0228494 -1.43009 26.9272 24.5272 159.427 1501.35 1712.23
1.55 -1.45193 -0.000848062 20 1809.6 -0.0228262 -1.42911 26.9158 24.5272 159.427 1501.19 1712.06
1.551 -1.45093 -0.00084756 20 1807.72 -0.022803 -1.42813 26.9043 24.5272 159.427 1501.04 1711.89
1.552 -1.44993 -0.000847058 20 1805.84 -0.0227799 -1.42715 26.8929 24.5272 159.427 1500.88 1711.73
1.553 -1.44893 -0.000846556 20 1803.97 -0.0227567 -1.42617 26.8816 24.5272 159.427 1500.72 1711.56
1.554 -1.44793 -0.000846053 20 1802.09 -0.0227336 -1.4252 26.8702 24.5272 159.427 1500.57 1711.39
1.555 -1.44693 -0.000845551 20 1800.22 -0.0227105 -1.42422 26.8588 24.5272 159.427 1500.41 1711.23
1.556 -1.44593 -0.000845048 20 1798.35 -0.0226874 -1.42324 26.8475 24.5272 159.427 1500.26 1711.06
1.557 -1.44493 -0.000844546 20 1796.48 -0.0226644 -1.42226 26.8362 24.5272 159.427 1500.1 1710.89
1.558 -1.44392 -0.000844043 20 1794.61 -0.0226414 -1.42128 26.8249 24.5272 159.427 1499.94 1710.72
1.559 -1.44292 -0.00084354 20 1792.74 -0.0226184 -1.4203 26.8136 24.5272 159.427 1499.79 1710.56
1.56 -1.44192 -0.000843037 20 1790.87 -0.0225954 -1.41933 26.8024 24.5272 159.427 1499.63 1710.39
1.561 -1.44092 -0.000842533 20 1789 -0.0225724 -1.41835 26.7911 24.5272 159.427 1499.48 1710.22
1.562 -1.43992 -0.00084203 20 1787.14 -0.0225495 -1.41737 26.7799 24.5272 159.427 1499.32 1710.06
1.563 -1.43892 -0.000841527 20 1785.27 -0.0225266 -1.41639 26.7687 24.5272 159.427 1499.17 1709.89
1.564 -1.43792 -0.000841023 20 1783.4 -0.0225037 -1.41541 26.7575 24.5272 159.427 1499.01 1709.72
1.565 -1.43691 -0.000840519 20 1781.54 -0.0224808 -1.41443 26.7463 24.5272 159.427 1498.86 1709.56
1.566 -1.43591 -0.000840015 20 1779.68 -0.022458 -1.41346 26.7352 24.5272 159.427 1498.7 1709.39
1.567 -1.43491 -0.000839511 20 1777.82 -0.0224351 -1.41248 26.7241 24.5272 159.427 1498.54 1709.22
1.568 -1.43391 -0.000839007 20 1775.95 -0.0224123 -1.4115 26.7129 24.5272 159.427 1498.39 1709.06
1.569 -1.43291 -0.000838503 20 1774.09 -0.0223896 -1.41052 26.7018 24.5272 159.427 1498.23 1708.89
1.57 -1.43191 -0.000837998 20 1772.24 -0.0223668 -1.40954 26.6908 24.5272 159.427 1498.08 1708.72
1.571 -1.43091 -0.000837494 20 1770.38 -0.0223441 -1.40856 26.6797 24.5272 159.427 1497.92 1708.56
1.572 -1.42991 -0.000836989 20 1768.52 -0.0223214 -1.40758 26.6687 24.5272 159.427 1497.77 1708.39
1.573 -1.4289 -0.000836484 20 1766.66 -0.0222987 -1.40661 26.6576 24.5272 159.427 1497.61 1708.23
1.574 -1.4279 -0.000835979 20 1764.81 -0.022276 -1.40563 26.6466 24.5272 159.427 1497.46 1708.06
1.575 -1.4269 -0.000835474 20 1762.95 -0.0222534 -1.40465 26.6356 24.5272 159.427 1497.3 1707.89
1.576 -1.4259 -0.000834969 20 1761.1 -0.0222308 -1.40367 26.6247 24.5272 159.427 1497.15 1707.73
1.577 -1.4249 -0.000834463 20 1759.25 -0.0222082 -1.40269 26.6137 24.5272 159.427 1496.99 1707.56
1.578 -1.4239 -0.000833958 20 1757.39 -0.0221856 -1.40171 26.6028 24.5272 159.427 1496.84 1707.4
1.579 -1.4229 -0.000833452 20 1755.54 -0.022163 -1.40073 26.5919 24.5272 159.427 1496.69 1707.23
1.58 -1.42189 -0.000832947 20 1753.69 -0.0221405 -1.39975 26.581 24.5272 159.427 1496.53 1707.07
1.581 -1.42089 -0.000832441 20 1751.84 -0.022118 -1.39878 26.5701 24.5272 159.427 1496.38 1706.9
1.582 -1.41989 -0.000831935 20 1750 -0.0220955 -1.3978 26.5592 24.5272 159.427 1496.22 1706.74
1.583 -1.41889 -0.000831428 20 1748.15 -0.0220731 -1.39682 26.5484 24.5272 159.427 1496.07 1706.57
1.584 -1.41789 -0.000830922 20 1746.3 -0.0220506 -1.39584 26.5375 24.5272 159.427 1495.91 1706.4
1.585 -1.41689 -0.000830416 20 1744.46 -0.0220282 -1.39486 26.5267 24.5272 159.427 1495.76 1706.24
1.586 -1.41589 -0.000829909 20 1742.61 -0.0220058 -1.39388 26.5159 24.5272 159.427 1495.6 1706.07
1.587 -1.41489 -0.000829402 20 1740.77 -0.0219834 -1.3929 26.5052 24.5272 159.427 1495.45 1705.91
1.588 -1.41388 -0.000828896 20 1738.92 -0.0219611 -1.39192 26.4944 24.5272 159.427 1495.3 1705.74
1.589 -1.41288 -0.000828389 20 1737.08 -0.0219388 -1.39094 26.4837 24.5272 159.427 1495.14 1705.58
1.59 -1.41188 -0.000827882 20 1735.24 -0.0219165 -1.38996 26.4729 24.5272 159.427 1494.99 1705.41
1.591 -1.41088 -0.000827374 20 1733.4 -0.0218942 -1.38899 26.4622 24.5272 159.427 1494.83 1705.25
1.592 -1.40988 -0.000826867 20 1731.56 -0.0218719 -1.38801 26.4516 24.5272 159.427 1494.68 1705.09
1.593 -1.40888 -0.000826359 20 1729.72 -0.0218497 -1.38703 26.4409 24.5272 159.427 1494.53 1704.92
1.594 -1.40788 -0.000825852 20 1727.89 -0.0218275 -1.38605 26.4302 24.5272 159.427 1494.37 1704.76
1.595 -1.40687 -0.000825344 20 1726.05 -0.0218053 -1.38507 26.4196 24.5272 159.427 1494.22 1704.59
1.596 -1.40587 -0.000824836 20 1724.22 -0.0217831 -1.38409 26.409 24.5272 159.427 1494.06 1704.43
1.597 -1.40487 -0.000824328 20 1722.38 -0.0217609 -1.38311 26.3984 24.5272 159.427 1493.91 1704.26
1.598 -1.40387 -0.00082382 20 1720.55 -0.0217388 -1.38213 26.3878 24.5272 159.427 1493.76 1704.1
1.599 -1.40287 -0.000823312 20 1718.72 -0.0217167 -1.38115 26.3773 24.5272 159.427 1493.6 1703.93
1.6 -1.40187 -0.000822803 20 1716.88 -0.0216946 -1.38017 26.3667 24.5272 159.427 1493.45 1703.77
1.601 -1.40087 -0.000822295 20 1715.05 -0.0216726 -1.37919 26.3562 24.5272 159.427 1493.3 1703.61
1.602 -1.39987 -0.000821786 20 1713.22 -0.0216505 -1.37821 26.3457 24.5272 159.427 1493.14 1703.44
1.603 -1.39886 -0.000821277 20 1711.39 -0.0216285 -1.37724 26.3352 24.5272 159.427 1492.99 1703.28
1.604 -1.39786 -0.000820768 20 1709.57 -0.0216065 -1.37626 26.3247 24.5272 159.427 1492.84 1703.11
1.605 -1.39686 -0.000820259 20 1707.74 -0.0215845 -1.37528 26.3143 24.5272 159.427 1492.68 1702.95
1.606 -1.39586 -0.00081975 20 1705.91 -0.0215626 -1.3743 26.3039 24.5272 159.427 1492.53 1702.79
1.607 -1.39486 -0.000819241 20 1704.09 -0.0215407 -1.37332 26.2934 24.5272 159.427 1492.38 1702.62
1.608 -1.39386 -0.000818731 20 1702.26 -0.0215187 -1.37234 26.283 24.5272 159.427 1492.22 1702.46
1.609 -1.39286 -0.000818221 20 1700.44 -0.0214969 -1.37136 26.2727 24.5272 159.427 1492.07 1702.3
1.61 -1.39185 -0.000817712 20 1698.62 -0.021475 -1.37038 26.2623 24.5272 159.427 1491.92 1702.13
1.611 -1.39085 -0.000817202 20 1696.8 -0.0214532 -1.3694 26.252 24.5272 159.427 1491.76 1701.97
1.612 -1.38985 -0.000816692 20 1694.98 -0.0214313 -1.36842 26.2416 24.5272 159.427 1491.61 1701.81
1.613 -1.38885 -0.000816182 20 1693.16 -0.0214095 -1.36744 26.2313 24.5272 159.427 1491.46 1701.64
1.614 -1.38785 -0.000815671 20 1691.34 -0.0213878 -1.36646 26.221 24.5272 159.427 1491.31 1701.48
1.615 -1.38685 -0.000815161 20 1689.52 -0.021366 -1.36548 26.2108 24.5272 159.427 1491.15 1701.32
1.616 -1.38585 -0.00081465 20 1687.7 -0.0213443 -1.3645 26.2005 24.5272 159.427 1491 1701.15
1.617 -1.38485 -0.00081414 20 1685.89 -0.0213226 -1.36352 26.1903 24.5272 159.427 1490.85 1700.99
1.618 -1.38384 -0.000813629 20 1684.07 -0.0213009 -1.36254 26.1801 24.5272 159.427 1490.7 1700.83
1.619 -1.38284 -0.000813118 20 1682.26 -0.0212792 -1.36156 26.1699 24.5272 159.427 1490.54 1700.67
1.62 -1.38184 -0.000812607 20 1680.44 -0.0212575 -1.36058 26.1597 24.5272 159.427 1490.39 1700.5
1.621 -1.38084 -0.000812096 20 1678.63 -0.0212359 -1.3596 26.1495 24.5272 159.427 1490.24 1700.34
1.622 -1.37984 -0.000811584 20 1676.82 -0.0212143 -1.35862 26.1394 24.5272 159.427 1490.09 1700.18
1.623 -1.37884 -0.000811073 20 1675.01 -0.0211927 -1.35764 26.1293 24.5272 159.427 1489.93 1700.02
1.624 -1.37784 -0.000810561 20 1673.2 -0.0211712 -1.35666 26.1191 24.5272 159.427 1489.78 1699.85
1.625 -1.37683 -0.000810049 20 1671.39 -0.0211496 -1.35568 26.1091 24.5272 159.427 1489.63 1699.69
1.626 -1.37583 -0.000809538 20 1669.59 -0.0211281 -1.35471 26.099 24.5272 159.427 1489.48 1699.53
1.627 -1.37483 -0.000809026 20 1667.78 -0.0211066 -1.35373 26.0889 24.5272 159.427 1489.32 1699.37
1.628 -1.37383 -0.000808513 20 1665.97 -0.0210851 -1.35275 26.0789 24.5272 159.427 1489.17 1699.21
1.629 -1.37283 -0.000808001 20 1664.17 -0.0210637 -1.35177 26.0689 24.5272 159.427 1489.02 1699.04
1.63 -1.37183 -0.000807489 20 1662.36 -0.0210422 -1.35079 26.0589 24.5272 159.427 1488.87 1698.88
1.631 -1.37083 -0.000806976 20 1660.56 -0.0210208 -1.34981 26.0489 24.5272 159.427 1488.72 1698.72
1.632 -1.36983 -0.000806463 20 1658.76 -0.0209994 -1.34883 26.0389 24.5272 159.427 1488.57 1698.56
1.633 -1.36882 -0.000805951 20 1656.96 -0.0209781 -1.34785 26.029 24.5272 159.427 1488.41 1698.4
1.634 -1.36782 -0.000805438 20 1655.16 -0.0209567 -1.34687 26.0191 24.5272 159.427 1488.26 1698.24
1.635 -1.36682 -0.000804925 20 1653.36 -0.0209354 -1.34589 26.0091 24.5272 159.427 1488.11 1698.07
1.636 -1.36582 -0.000804411 20 1651.56 -0.0209141 -1.34491 25.9993 24.5272 159.427 1487.96 1697.91
1.637 -1.36482 -0.000803898 20 1649.76 -0.0208928 -1.34393 25.9894 24.5272 159.427 1487.81 1697.75
1.638 -1.36382 -0.000803384 20 1647.97 -0.0208715 -1.34295 25.9795 24.5272 159.427 1487.66 1697.59
1.639 -1.36282 -0.000802871 20 1646.17 -0.0208503 -1.34197 25.9697 24.5272 159.427 1487.5 1697.43
1.64 -1.36181 -0.000802357 20 1644.38 -0.0208291 -1.34099 25.9599 24.5272 159.427 1487.35 1697.27
1.641 -1.36081 -0.000801843 20 1642.58 -0.0208079 -1.34001 25.9501 24.5272 159.427 1487.2 1697.11
1.642 -1.35981 -0.000801329 20 1640.79 -0.0207867 -1.33903 25.9403 24.5272 159.427 1487.05 1696.95
1.643 -1.35881 -0.000800815 20 1639 -0.0207655 -1.33804 25.9305 24.5272 159.427 1486.9 1696.78
1.644 -1.35781 -0.000800301 20 1637.21 -0.0207444 -1.33706 25.9208 24.5272 159.427 1486.75 1696.62
1.645 -1.35681 -0.000799786 20 1635.42 -0.0207233 -1.33608 25.911 24.5272 159.427 1486.6 1696.46
1.646 -1.35581 -0.000799272 20 1633.63 -0.0207022 -1.3351 25.9013 24.5272 159.427 1486.45 1696.3
1.647 -1.35481 -0.000798757 20 1631.84 -0.0206811 -1.33412 25.8916 24.5272 159.427 1486.3 1696.14
1.648 -1.3538 -0.000798242 20 1630.06 -0.0206601 -1.33314 25.882 24.5272 159.427 1486.14 1695.98
1.649 -1.3528 -0.000797727 20 1628.27 -0.020639 -1.33216 25.8723 24.5272 159.427 1485.99 1695.82
1.65 -1.3518 -0.000797212 20 1626.49 -0.020618 -1.33118 25.8627 24.5272 159.427 1485.84 1695.66
1.651 -1.3508 -0.000796697 20 1624.7 -0.020597 -1.3302 25.853 24.5272 159.427 1485.69 1695.5
1.652 -1.3498 -0.000796182 20 1622.92 -0.0205761 -1.32922 25.8434 24.5272 159.427 1485.54 1695.34
1.653 -1.3488 -0.000795666 20 1621.14 -0.0205551 -1.32824 25.8339 24.5272 159.427 1485.39 1695.18
1.654 -1.3478 -0.000795151 20 1619.35 -0.0205342 -1.32726 25.8243 24.5272 159.427 1485.24 1695.02
1.655 -1.34679 -0.000794635 20 1617.57 -0.0205133 -1.32628 25.8147 24.5272 159.427 1485.09 1694.86
1.656 -1.34579 -0.000794119 20 1615.79 -0.0204924 -1.3253 25.8052 24.5272 159.427 1484.94 1694.7
1.657 -1.34479 -0.000793603 20 1614.02 -0.0204715 -1.32432 25.7957 24.5272 159.427 1484.79 1694.54
1.658 -1.34379 -0.000793087 20 1612.24 -0.0204507 -1.32334 25.7862 24.5272 159.427 1484.64 1694.38
1.659 -1.34279 -0.00079257 20 1610.46 -0.0204299 -1.32236 25.7767 24.5272 159.427 1484.49 1694.22
1.66 -1.34179 -0.000792054 20 1608.69 -0.0204091 -1.32138 25.7673 24.5272 159.427 1484.34 1694.06
1.661 -1.34079 -0.000791538 20 1606.91 -0.0203883 -1.3204 25.7578 24.5272 159.427 1484.19 1693.9
1.662 -1.33979 -0.000791021 20 1605.14 -0.0203675 -1.31942 25.7484 24.5272 159.427 1484.04 1693.74
1.663 -1.33878 -0.000790504 20 1603.37 -0.0203468 -1.31844 25.739 24.5272 159.427 1483.89 1693.58
1.664 -1.33778 -0.000789987 20 1601.59 -0.0203261 -1.31746 25.7296 24.5272 159.427 1483.74 1693.42
1.665 -1.33678 -0.00078947 20 1599.82 -0.0203054 -1.31648 25.7203 24.5272 159.427 1483.59 1693.26
1.666 -1.33578 -0.000788953 20 1598.05 -0.0202847 -1.3155 25.7109 24.5272 159.427 1483.44 1693.11
1.667 -1.33478 -0.000788435 20 1596.28 -0.020264 -1.31451 25.7016 24.5272 159.427 1483.29 1692.95
1.668 -1.33378 -0.000787918 20 1594.52 -0.0202434 -1.31353 25.6923 24.5272 159.427 1483.14 1692.79
1.669 -1.33278 -0.0007874 20 1592.75 -0.0202228 -1.31255 25.683 24.5272 159.427 1482.99 1692.63
1.67 -1.33177 -0.000786883 20 1590.98 -0.0202022 -1.31157 25.6737 24.5272 159.427 1482.84 1692.47
1.671 -1.33077 -0.000786365 20 1589.22 -0.0201816 -1.31059 25.6644 24.5272 159.427 1482.69 1692.31
1.672 -1.32977 -0.000785847 20 1587.45 -0.020161 -1.30961 25.6552 24.5272 159.427 1482.54 1692.15
1.673 -1.32877 -0.000785328 20 1585.69 -0.0201405 -1.30863 25.646 24.5272 159.427 1482.39 1691.99
1.674 -1.32777 -0.00078481 20 1583.93 -0.02012 -1.30765 25.6368 24.5272 159.427 1482.24 1691.83
1.675 -1.32677 -0.000784292 20 1582.17 -0.0200995 -1.30667 25.6276 24.5272 159.427 1482.09 1691.68
1.676 -1.32577 -0.000783773 20 1580.41 -0.020079 -1.30569 25.6184 24.5272 159.427 1481.95 1691.52
1.677 -1.32477 -0.000783255 20 1578.65 -0.0200586 -1.30471 25.6093 24.5272 159.427 1481.8 1691.36
1.678 -1.32376 -0.000782736 20 1576.89 -0.0200381 -1.30373 25.6001 24.5272 159.427 1481.65 1691.2
1.679 -1.32276 -0.000782217 20 1575.13 -0.0200177 -1.30274 25.591 24.5272 159.427 1481.5 1691.04
1.68 -1.32176 -0.000781698 20 1573.37 -0.0199973 -1.30176 25.5819 24.5272 159.427 1481.35 1690.89
1.681 -1.32076 -0.000781178 20 1571.62 -0.019977 -1.30078 25.5728 24.5272 159.427 1481.2 1690.73
1.682 -1.31976 -0.000780659 20 1569.86 -0.0199566 -1.2998 25.5638 24.5272 159.427 1481.05 1690.57
1.683 -1.31876 -0.00078014 20 1568.11 -0.0199363 -1.29882 25.5547 24.5272 159.427 1480.9 1690.41
1.684 -1.31776 -0.00077962 20 1566.36 -0.019916 -1.29784 25.5457 24.5272 159.427 1480.75 1690.25
1.685 -1.31675 -0.0007791 20 1564.6 -0.0198957 -1.29686 25.5367 24.5272 159.427 1480.61 1690.1
1.686 -1.31575 -0.00077858 20 1562.85 -0.0198754 -1.29588 25.5277 24.5272 159.427 1480.46 1689.94
1.687 -1.31475 -0.00077806 20 1561.1 -0.0198551 -1.2949 25.5188 24.5272 159.427 1480.31 1689.78
1.688 -1.31375 -0.00077754 20 1559.35 -0.0198349 -1.29392 25.5098 24.5272 159.427 1480.16 1689.62
1.689 -1.31275 -0.00077702 20 1557.61 -0.0198147 -1.29293 25.5009 24.5272 159.427 1480.01 1689.47
1.69 -1.31175 -0.000776499 20 1555.86 -0.0197945 -1.29195 25.492 24.5272 159.427 1479.86 1689.31
1.691 -1.31075 -0.000775979 20 1554.11 -0.0197743 -1.29097 25.4831 24.5272 159.427 1479.72 1689.15
1.692 -1.30975 -0.000775458 20 1552.37 -0.0197542 -1.28999 25.4742 24.5272 159.427 1479.57 1689
1.693 -1.30874 -0.000774937 20 1550.62 -0.019734 -1.28901 25.4653 24.5272 159.427 1479.42 1688.84
1.694 -1.30774 -0.000774416 20 1548.88 -0.0197139 -1.28803 25.4565 24.5272 159.427 1479.27 1688.68
1.695 -1.30674 -0.000773895 20 1547.14 -0.0196938 -1.28705 25.4477 24.5272 159.427 1479.12 1688.52
1.696 -1.30574 -0.000773374 20 1545.4 -0.0196738 -1.28607 25.4389 24.5272 159.427 1478.97 1688.37
1.697 -1.30474 -0.000772853 20 1543.65 -0.0196537 -1.28508 25.4301 24.5272 159.427 1478.83 1688.21
1.698 -1.30374 -0.000772331 20 1541.92 -0.0196337 -1.2841 25.4213 24.5272 159.427 1478.68 1688.05
1.699 -1.30274 -0.00077181 20 1540.18 -0.0196137 -1.28312 25.4126 24.5272 159.427 1478.53 1687.9
1.7 -1.30173 -0.000771288 20 1538.44 -0.0195937 -1.28214 25.4038 24.5272 159.427 1478.38 1687.74
1.701 -1.30073 -0.000770766 20 1536.7 -0.0195737 -1.28116 25.3951 24.5272 159.427 1478.24 1687.59
1.702 -1.29973 -0.000770244 20 1534.97 -0.0195537 -1.28018 25.3864 24.5272 159.427 1478.09 1687.43
1.703 -1.29873 -0.000769722 20 1533.23 -0.0195338 -1.2792 25.3777 24.5272 159.427 1477.94 1687.27
1.704 -1.29773 -0.0007692 20 1531.5 -0.0195139 -1.27822 25.3691 24.5272 159.427 1477.79 1687.12
1.705 -1.29673 -0.000768677 20 1529.77 -0.019494 -1.27723 25.3604 24.5272 159.427 1477.65 1686.96
1.706 -1.29573 -0.000768155 20 1528.03 -0.0194741 -1.27625 25.3518 24.5272 159.427 1477.5 1686.8
1.707 -1.29473 -0.000767632 20 1526.3 -0.0194543 -1.27527 25.3432 24.5272 159.427 1477.35 1686.65
1.708 -1.29372 -0.000767109 20 1524.57 -0.0194344 -1.27429 25.3346 24.5272 159.427 1477.2 1686.49
1.709 -1.29272 -0.000766586 20 1522.84 -0.0194146 -1.27331 25.3261 24.5272 159.427 1477.06 1686.34
1.71 -1.29172 -0.000766063 20 1521.12 -0.0193948 -1.27233 25.3175 24.5272 159.427 1476.91 1686.18
1.711 -1.29072 -0.00076554 20 1519.39 -0.019375 -1.27134 25.309 24.5272 159.427 1476.76 1686.03
1.712 -1.28972 -0.000765016 20 1517.66 -0.0193553 -1.27036 25.3005 24.5272 159.427 1476.62 1685.87
1.713 -1.28872 -0.000764493 20 1515.94 -0.0193355 -1.26938 25.292 24.5272 159.427 1476.47 1685.72
1.714 -1.28772 -0.000763969 20 1514.21 -0.0193158 -1.2684 25.2835 24.5272 159.427 1476.32 1685.56
1.715 -1.28671 -0.000763446 20 1512.49 -0.0192961 -1.26742 25.275 24.5272 159.427 1476.18 1685.4
1.716 -1.28571 -0.000762922 20 1510.77 -0.0192764 -1.26644 25.2666 24.5272 159.427 1476.03 1685.25
1.717 -1.28471 -0.000762398 20 1509.05 -0.0192568 -1.26546 25.2582 24.5272 159.427 1475.88 1685.09
1.718 -1.28371 -0.000761873 20 1507.33 -0.0192371 -1.26447 25.2498 24.5272 159.427 1475.74 1684.94
1.719 -1.28271 -0.000761349 20 1505.61 -0.0192175 -1.26349 25.2414 24.5272 159.427 1475.59 1684.78
1.72 -1.28171 -0.000760825 20 1503.89 -0.0191979 -1.26251 25.233 24.5272 159.427 1475.44 1684.63
1.721 -1.28071 -0.0007603 20 1502.17 -0.0191783 -1.26153 25.2247 24.5272 159.427 1475.3 1684.47
1.722 -1.27971 -0.000759775 20 1500.46 -0.0191587 -1.26055 25.2163 24.5272 159.427 1475.15 1684.32
1.723 -1.2787 -0.000759251 20 1498.74 -0.0191392 -1.25956 25.208 24.5272 159.427 1475 1684.17
1.724 -1.2777 -0.000758726 20 1497.03 -0.0191197 -1.25858 25.1997 24.5272 159.427 1474.86 1684.01
1.725 -1.2767 -0.000758201 20 1495.31 -0.0191002 -1.2576 25.1914 24.5272 159.427 1474.71 1683.86
1.726 -1.2757 -0.000757675 20 1493.6 -0.0190807 -1.25662 25.1832 24.5272 159.427 1474.56 1683.7
1.727 -1.2747 -0.00075715 20 1491.89 -0.0190612 -1.25564 25.1749 24.5272 159.427 1474.42 1683.55
1.728 -1.2737 -0.000756625 20 1490.18 -0.0190418 -1.25466 25.1667 24.5272 159.427 1474.27 1683.39
1.729 -1.2727 -0.000756099 20 1488.47 -0.0190223 -1.25367 25.1585 24.5272 159.427 1474.13 1683.24
1.73 -1.27169 -0.000755573 20 1486.76 -0.0190029 -1.25269 25.1503 24.5272 159.427 1473.98 1683.09
1.731 -1.27069 -0.000755047 20 1485.05 -0.0189835 -1.25171 25.1422 24.5272 159.427 1473.84 1682.93
1.732 -1.26969 -0.000754521 20 1483.34 -0.0189641 -1.25073 25.134 24.5272 159.427 1473.69 1682.78
1.733 -1.26869 -0.000753995 20 1481.64 -0.0189448 -1.24975 25.1259 24.5272 159.427 1473.54 1682.62
1.734 -1.26769 -0.000753469 20 1479.93 -0.0189255 -1.24876 25.1178 24.5272 159.427 1473.4 1682.47
1.735 -1.26669 -0.000752942 20 1478.23 -0.0189061 -1.24778 25.1097 24.5272 159.427 1473.25 1682.32
1.736 -1.26569 -0.000752416 20 1476.53 -0.0188868 -1.2468 25.1016 24.5272 159.427 1473.11 1682.16
1.737 -1.26469 -0.000751889 20 1474.82 -0.0188676 -1.24582 25.0935 24.5272 159.427 1472.96 1682.01
1.738 -1.26368 -0.000751362 20 1473.12 -0.0188483 -1.24484 25.0855 24.5272 159.427 1472.82 1681.86
1.739 -1.26268 -0.000750835 20 1471.42 -0.0188291 -1.24385 25.0775 24.5272 159.427 1472.67 1681.7
1.74 -1.26168 -0.000750308 20 1469.72 -0.0188098 -1.24287 25.0695 24.5272 159.427 1472.53 1681.55
1.741 -1.26068 -0.000749781 20 1468.03 -0.0187906 -1.24189 25.0615 24.5272 159.427 1472.38 1681.4
1.742 -1.25968 -0.000749254 20 1466.33 -0.0187714 -1.24091 25.0535 24.5272 159.427 1472.24 1681.24
1.743 -1.25868 -0.000748726 20 1464.63 -0.0187523 -1.23992 25.0456 24.5272 159.427 1472.09 1681.09
1.744 -1.25768 -0.000748199 20 1462.94 -0.0187331 -1.23894 25.0377 24.5272 159.427 1471.95 1680.94
1.745 -1.25667 -0.000747671 20 1461.24 -0.018714 -1.23796 25.0297 24.5272 159.427 1471.8 1680.79
1.746 -1.25567 -0.000747143 20 1459.55 -0.0186949 -1.23698 25.0218 24.5272 159.427 1471.66 1680.63
1.747 -1.25467 -0.000746615 20 1457.86 -0.0186758 -1.236 25.014 24.5272 159.427 1471.51 1680.48
1.748 -1.25367 -0.000746087 20 1456.17 -0.0186567 -1.23501 25.0061 24.5272 159.427 1471.37 1680.33
1.749 -1.25267 -0.000745558 20 1454.48 -0.0186377 -1.23403 24.9983 24.5272 159.427 1471.22 1680.18
1.75 -1.25167 -0.00074503 20 1452.79 -0.0186186 -1.23305 24.9905 24.5272 159.427 1471.08 1680.02
1.751 -1.25067 -0.000744501 20 1451.1 -0.0185996 -1.23207 24.9827 24.5272 159.427 1470.93 1679.87
1.752 -1.24967 -0.000743973 20 1449.41 -0.0185806 -1.23108 24.9749 24.5272 159.427 1470.79 1679.72
1.753 -1.24866 -0.000743444 20 1447.73 -0.0185616 -1.2301 24.9671 24.5272 159.427 1470.65 1679.57
1.754 -1.24766 -0.000742915 20 1446.04 -0.0185427 -1.22912 24.9594 24.5272 159.427 1470.5 1679.41
1.755 -1.24666 -0.000742386 20 1444.36 -0.0185237 -1.22814 24.9516 24.5272 159.427 1470.36 1679.26
1.756 -1.24566 -0.000741857 20 1442.67 -0.0185048 -1.22715 24.9439 24.5272 159.427 1470.21 1679.11
1.757 -1.24466 -0.000741327 20 1440.99 -0.0184859 -1.22617 24.9362 24.5272 159.427 1470.07 1678.96
1.758 -1.24366 -0.000740798 20 1439.31 -0.018467 -1.22519 24.9286 24.5272 159.427 1469.93 1678.81
1.759 -1.24266 -0.000740268 20 1437.63 -0.0184482 -1.22421 24.9209 24.5272 159.427 1469.78 1678.66
1.76 -1.24165 -0.000739738 20 1435.95 -0.0184293 -1.22323 24.9133 24.5272 159.427 1469.64 1678.5
1.761 -1.24065 -0.000739209 20 1434.27 -0.0184105 -1.22224 24.9057 24.5272 159.427 1469.49 1678.35
1.762 -1.23965 -0.000738678 20 1432.59 -0.0183917 -1.22126 24.8981 24.5272 159.427 1469.35 1678.2
1.763 -1.23865 -0.000738148 20 1430.92 -0.0183729 -1.22028 24.8905 24.5272 159.427 1469.21 1678.05
1.764 -1.23765 -0.000737618 20 1429.24 -0.0183541 -1.2193 24.8829 24.5272 159.427 1469.06 1677.9
1.765 -1.23665 -0.000737088 20 1427.57 -0.0183353 -1.21831 24.8754 24.5272 159.427 1468.92 1677.75
1.766 -1.23565 -0.000736557 20 1425.89 -0.0183166 -1.21733 24.8678 24.5272 159.427 1468.78 1677.6
1.767 -1.23465 -0.000736026 20 1424.22 -0.0182979 -1.21635 24.8603 24.5272 159.427 1468.63 1677.45
1.768 -1.23364 -0.000735496 20 1422.55 -0.0182792 -1.21536 24.8528 24.5272 159.427 1468.49 1677.3
1.769 -1.23264 -0.000734965 20 1420.88 -0.0182605 -1.21438 24.8454 24.5272 159.427 1468.35 1677.15
1.77 -1.23164 -0.000734434 20 1419.21 -0.0182418 -1.2134 24.8379 24.5272 159.427 1468.2 1676.99
1.771 -1.23064 -0.000733902 20 1417.54 -0.0182231 -1.21242 24.8305 24.5272 159.427 1468.06 1676.84
1.772 -1.22964 -0.000733371 20 1415.87 -0.0182045 -1.21143 24.8231 24.5272 159.427 1467.92 1676.69
1.773 -1.22864 -0.000732839 20 1414.21 -0.0181859 -1.21045 24.8157 24.5272 159.427 1467.77 1676.54
1.774 -1.22764 -0.000732308 20 1412.54 -0.0181673 -1.20947 24.8083 24.5272 159.427 1467.63 1676.39
1.775 -1.22663 -0.000731776 20 1410.88 -0.0181487 -1.20849 24.8009 24.5272 159.427 1467.49 1676.24
1.776 -1.22563 -0.000731244 20 1409.21 -0.0181302 -1.2075 24.7936 24.5272 159.427 1467.34 1676.09
1.777 -1.22463 -0.000730712 20 1407.55 -0.0181116 -1.20652 24.7863 24.5272 159.427 1467.2 1675.94
1.778 -1.22363 -0.00073018 20 1405.89 -0.0180931 -1.20554 24.7789 24.5272 159.427 1467.06 1675.79
1.779 -1.22263 -0.000729648 20 1404.23 -0.0180746 -1.20455 24.7717 24.5272 159.427 1466.92 1675.64
1.78 -1.22163 -0.000729115 20 1402.57 -0.0180561 -1.20357 24.7644 24.5272 159.427 1466.77 1675.49
1.781 -1.22063 -0.000728583 20 1400.91 -0.0180376 -1.20259 24.7571 24.5272 159.427 1466.63 1675.34
1.782 -1.21963 -0.00072805 20 1399.25 -0.0180192 -1.20161 24.7499 24.5272 159.427 1466.49 1675.19
1.783 -1.21862 -0.000727517 20 1397.59 -0.0180007 -1.20062 24.7427 24.5272 159.427 1466.35 1675.04
1.784 -1.21762 -0.000726984 20 1395.94 -0.0179823 -1.19964 24.7355 24.5272 159.427 1466.21 1674.9
1.785 -1.21662 -0.000726451 20 1394.28 -0.0179639 -1.19866 24.7283 24.5272 159.427 1466.06 1674.75
1.786 -1.21562 -0.000725918 20 1392.63 -0.0179455 -1.19767 24.7212 24.5272 159.427 1465.92 1674.6
1.787 -1.21462 -0.000725385 20 1390.98 -0.0179272 -1.19669 24.714 24.5272 159.427 1465.78 1674.45
1.788 -1.21362 -0.000724851 20 1389.32 -0.0179088 -1.19571 24.7069 24.5272 159.427 1465.64 1674.3
1.789 -1.21262 -0.000724318 20 1387.67 -0.0178905 -1.19473 24.6998 24.5272 159.427 1465.5 1674.15
1.79 -1.21161 -0.000723784 20 1386.02 -0.0178722 -1.19374 24.6927 24.5272 159.427 1465.35 1674
1.791 -1.21061 -0.00072325 20 1384.38 -0.0178539 -1.19276 24.6856 24.5272 159.427 1465.21 1673.85
1.792 -1.20961 -0.000722716 20 1382.73 -0.0178356 -1.19178 24.6786 24.5272 159.427 1465.07 1673.7
1.793 -1.20861 -0.000722182 20 1381.08 -0.0178174 -1.19079 24.6716 24.5272 159.427 1464.93 1673.55
1.794 -1.20761 -0.000721648 20 1379.43 -0.0177991 -1.18981 24.6645 24.5272 159.427 1464.79 1673.41
1.795 -1.20661 -0.000721113 20 1377.79 -0.0177809 -1.18883 24.6576 24.5272 159.427 1464.65 1673.26
1.796 -1.20561 -0.000720579 20 1376.15 -0.0177627 -1.18784 24.6506 24.5272 159.427 1464.5 1673.11
1.797 -1.20461 -0.000720044 20 1374.5 -0.0177445 -1.18686 24.6436 24.5272 159.427 1464.36 1672.96
1.798 -1.2036 -0.000719509 20 1372.86 -0.0177263 -1.18588 24.6367 24.5272 159.427 1464.22 1672.81
1.799 -1.2026 -0.000718974 20 1371.22 -0.0177082 -1.18489 24.6298 24.5272 159.427 1464.08 1672.66
1.8 -1.2016 -0.000718439 20 1369.58 -0.01769 -1.18391 24.6229 24.5272 159.427 1463.94 1672.52
1.801 -1.2006 -0.000717904 20 1367.94 -0.0176719 -1.18293 24.616 24.5272 159.427 1463.8 1672.37
1.802 -1.1996 -0.000717369 20 1366.3 -0.0176538 -1.18194 24.6091 24.5272 159.427 1463.66 1672.22
1.803 -1.1986 -0.000716833 20 1364.67 -0.0176357 -1.18096 24.6023 24.5272 159.427 1463.52 1672.07
1.804 -1.1976 -0.000716297 20 1363.03 -0.0176177 -1.17998 24.5954 24.5272 159.427 1463.38 1671.93
1.805 -1.19659 -0.000715762 20 1361.4 -0.0175996 -1.17899 24.5886 24.5272 159.427 1463.23 1671.78
1.806 -1.19559 -0.000715226 20 1359.76 -0.0175816 -1.17801 24.5818 24.5272 159.427 1463.09 1671.63
1.807 -1.19459 -0.00071469 20 1358.13 -0.0175636 -1.17703 24.5751 24.5272 159.427 1462.95 1671.48
1.808 -1.19359 -0.000714154 20 1356.5 -0.0175456 -1.17604 24.5683 24.5272 159.427 1462.81 1671.34
1.809 -1.19259 -0.000713617 20 1354.87 -0.0175276 -1.17506 24.5616 24.5272 159.427 1462.67 1671.19
1.81 -1.19159 -0.000713081 20 1353.24 -0.0175096 -1.17408 24.5549 24.5272 159.427 1462.53 1671.04
1.811 -1.19059 -0.000712544 20 1351.61 -0.0174917 -1.17309 24.5482 24.5272 159.427 1462.39 1670.89
1.812 -1.18959 -0.000712008 20 1349.98 -0.0174737 -1.17211 24.5415 24.5272 159.427 1462.25 1670.75
1.813 -1.18858 -0.000711471 20 1348.35 -0.0174558 -1.17113 24.5348 24.5272 159.427 1462.11 1670.6
1.814 -1.18758 -0.000710934 20 1346.73 -0.0174379 -1.17014 24.5282 24.5272 159.427 1461.97 1670.45
1.815 -1.18658 -0.000710397 20 1345.1 -0.01742 -1.16916 24.5216 24.5272 159.427 1461.83 1670.31
1.816 -1.18558 -0.00070986 20 1343.48 -0.0174022 -1.16818 24.5149 24.5272 159.427 1461.69 1670.16
1.817 -1.18458 -0.000709323 20 1341.86 -0.0173843 -1.16719 24.5084 24.5272 159.427 1461.55 1670.01
1.818 -1.18358 -0.000708785 20 1340.23 -0.0173665 -1.16621 24.5018 24.5272 159.427 1461.41 1669.87
1.819 -1.18258 -0.000708247 20 1338.61 -0.0173487 -1.16523 24.4952 24.5272 159.427 1461.27 1669.72
1.82 -1.18157 -0.00070771 20 1336.99 -0.0173309 -1.16424 24.4887 24.5272 159.427 1461.13 1669.57
1.821 -1.18057 -0.000707172 20 1335.37 -0.0173131 -1.16326 24.4822 24.5272 159.427 1460.99 1669.43
1.822 -1.17957 -0.000706634 20 1333.76 -0.0172954 -1.16228 24.4757 24.5272 159.427 1460.85 1669.28
1.823 -1.17857 -0.000706096 20 1332.14 -0.0172776 -1.16129 24.4692 24.5272 159.427 1460.71 1669.14
1.824 -1.17757 -0.000705558 20 1330.52 -0.0172599 -1.16031 24.4628 24.5272 159.427 1460.57 1668.99
1.825 -1.17657 -0.000705019 20 1328.91 -0.0172422 -1.15933 24.4563 24.5272 159.427 1460.43 1668.85
1.826 -1.17557 -0.000704481 20 1327.29 -0.0172245 -1.15834 24.4499 24.5272 159.427 1460.3 1668.7
1.827 -1.17457 -0.000703942 20 1325.68 -0.0172068 -1.15736 24.4435 24.5272 159.427 1460.16 1668.55
1.828 -1.17356 -0.000703403 20 1324.07 -0.0171891 -1.15637 24.4371 24.5272 159.427 1460.02 1668.41
1.829 -1.17256 -0.000702864 20 1322.46 -0.0171715 -1.15539 24.4308 24.5272 159.427 1459.88 1668.26
1.83 -1.17156 -0.000702325 20 1320.85 -0.0171539 -1.15441 24.4244 24.5272 159.427 1459.74 1668.12
1.831 -1.17056 -0.000701786 20 1319.24 -0.0171363 -1.15342 24.4181 24.5272 159.427 1459.6 1667.97
1.832 -1.16956 -0.000701247 20 1317.63 -0.0171187 -1.15244 24.4118 24.5272 159.427 1459.46 1667.83
1.833 -1.16856 -0.000700707 20 1316.03 -0.0171011 -1.15146 24.4055 24.5272 159.427 1459.32 1667.68
1.834 -1.16756 -0.000700168 20 1314.42 -0.0170835 -1.15047 24.3992 24.5272 159.427 1459.18 1667.54
1.835 -1.16655 -0.000699628 20 1312.82 -0.017066 -1.14949 24.3929 24.5272 159.427 1459.05 1667.39
1.836 -1.16555 -0.000699088 20 1311.21 -0.0170485 -1.1485 24.3867 24.5272 159.427 1458.91 1667.25
1.837 -1.16455 -0.000698548 20 1309.61 -0.0170309 -1.14752 24.3805 24.5272 159.427 1458.77 1667.1
1.838 -1.16355 -0.000698008 20 1308.01 -0.0170135 -1.14654 24.3743 24.5272 159.427 1458.63 1666.96
1.839 -1.16255 -0.000697468 20 1306.41 -0.016996 -1.14555 24.3681 24.5272 159.427 1458.49 1666.81
1.84 -1.16155 -0.000696927 20 1304.81 -0.0169785 -1.14457 24.362 24.5272 159.427 1458.35 1666.67
1.841 -1.16055 -0.000696387 20 1303.21 -0.0169611 -1.14359 24.3558 24.5272 159.427 1458.22 1666.53
1.842 -1.15955 -0.000695846 20 1301.61 -0.0169436 -1.1426 24.3497 24.5272 159.427 1458.08 1666.38
1.843 -1.15854 -0.000695306 20 1300.01 -0.0169262 -1.14162 24.3436 24.5272 159.427 1457.94 1666.24
1.844 -1.15754 -0.000694765 20 1298.42 -0.0169088 -1.14063 24.3375 24.5272 159.427 1457.8 1666.09
1.845 -1.15654 -0.000694224 20 1296.82 -0.0168914 -1.13965 24.3314 24.5272 159.427 1457.66 1665.95
1.846 -1.15554 -0.000693682 20 1295.23 -0.0168741 -1.13867 24.3254 24.5272 159.427 1457.53 1665.81
1.847 -1.15454 -0.000693141 20 1293.64 -0.0168567 -1.13768 24.3193 24.5272 159.427 1457.39 1665.66
1.848 -1.15354 -0.0006926 20 1292.05 -0.0168394 -1.1367 24.3133 24.5272 159.427 1457.25 1665.52
1.849 -1.15254 -0.000692058 20 1290.46 -0.0168221 -1.13571 24.3073 24.5272 159.427 1457.11 1665.37
1.85 -1.15153 -0.000691516 20 1288.87 -0.0168048 -1.13473 24.3014 24.5272 159.427 1456.98 1665.23
1.851 -1.15053 -0.000690975 20 1287.28 -0.0167875 -1.13375 24.2954 24.5272 159.427 1456.84 1665.09
1.852 -1.14953 -0.000690433 20 1285.69 -0.0167702 -1.13276 24.2895 24.5272 159.427 1456.7 1664.94
1.853 -1.14853 -0.000689891 20 1284.11 -0.016753 -1.13178 24.2835 24.5272 159.427 1456.56 1664.8
1.854 -1.14753 -0.000689348 20 1282.52 -0.0167358 -1.13079 24.2776 24.5272 159.427 1456.43 1664.66
1.855 -1.14653 -0.000688806 20 1280.94 -0.0167185 -1.12981 24.2718 24.5272 159.427 1456.29 1664.51
1.856 -1.14553 -0.000688264 20 1279.35 -0.0167013 -1.12883 24.2659 24.5272 159.427 1456.15 1664.37
1.857 -1.14453 -0.000687721 20 1277.77 -0.0166841 -1.12784 24.2601 24.5272 159.427 1456.01 1664.23
1.858 -1.14352 -0.000687178 20 1276.19 -0.016667 -1.12686 24.2542 24.5272 159.427 1455.88 1664.09
1.859 -1.14252 -0.000686635 20 1274.61 -0.0166498 -1.12587 24.2484 24.5272 159.427 1455.74 1663.94
1.86 -1.14152 -0.000686092 20 1273.03 -0.0166327 -1.12489 24.2426 24.5272 159.427 1455.6 1663.8
1.861 -1.14052 -0.000685549 20 1271.45 -0.0166156 -1.1239 24.2369 24.5272 159.427 1455.47 1663.66
1.862 -1.13952 -0.000685006 20 1269.87 -0.0165984 -1.12292 24.2311 24.5272 159.427 1455.33 1663.52
1.863 -1.13852 -0.000684462 20 1268.3 -0.0165814 -1.12194 24.2254 24.5272 159.427 1455.19 1663.37
1.864 -1.13752 -0.000683919 20 1266.72 -0.0165643 -1.12095 24.2197 24.5272 159.427 1455.06 1663.23
1.865 -1.13651 -0.000683375 20 1265.15 -0.0165472 -1.11997 24.214 24.5272 159.427 1454.92 1663.09
1.866 -1.13551 -0.000682831 20 1263.58 -0.0165302 -1.11898 24.2083 24.5272 159.427 1454.79 1662.95
1.867 -1.13451 -0.000682288 20 1262 -0.0165131 -1.118 24.2026 24.5272 159.427 1454.65 1662.81
1.868 -1.13351 -0.000681743 20 1260.43 -0.0164961 -1.11701 24.197 24.5272 159.427 1454.51 1662.66
1.869 -1.13251 -0.000681199 20 1258.86 -0.0164791 -1.11603 24.1914 24.5272 159.427 1454.38 1662.52
1.87 -1.13151 -0.000680655 20 1257.29 -0.0164622 -1.11505 24.1858 24.5272 159.427 1454.24 1662.38
1.871 -1.13051 -0.000680111 20 1255.73 -0.0164452 -1.11406 24.1802 24.5272 159.427 1454.1 1662.24
1.872 -1.12951 -0.000679566 20 1254.16 -0.0164282 -1.11308 24.1746 24.5272 159.427 1453.97 1662.1
1.873 -1.1285 -0.000679021 20 1252.59 -0.0164113 -1.11209 24.1691 24.5272 159.427 1453.83 1661.96
1.874 -1.1275 -0.000678476 20 1251.03 -0.0163944 -1.11111 24.1635 24.5272 159.427 1453.7 1661.82
1.875 -1.1265 -0.000677931 20 1249.46 -0.0163775 -1.11012 24.158 24.5272 159.427 1453.56 1661.67
1.876 -1.1255 -0.000677386 20 1247.9 -0.0163606 -1.10914 24.1525 24.5272 159.427 1453.43 1661.53
1.877 -1.1245 -0.000676841 20 1246.34 -0.0163437 -1.10815 24.1471 24.5272 159.427 1453.29 1661.39
1.878 -1.1235 -0.000676296 20 1244.78 -0.0163269 -1.10717 24.1416 24.5272 159.427 1453.16 1661.25
1.879 -1.1225 -0.00067575 20 1243.22 -0.01631 -1.10619 24.1362 24.5272 159.427 1453.02 1661.11
1.88 -1.12149 -0.000675204 20 1241.66 -0.0162932 -1.1052 24.1308 24.5272 159.427 1452.88 1660.97
1.881 -1.12049 -0.000674659 20 1240.1 -0.0162764 -1.10422 24.1254 24.5272 159.427 1452.75 1660.83
1.882 -1.11949 -0.000674113 20 1238.55 -0.0162596 -1.10323 24.12 24.5272 159.427 1452.61 1660.69
1.883 -1.11849 -0.000673567 20 1236.99 -0.0162428 -1.10225 24.1146 24.5272 159.427 1452.48 1660.55
1.884 -1.11749 -0.000673021 20 1235.44 -0.016226 -1.10126 24.1093 24.5272 159.427 1452.34 1660.41
1.885 -1.11649 -0.000672474 20 1233.88 -0.0162093 -1.10028 24.104 24.5272 159.427 1452.21 1660.27
1.886 -1.11549 -0.000671928 20 1232.33 -0.0161926 -1.09929 24.0987 24.5272 159.427 1452.08 1660.13
1.887 -1.11448 -0.000671381 20 1230.78 -0.0161758 -1.09831 24.0934 24.5272 159.427 1451.94 1659.99
1.888 -1.11348 -0.000670835 20 1229.23 -0.0161591 -1.09732 24.0881 24.5272 159.427 1451.81 1659.85
1.889 -1.11248 -0.000670288 20 1227.68 -0.0161424 -1.09634 24.0829 24.5272 159.427 1451.67 1659.71
1.89 -1.11148 -0.000669741 20 1226.13 -0.0161258 -1.09536 24.0776 24.5272 159.427 1451.54 1659.57
1.891 -1.11048 -0.000669194 20 1224.59 -0.0161091 -1.09437 24.0724 24.5272 159.427 1451.4 1659.43
1.892 -1.10948 -0.000668647 20 1223.04 -0.0160925 -1.09339 24.0672 24.5272 159.427 1451.27 1659.29
1.893 -1.10848 -0.000668099 20 1221.49 -0.0160758 -1.0924 24.0621 24.5272 159.427 1451.13 1659.15
1.894 -1.10748 -0.000667552 20 1219.95 -0.0160592 -1.09142 24.0569 24.5272 159.427 1451 1659.01
1.895 -1.10647 -0.000667004 20 1218.41 -0.0160426 -1.09043 24.0518 24.5272 159.427 1450.87 1658.87
1.896 -1.10547 -0.000666456 20 1216.87 -0.016026 -1.08945 24.0466 24.5272 159.427 1450.73 1658.73
1.897 -1.10447 -0.000665909 20 1215.32 -0.0160095 -1.08846 24.0416 24.5272 159.427 1450.6 1658.59
1.898 -1.10347 -0.000665361 20 1213.78 -0.0159929 -1.08748 24.0365 24.5272 159.427 1450.46 1658.45
1.899 -1.10247 -0.000664812 20 1212.25 -0.0159764 -1.08649 24.0314 24.5272 159.427 1450.33 1658.32
1.9 -1.10147 -0.000664264 20 1210.71 -0.0159599 -1.08551 24.0264 24.5272 159.427 1450.2 1658.18
1.901 -1.10047 -0.000663716 20 1209.17 -0.0159434 -1.08452 24.0214 24.5272 159.427 1450.06 1658.04
1.902 -1.09946 -0.000663167 20 1207.64 -0.0159269 -1.08354 24.0163 24.5272 159.427 1449.93 1657.9
1.903 -1.09846 -0.000662619 20 1206.1 -0.0159104 -1.08255 24.0114 24.5272 159.427 1449.8 1657.76
1.904 -1.09746 -0.00066207 20 1204.57 -0.0158939 -1.08157 24.0064 24.5272 159.427 1449.66 1657.62
1.905 -1.09646 -0.000661521 20 1203.03 -0.0158775 -1.08058 24.0015 24.5272 159.427 1449.53 1657.48
1.906 -1.09546 -0.000660972 20 1201.5 -0.015861 -1.0796 23.9965 24.5272 159.427 1449.4 1657.35
1.907 -1.09446 -0.000660423 20 1199.97 -0.0158446 -1.07861 23.9916 24.5272 159.427 1449.26 1657.21
1.908 -1.09346 -0.000659873 20 1198.44 -0.0158282 -1.07763 23.9867 24.5272 159.427 1449.13 1657.07
1.909 -1.09246 -0.000659324 20 1196.91 -0.0158118 -1.07664 23.9819 24.5272 159.427 1449 1656.93
1.91 -1.09145 -0.000658774 20 1195.39 -0.0157954 -1.07566 23.977 24.5272 159.427 1448.86 1656.8
1.911 -1.09045 -0.000658225 20 1193.86 -0.0157791 -1.07467 23.9722 24.5272 159.427 1448.73 1656.66
1.912 -1.08945 -0.000657675 20 1192.34 -0.0157627 -1.07369 23.9674 24.5272 159.427 1448.6 1656.52
1.913 -1.08845 -0.000657125 20 1190.81 -0.0157464 -1.0727 23.9626 24.5272 159.427 1448.47 1656.38
1.914 -1.08745 -0.000656575 20 1189.29 -0.0157301 -1.07172 23.9578 24.5272 159.427 1448.33 1656.25
1.915 -1.08645 -0.000656025 20 1187.77 -0.0157138 -1.07073 23.953 24.5272 159.427 1448.2 1656.11
1.916 -1.08545 -0.000655474 20 1186.25 -0.0156975 -1.06975 23.9483 24.5272 159.427 1448.07 1655.97
1.917 -1.08444 -0.000654924 20 1184.73 -0.0156812 -1.06876 23.9436 24.5272 159.427 1447.94 1655.83
1.918 -1.08344 -0.000654373 20 1183.21 -0.015665 -1.06778 23.9389 24.5272 159.427 1447.8 1655.7
1.919 -1.08244 -0.000653823 20 1181.69 -0.0156487 -1.06679 23.9342 24.5272 159.427 1447.67 1655.56
1.92 -1.08144 -0.000653272 20 1180.17 -0.0156325 -1.06581 23.9295 24.5272 159.427 1447.54 1655.42
1.921 -1.08044 -0.000652721 20 1178.66 -0.0156163 -1.06482 23.9249 24.5272 159.427 1447.41 1655.29
1.922 -1.07944 -0.00065217 20 1177.14 -0.0156001 -1.06384 23.9203 24.5272 159.427 1447.28 1655.15
1.923 -1.07844 -0.000651618 20 1175.63 -0.0155839 -1.06285 23.9156 24.5272 159.427 1447.14 1655.01
1.924 -1.07744 -0.000651067 20 1174.12 -0.0155677 -1.06187 23.9111 24.5272 159.427 1447.01 1654.88
1.925 -1.07643 -0.000650515 20 1172.6 -0.0155515 -1.06088 23.9065 24.5272 159.427 1446.88 1654.74
1.926 -1.07543 -0.000649964 20 1171.09 -0.0155354 -1.0599 23.9019 24.5272 159.427 1446.75 1654.6
1.927 -1.07443 -0.000649412 20 1169.58 -0.0155193 -1.05891 23.8974 24.5272 159.427 1446.62 1654.47
1.928 -1.07343 -0.00064886 20 1168.08 -0.0155031 -1.05793 23.8929 24.5272 159.427 1446.49 1654.33
1.929 -1.07243 -0.000648308 20 1166.57 -0.015487 -1.05694 23.8884 24.5272 159.427 1446.35 1654.2
1.93 -1.07143 -0.000647756 20 1165.06 -0.015471 -1.05596 23.8839 24.5272 159.427 1446.22 1654.06
1.931 -1.07043 -0.000647204 20 1163.56 -0.0154549 -1.05497 23.8795 24.5272 159.427 1446.09 1653.93
1.932 -1.06942 -0.000646651 20 1162.05 -0.0154388 -1.05399 23.875 24.5272 159.427 1445.96 1653.79
1.933 -1.06842 -0.000646099 20 1160.55 -0.0154228 -1.053 23.8706 24.5272 159.427 1445.83 1653.65
1.934 -1.06742 -0.000645546 20 1159.05 -0.0154067 -1.05202 23.8662 24.5272 159.427 1445.7 1653.52
1.935 -1.06642 -0.000644993 20 1157.55 -0.0153907 -1.05103 23.8618 24.5272 159.427 1445.57 1653.38
1.936 -1.06542 -0.00064444 20 1156.05 -0.0153747 -1.05004 23.8575 24.5272 159.427 1445.44 1653.25
1.937 -1.06442 -0.000643887 20 1154.55 -0.0153587 -1.04906 23.8531 24.5272 159.427 1445.31 1653.11
1.938 -1.06342 -0.000643334 20 1153.05 -0.0153428 -1.04807 23.8488 24.5272 159.427 1445.18 1652.98
1.939 -1.06242 -0.000642781 20 1151.56 -0.0153268 -1.04709 23.8445 24.5272 159.427 1445.04 1652.84
1.94 -1.06141 -0.000642227 20 1150.06 -0.0153108 -1.0461 23.8402 24.5272 159.427 1444.91 1652.71
1.941 -1.06041 -0.000641673 20 1148.57 -0.0152949 -1.04512 23.836 24.5272 159.427 1444.78 1652.57
1.942 -1.05941 -0.00064112 20 1147.07 -0.015279 -1.04413 23.8317 24.5272 159.427 1444.65 1652.44
1.943 -1.05841 -0.000640566 20 1145.58 -0.0152631 -1.04315 23.8275 24.5272 159.427 1444.52 1652.31
1.944 -1.05741 -0.000640012 20 1144.09 -0.0152472 -1.04216 23.8233 24.5272 159.427 1444.39 1652.17
1.945 -1.05641 -0.000639458 20 1142.6 -0.0152313 -1.04118 23.8191 24.5272 159.427 1444.26 1652.04
1.946 -1.05541 -0.000638904 20 1141.11 -0.0152154 -1.04019 23.8149 24.5272 159.427 1444.13 1651.9
1.947 -1.0544 -0.000638349 20 1139.62 -0.0151996 -1.03921 23.8108 24.5272 159.427 1444 1651.77
1.948 -1.0534 -0.000637795 20 1138.13 -0.0151838 -1.03822 23.8067 24.5272 159.427 1443.87 1651.63
1.949 -1.0524 -0.00063724 20 1136.65 -0.0151679 -1.03723 23.8025 24.5272 159.427 1443.74 1651.5
1.95 -1.0514 -0.000636685 20 1135.16 -0.0151521 -1.03625 23.7984 24.5272 159.427 1443.61 1651.37
1.951 -1.0504 -0.00063613 20 1133.68 -0.0151363 -1.03526 23.7944 24.5272 159.427 1443.48 1651.23
1.952 -1.0494 -0.000635575 20 1132.2 -0.0151205 -1.03428 23.7903 24.5272 159.427 1443.35 1651.1
1.953 -1.0484 -0.00063502 20 1130.72 -0.0151048 -1.03329 23.7863 24.5272 159.427 1443.23 1650.97
1.954 -1.0474 -0.000634465 20 1129.23 -0.015089 -1.03231 23.7823 24.5272 159.427 1443.1 1650.83
1.955 -1.04639 -0.00063391 20 1127.76 -0.0150733 -1.03132 23.7783 24.5272 159.427 1442.97 1650.7
1.956 -1.04539 -0.000633354 20 1126.28 -0.0150575 -1.03034 23.7743 24.5272 159.427 1442.84 1650.57
1.957 -1.04439 -0.000632798 20 1124.8 -0.0150418 -1.02935 23.7703 24.5272 159.427 1442.71 1650.43
1.958 -1.04339 -0.000632243 20 1123.32 -0.0150261 -1.02836 23.7664 24.5272 159.427 1442.58 1650.3
1.959 -1.04239 -0.000631687 20 1121.85 -0.0150104 -1.02738 23.7625 24.5272 159.427 1442.45 1650.17
1.96 -1.04139 -0.000631131 20 1120.37 -0.0149948 -1.02639 23.7586 24.5272 159.427 1442.32 1650.03
1.961 -1.04039 -0.000630575 20 1118.9 -0.0149791 -1.02541 23.7547 24.5272 159.427 1442.19 1649.9
1.962 -1.03938 -0.000630018 20 1117.43 -0.0149635 -1.02442 23.7508 24.5272 159.427 1442.06 1649.77
1.963 -1.03838 -0.000629462 20 1115.96 -0.0149478 -1.02344 23.747 24.5272 159.427 1441.94 1649.64
1.964 -1.03738 -0.000628905 20 1114.49 -0.0149322 -1.02245 23.7432 24.5272 159.427 1441.81 1649.5
1.965 -1.03638 -0.000628349 20 1113.02 -0.0149166 -1.02146 23.7393 24.5272 159.427 1441.68 1649.37
1.966 -1.03538 -0.000627792 20 1111.55 -0.014901 -1.02048 23.7356 24.5272 159.427 1441.55 1649.24
1.967 -1.03438 -0.000627235 20 1110.09 -0.0148854 -1.01949 23.7318 24.5272 159.427 1441.42 1649.11
1.968 -1.03338 -0.000626678 20 1108.62 -0.0148698 -1.01851 23.728 24.5272 159.427 1441.29 1648.98
1.969 -1.03238 -0.000626121 20 1107.16 -0.0148543 -1.01752 23.7243 24.5272 159.427 1441.17 1648.84
1.97 -1.03137 -0.000625563 20 1105.69 -0.0148387 -1.01654 23.7206 24.5272 159.427 1441.04 1648.71
1.971 -1.03037 -0.000625006 20 1104.23 -0.0148232 -1.01555 23.7169 24.5272 159.427 1440.91 1648.58
1.972 -1.02937 -0.000624448 20 1102.77 -0.0148077 -1.01456 23.7132 24.5272 159.427 1440.78 1648.45
1.973 -1.02837 -0.00062389 20 1101.31 -0.0147922 -1.01358 23.7096 24.5272 159.427 1440.65 1648.32
1.974 -1.02737 -0.000623333 20 1099.85 -0.0147767 -1.01259 23.706 24.5272 159.427 1440.53 1648.19
1.975 -1.02637 -0.000622775 20 1098.39 -0.0147612 -1.01161 23.7023 24.5272 159.427 1440.4 1648.06
1.976 -1.02537 -0.000622217 20 1096.94 -0.0147458 -1.01062 23.6988 24.5272 159.427 1440.27 1647.93
1.977 -1.02436 -0.000621658 20 1095.48 -0.0147303 -1.00963 23.6952 24.5272 159.427 1440.14 1647.79
1.978 -1.02336 -0.0006211 20 1094.03 -0.0147149 -1.00865 23.6916 24.5272 159.427 1440.02 1647.66
1.979 -1.02236 -0.000620541 20 1092.57 -0.0146994 -1.00766 23.6881 24.5272 159.427 1439.89 1647.53
1.98 -1.02136 -0.000619983 20 1091.12 -0.014684 -1.00668 23.6846 24.5272 159.427 1439.76 1647.4
1.981 -1.02036 -0.000619424 20 1089.67 -0.0146686 -1.00569 23.6811 24.5272 159.427 1439.64 1647.27
1.982 -1.01936 -0.000618865 20 1088.22 -0.0146532 -1.0047 23.6776 24.5272 159.427 1439.51 1647.14
1.983 -1.01836 -0.000618306 20 1086.77 -0.0146379 -1.00372 23.6741 24.5272 159.427 1439.38 1647.01
1.984 -1.01736 -0.000617747 20 1085.32 -0.0146225 -1.00273 23.6707 24.5272 159.427 1439.26 1646.88
1.985 -1.01635 -0.000617188 20 1083.87 -0.0146072 -1.00175 23.6673 24.5272 159.427 1439.13 1646.75
1.986 -1.01535 -0.000616628 20 1082.43 -0.0145918 -1.00076 23.6639 24.5272 159.427 1439 1646.62
1.987 -1.01435 -0.000616069 20 1080.98 -0.0145765 -0.999775 23.6605 24.5272 159.427 1438.88 1646.49
1.988 -1.01335 -0.000615509 20 1079.54 -0.0145612 -0.998789 23.6571 24.5272 159.427 1438.75 1646.36
1.989 -1.01235 -0.00061495 20 1078.1 -0.0145459 -0.997803 23.6538 24.5272 159.427 1438.62 1646.23
1.99 -1.01135 -0.00061439 20 1076.65 -0.0145306 -0.996817 23.6505 24.5272 159.427 1438.5 1646.1
1.991 -1.01035 -0.00061383 20 1075.21 -0.0145153 -0.995831 23.6472 24.5272 159.427 1438.37 1645.97
1.992 -1.00934 -0.00061327 20 1073.78 -0.0145001 -0.994845 23.6439 24.5272 159.427 1438.24 1645.84
1.993 -1.00834 -0.000612709 20 1072.34 -0.0144848 -0.993859 23.6406 24.5272 159.427 1438.12 1645.71
1.994 -1.00734 -0.000612149 20 1070.9 -0.0144696 -0.992873 23.6374 24.5272 159.427 1437.99 1645.58
1.995 -1.00634 -0.000611588 20 1069.46 -0.0144544 -0.991887 23.6341 24.5272 159.427 1437.87 1645.45
1.996 -1.00534 -0.000611028 20 1068.03 -0.0144392 -0.9909 23.6309 24.5272 159.427 1437.74 1645.33
1.997 -1.00434 -0.000610467 20 1066.6 -0.014424 -0.989914 23.6278 24.5272 159.427 1437.62 1645.2
1.998 -1.00334 -0.000609906 20 1065.16 -0.0144088 -0.988928 23.6246 24.5272 159.427 1437.49 1645.07
1.999 -1.00234 -0.000609345 20 1063.73 -0.0143936 -0.987942 23.6214 24.5272 159.427 1437.36 1644.94
2 -1.00133 -0.000608784 20 1062.3 -0.0143784 -0.986956 23.6183 24.5272 159.427 1437.24 1644.81
2.001 -1.00033 -0.000608222 20 1060.87 -0.0143633 -0.98597 23.6152 24.5272 159.427 1437.11 1644.68
2.002 -0.999332 -0.000607661 20 1059.44 -0.0143482 -0.984983 23.6121 24.5272 159.427 1436.99 1644.55
2.003 -0.99833 -0.000607099 20 1058.02 -0.014333 -0.983997 23.609 24.5272 159.427 1436.86 1644.43
2.004 -0.997329 -0.000606538 20 1056.59 -0.0143179 -0.983011 23.606 24.5272 159.427 1436.74 1644.3
2.005 -0.996328 -0.000605976 20 1055.16 -0.0143028 -0.982025 23.603 24.5272 159.427 1436.61 1644.17
2.006 -0.995326 -0.000605414 20 1053.74 -0.0142877 -0.981038 23.5999 24.5272 159.427 1436.49 1644.04
2.007 -0.994325 -0.000604852 20 1052.32 -0.0142727 -0.980052 23.597 24.5272 159.427 1436.36 1643.91
2.008 -0.993324 -0.00060429 20 1050.9 -0.0142576 -0.979066 23.594 24.5272 159.427 1436.24 1643.79
2.009 -0.992322 -0.000603728 20 1049.48 -0.0142426 -0.97808 23.591 24.5272 159.427 1436.11 1643.66
2.01 -0.991321 -0.000603165 20 1048.06 -0.0142275 -0.977093 23.5881 24.5272 159.427 1435.99 1643.53
2.011 -0.99032 -0.000602603 20 1046.64 -0.0142125 -0.976107 23.5852 24.5272 159.427 1435.86 1643.4
2.012 -0.989318 -0.00060204 20 1045.22 -0.0141975 -0.975121 23.5823 24.5272 159.427 1435.74 1643.28
2.013 -0.988317 -0.000601477 20 1043.8 -0.0141825 -0.974134 23.5794 24.5272 159.427 1435.62 1643.15
2.014 -0.987316 -0.000600914 20 1042.39 -0.0141675 -0.973148 23.5766 24.5272 159.427 1435.49 1643.02
2.015 -0.986314 -0.000600351 20 1040.97 -0.0141525 -0.972162 23.5737 24.5272 159.427 1435.37 1642.9
2.016 -0.985313 -0.000599788 20 1039.56 -0.0141375 -0.971175 23.5709 24.5272 159.427 1435.24 1642.77
2.017 -0.984312 -0.000599225 20 1038.15 -0.0141226 -0.970189 23.5681 24.5272 159.427 1435.12 1642.64
2.018 -0.98331 -0.000598661 20 1036.74 -0.0141077 -0.969203 23.5653 24.5272 159.427 1435 1642.52
2.019 -0.982309 -0.000598098 20 1035.33 -0.0140927 -0.968216 23.5626 24.5272 159.427 1434.87 1642.39
2.02 -0.981308 -0.000597534 20 1033.92 -0.0140778 -0.96723 23.5598 24.5272 159.427 1434.75 1642.26
2.021 -0.980306 -0.00059697 20 1032.51 -0.0140629 -0.966243 23.5571 24.5272 159.427 1434.63 1642.14
2.022 -0.979305 -0.000596406 20 1031.11 -0.014048 -0.965257 23.5544 24.5272 159.427 1434.5 1642.01
2.023 -0.978304 -0.000595842 20 1029.7 -0.0140331 -0.96427 23.5518 24.5272 159.427 1434.38 1641.88
2.024 -0.977302 -0.000595278 20 1028.3 -0.0140183 -0.963284 23.5491 24.5272 159.427 1434.26 1641.76
2.025 -0.976301 -0.000594713 20 1026.9 -0.0140034 -0.962297 23.5465 24.5272 159.427 1434.13 1641.63
2.026 -0.9753 -0.000594149 20 1025.49 -0.0139885 -0.961311 23.5438 24.5272 159.427 1434.01 1641.51
2.027 -0.974298 -0.000593584 20 1024.09 -0.0139737 -0.960324 23.5412 24.5272 159.427 1433.89 1641.38
2.028 -0.973297 -0.00059302 20 1022.69 -0.0139589 -0.959338 23.5387 24.5272 159.427 1433.76 1641.26
2.029 -0.972296 -0.000592455 20 1021.3 -0.0139441 -0.958351 23.5361 24.5272 159.427 1433.64 1641.13
2.03 -0.971294 -0.00059189 20 1019.9 -0.0139293 -0.957365 23.5336 24.5272 159.427 1433.52 1641
2.031 -0.970293 -0.000591325 20 1018.5 -0.0139145 -0.956378 23.531 24.5272 159.427 1433.39 1640.88
2.032 -0.969292 -0.00059076 20 1017.11 -0.0138997 -0.955392 23.5285 24.5272 159.427 1433.27 1640.75
2.033 -0.96829 -0.000590194 20 1015.71 -0.013885 -0.954405 23.5261 24.5272 159.427 1433.15 1640.63
2.034 -0.967289 -0.000589629 20 1014.32 -0.0138702 -0.953419 23.5236 24.5272 159.427 1433.03 1640.5
2.035 -0.966288 -0.000589063 20 1012.93 -0.0138555 -0.952432 23.5212 24.5272 159.427 1432.9 1640.38
2.036 -0.965286 -0.000588497 20 1011.54 -0.0138407 -0.951445 23.5187 24.5272 159.427 1432.78 1640.26
2.037 -0.964285 -0.000587932 20 1010.15 -0.013826 -0.950459 23.5163 24.5272 159.427 1432.66 1640.13
2.038 -0.963284 -0.000587366 20 1008.76 -0.0138113 -0.949472 23.514 24.5272 159.427 1432.54 1640.01
2.039 -0.962282 -0.0005868 20 1007.37 -0.0137966 -0.948486 23.5116 24.5272 159.427 1432.42 1639.88
2.04 -0.961281 -0.000586233 20 1005.99 -0.0137819 -0.947499 23.5093 24.5272 159.427 1432.29 1639.76
2.041 -0.96028 -0.000585667 20 1004.6 -0.0137672 -0.946512 23.5069 24.5272 159.427 1432.17 1639.63
2.042 -0.959278 -0.000585101 20 1003.22 -0.0137526 -0.945526 23.5046 24.5272 159.427 1432.05 1639.51
2.043 -0.958277 -0.000584534 20 1001.84 -0.0137379 -0.944539 23.5024 24.5272 159.427 1431.93 1639.39
2.044 -0.957276 -0.000583967 20 1000.46 -0.0137233 -0.943552 23.5001 24.5272 159.427 1431.81 1639.26
2.045 -0.956274 -0.0005834 20 999.076 -0.0137087 -0.942566 23.4979 24.5272 159.427 1431.69 1639.14
2.046 -0.955273 -0.000582833 20 997.696 -0.013694 -0.941579 23.4956 24.5272 159.427 1431.57 1639.02
2.047 -0.954272 -0.000582266 20 996.318 -0.0136794 -0.940592 23.4934 24.5272 159.427 1431.44 1638.89
2.048 -0.95327 -0.000581699 20 994.941 -0.0136648 -0.939605 23.4913 24.5272 159.427 1431.32 1638.77
2.049 -0.952269 -0.000581132 20 993.565 -0.0136503 -0.938619 23.4891 24.5272 159.427 1431.2 1638.65
2.05 -0.951268 -0.000580564 20 992.191 -0.0136357 -0.937632 23.487 24.5272 159.427 1431.08 1638.52
2.051 -0.950266 -0.000579997 20 990.817 -0.0136211 -0.936645 23.4848 24.5272 159.427 1430.96 1638.4
2.052 -0.949265 -0.000579429 20 989.445 -0.0136066 -0.935658 23.4827 24.5272 159.427 1430.84 1638.28
2.053 -0.948264 -0.000578861 20 988.073 -0.013592 -0.934671 23.4807 24.5272 159.427 1430.72 1638.15
2.054 -0.947262 -0.000578293 20 986.703 -0.0135775 -0.933685 23.4786 24.5272 159.427 1430.6 1638.03
2.055 -0.946261 -0.000577725 20 985.334 -0.013563 -0.932698 23.4766 24.5272 159.427 1430.48 1637.91
2.056 -0.94526 -0.000577157 20 983.966 -0.0135485 -0.931711 23.4745 24.5272 159.427 1430.36 1637.79
2.057 -0.944258 -0.000576589 20 982.599 -0.013534 -0.930724 23.4725 24.5272 159.427 1430.24 1637.66
2.058 -0.943257 -0.00057602 20 981.234 -0.0135195 -0.929737 23.4706 24.5272 159.427 1430.12 1637.54
2.059 -0.942256 -0.000575452 20 979.869 -0.013505 -0.92875 23.4686 24.5272 159.427 1430 1637.42
2.06 -0.941254 -0.000574883 20 978.506 -0.0134906 -0.927764 23.4667 24.5272 159.427 1429.88 1637.3
2.061 -0.940253 -0.000574314 20 977.143 -0.0134761 -0.926777 23.4647 24.5272 159.427 1429.76 1637.18
2.062 -0.939252 -0.000573745 20 975.782 -0.0134617 -0.92579 23.4628 24.5272 159.427 1429.64 1637.05
2.063 -0.93825 -0.000573176 20 974.422 -0.0134473 -0.924803 23.461 24.5272 159.427 1429.52 1636.93
2.064 -0.937249 -0.000572607 20 973.063 -0.0134328 -0.923816 23.4591 24.5272 159.427 1429.4 1636.81
2.065 -0.936247 -0.000572037 20 971.706 -0.0134184 -0.922829 23.4573 24.5272 159.427 1429.28 1636.69
2.066 -0.935246 -0.000571468 20 970.349 -0.013404 -0.921842 23.4554 24.5272 159.427 1429.16 1636.57
2.067 -0.934245 -0.000570898 20 968.994 -0.0133897 -0.920855 23.4536 24.5272 159.427 1429.04 1636.45
2.068 -0.933243 -0.000570329 20 967.64 -0.0133753 -0.919868 23.4519 24.5272 159.427 1428.92 1636.33
2.069 -0.932242 -0.000569759 20 966.286 -0.0133609 -0.918881 23.4501 24.5272 159.427 1428.8 1636.2
2.07 -0.931241 -0.000569189 20 964.934 -0.0133466 -0.917894 23.4484 24.5272 159.427 1428.68 1636.08
2.071 -0.930239 -0.000568619 20 963.584 -0.0133322 -0.916907 23.4467 24.5272 159.427 1428.56 1635.96
2.072 -0.929238 -0.000568049 20 962.234 -0.0133179 -0.91592 23.445 24.5272 159.427 1428.44 1635.84
2.073 -0.928237 -0.000567478 20 960.885 -0.0133036 -0.914933 23.4433 24.5272 159.427 1428.32 1635.72
2.074 -0.927235 -0.000566908 20 959.538 -0.0132892 -0.913946 23.4416 24.5272 159.427 1428.21 1635.6
2.075 -0.926234 -0.000566337 20 958.192 -0.0132749 -0.912959 23.44 24.5272 159.427 1428.09 1635.48
2.076 -0.925233 -0.000565767 20 956.847 -0.0132607 -0.911972 23.4384 24.5272 159.427 1427.97 1635.36
2.077 -0.924231 -0.000565196 20 955.503 -0.0132464 -0.910985 23.4368 24.5272 159.427 1427.85 1635.24
2.078 -0.92323 -0.000564625 20 954.16 -0.0132321 -0.909998 23.4352 24.5272 159.427 1427.73 1635.12
2.079 -0.922229 -0.000564054 20 952.818 -0.0132178 -0.909011 23.4337 24.5272 159.427 1427.61 1635
2.08 -0.921227 -0.000563483 20 951.478 -0.0132036 -0.908024 23.4321 24.5272 159.427 1427.5 1634.88
2.081 -0.920226 -0.000562911 20 950.138 -0.0131894 -0.907037 23.4306 24.5272 159.427 1427.38 1634.76
2.082 -0.919225 -0.00056234 20 948.8 -0.0131751 -0.90605 23.4291 24.5272 159.427 1427.26 1634.64
2.083 -0.918223 -0.000561768 20 947.463 -0.0131609 -0.905063 23.4277 24.5272 159.427 1427.14 1634.52
2.084 -0.917222 -0.000561197 20 946.127 -0.0131467 -0.904075 23.4262 24.5272 159.427 1427.02 1634.4
2.085 -0.916221 -0.000560625 20 944.792 -0.0131325 -0.903088 23.4248 24.5272 159.427 1426.91 1634.29
2.086 -0.915219 -0.000560053 20 943.459 -0.0131183 -0.902101 23.4234 24.5272 159.427 1426.79 1634.17
2.087 -0.914218 -0.000559481 20 942.126 -0.0131041 -0.901114 23.422 24.5272 159.427 1426.67 1634.05
2.088 -0.913217 -0.000558909 20 940.795 -0.01309 -0.900127 23.4206 24.5272 159.427 1426.55 1633.93
2.089 -0.912215 -0.000558336 20 939.465 -0.0130758 -0.89914 23.4193 24.5272 159.427 1426.44 1633.81
2.09 -0.911214 -0.000557764 20 938.136 -0.0130617 -0.898152 23.4179 24.5272 159.427 1426.32 1633.69
2.091 -0.910213 -0.000557191 20 936.808 -0.0130475 -0.897165 23.4166 24.5272 159.427 1426.2 1633.57
2.092 -0.909211 -0.000556619 20 935.481 -0.0130334 -0.896178 23.4153 24.5272 159.427 1426.09 1633.45
2.093 -0.90821 -0.000556046 20 934.156 -0.0130193 -0.895191 23.4141 24.5272 159.427 1425.97 1633.34
2.094 -0.907209 -0.000555473 20 932.831 -0.0130052 -0.894204 23.4128 24.5272 159.427 1425.85 1633.22
2.095 -0.906207 -0.0005549 20 931.508 -0.0129911 -0.893216 23.4116 24.5272 159.427 1425.73 1633.1
2.096 -0.905206 -0.000554327 20 930.186 -0.012977 -0.892229 23.4104 24.5272 159.427 1425.62 1632.98
2.097 -0.904205 -0.000553754 20 928.865 -0.0129629 -0.891242 23.4092 24.5272 159.427 1425.5 1632.86
2.098 -0.903203 -0.00055318 20 927.546 -0.0129489 -0.890255 23.4081 24.5272 159.427 1425.39 1632.75
2.099 -0.902202 -0.000552607 20 926.227 -0.0129348 -0.889267 23.4069 24.5272 159.427 1425.27 1632.63
2.1 -0.901201 -0.000552033 20 924.91 -0.0129208 -0.88828 23.4058 24.5272 159.427 1425.15 1632.51
2.101 -0.900199 -0.000551459 20 923.594 -0.0129067 -0.887293 23.4047 24.5272 159.427 1425.04 1632.4
2.102 -0.899198 -0.000550885 20 922.278 -0.0128927 -0.886305 23.4036 24.5272 159.427 1424.92 1632.28
2.103 -0.898197 -0.000550311 20 920.965 -0.0128787 -0.885318 23.4026 24.5272 159.427 1424.8 1632.16
2.104 -0.897195 -0.000549737 20 919.652 -0.0128647 -0.884331 23.4015 24.5272 159.427 1424.69 1632.04
2.105 -0.896194 -0.000549163 20 918.34 -0.0128507 -0.883343 23.4005 24.5272 159.427 1424.57 1631.93
2.106 -0.895193 -0.000548589 20 917.03 -0.0128367 -0.882356 23.3995 24.5272 159.427 1424.46 1631.81
2.107 -0.894191 -0.000548014 20 915.721 -0.0128227 -0.881369 23.3985 24.5272 159.427 1424.34 1631.69
2.108 -0.89319 -0.00054744 20 914.413 -0.0128088 -0.880381 23.3976 24.5272 159.427 1424.23 1631.58
2.109 -0.892189 -0.000546865 20 913.106 -0.0127948 -0.879394 23.3967 24.5272 159.427 1424.11 1631.46
2.11 -0.891187 -0.00054629 20 911.8 -0.0127809 -0.878407 23.3957 24.5272 159.427 1424 1631.35
2.111 -0.890186 -0.000545715 20 910.495 -0.0127669 -0.877419 23.3948 24.5272 159.427 1423.88 1631.23
2.112 -0.889185 -0.00054514 20 909.192 -0.012753 -0.876432 23.394 24.5272 159.427 1423.76 1631.11
2.113 -0.888183 -0.000544565 20 907.89 -0.0127391 -0.875444 23.3931 24.5272 159.427 1423.65 1631
2.114 -0.887182 -0.000543989 20 906.589 -0.0127252 -0.874457 23.3923 24.5272 159.427 1423.54 1630.88
2.115 -0.886181 -0.000543414 20 905.289 -0.0127113 -0.87347 23.3915 24.5272 159.427 1423.42 1630.77
2.116 -0.885179 -0.000542838 20 903.99 -0.0126974 -0.872482 23.3907 24.5272 159.427 1423.31 1630.65
2.117 -0.884178 -0.000542263 20 902.693 -0.0126835 -0.871495 23.3899 24.5272 159.427 1423.19 1630.54
2.118 -0.883177 -0.000541687 20 901.396 -0.0126696 -0.870507 23.3892 24.5272 159.427 1423.08 1630.42
2.119 -0.882175 -0.000541111 20 900.101 -0.0126558 -0.86952 23.3885 24.5272 159.427 1422.96 1630.3
2.12 -0.881174 -0.000540535 20 898.807 -0.0126419 -0.868532 23.3878 24.5272 159.427 1422.85 1630.19
2.121 -0.880173 -0.000539959 20 897.514 -0.0126281 -0.867545 23.3871 24.5272 159.427 1422.73 1630.07
2.122 -0.879171 -0.000539382 20 896.223 -0.0126142 -0.866557 23.3864 24.5272 159.427 1422.62 1629.96
2.123 -0.87817 -0.000538806 20 894.932 -0.0126004 -0.86557 23.3858 24.5272 159.427 1422.51 1629.85
2.124 -0.877169 -0.000538229 20 893.643 -0.0125866 -0.864582 23.3852 24.5272 159.427 1422.39 1629.73
2.125 -0.876167 -0.000537653 20 892.355 -0.0125728 -0.863595 23.3846 24.5272 159.427 1422.28 1629.62
2.126 -0.875166 -0.000537076 20 891.068 -0.012559 -0.862607 23.384 24.5272 159.427 1422.16 1629.5
2.127 -0.874165 -0.000536499 20 889.782 -0.0125452 -0.86162 23.3835 24.5272 159.427 1422.05 1629.39
2.128 -0.873163 -0.000535922 20 888.498 -0.0125314 -0.860632 23.3829 24.5272 159.427 1421.94 1629.27
2.129 -0.872162 -0.000535345 20 887.214 -0.0125177 -0.859644 23.3824 24.5272 159.427 1421.82 1629.16
2.13 -0.871161 -0.000534767 20 885.932 -0.0125039 -0.858657 23.382 24.5272 159.427 1421.71 1629.05
2.131 -0.870159 -0.00053419 20 884.651 -0.0124902 -0.857669 23.3815 24.5272 159.427 1421.6 1628.93
2.132 -0.869158 -0.000533613 20 883.371 -0.0124764 -0.856682 23.381 24.5272 159.427 1421.48 1628.82
2.133 -0.868157 -0.000533035 20 882.092 -0.0124627 -0.855694 23.3806 24.5272 159.427 1421.37 1628.71
2.134 -0.867155 -0.000532457 20 880.815 -0.012449 -0.854706 23.3802 24.5272 159.427 1421.26 1628.59
2.135 -0.866154 -0.000531879 20 879.539 -0.0124353 -0.853719 23.3798 24.5272 159.427 1421.14 1628.48
2.136 -0.865153 -0.000531301 20 878.264 -0.0124215 -0.852731 23.3795 24.5272 159.427 1421.03 1628.37
2.137 -0.864151 -0.000530723 20 876.99 -0.0124079 -0.851744 23.3791 24.5272 159.427 1420.92 1628.25
2.138 -0.86315 -0.000530145 20 875.717 -0.0123942 -0.850756 23.3788 24.5272 159.427 1420.81 1628.14
2.139 -0.862149 -0.000529567 20 874.445 -0.0123805 -0.849768 23.3785 24.5272 159.427 1420.69 1628.03
2.14 -0.861147 -0.000528988 20 873.175 -0.0123668 -0.848781 23.3783 24.5272 159.427 1420.58 1627.91
2.141 -0.860146 -0.00052841 20 871.906 -0.0123532 -0.847793 23.378 24.5272 159.427 1420.47 1627.8
2.142 -0.859145 -0.000527831 20 870.638 -0.0123395 -0.846805 23.3778 24.5272 159.427 1420.36 1627.69
2.143 -0.858143 -0.000527252 20 869.371 -0.0123259 -0.845818 23.3776 24.5272 159.427 1420.25 1627.58
2.144 -0.857142 -0.000526673 20 868.106 -0.0123122 -0.84483 23.3774 24.5272 159.427 1420.13 1627.47
2.145 -0.856141 -0.000526094 20 866.841 -0.0122986 -0.843842 23.3772 24.5272 159.427 1420.02 1627.35
2.146 -0.855139 -0.000525515 20 865.578 -0.012285 -0.842854 23.3771 24.5272 159.427 1419.91 1627.24
2.147 -0.854138 -0.000524936 20 864.316 -0.0122714 -0.841867 23.377 24.5272 159.427 1419.8 1627.13
2.148 -0.853137 -0.000524356 20 863.055 -0.0122578 -0.840879 23.3769 24.5272 159.427 1419.69 1627.02
2.149 -0.852135 -0.000523777 20 861.796 -0.0122442 -0.839891 23.3768 24.5272 159.427 1419.58 1626.91
2.15 -0.851134 -0.000523197 20 860.537 -0.0122306 -0.838903 23.3767 24.5272 159.427 1419.46 1626.8
2.151 -0.850133 -0.000522617 20 859.28 -0.0122171 -0.837916 23.3767 24.5272 159.427 1419.35 1626.68
2.152 -0.849131 -0.000522037 20 858.024 -0.0122035 -0.836928 23.3767 24.5272 159.427 1419.24 1626.57
2.153 -0.84813 -0.000521457 20 856.769 -0.0121899 -0.83594 23.3767 24.5272 159.427 1419.13 1626.46
2.154 -0.847129 -0.000520877 20 855.516 -0.0121764 -0.834952 23.3767 24.5272 159.427 1419.02 1626.35
2.155 -0.846127 -0.000520297 20 854.263 -0.0121629 -0.833965 23.3768 24.5272 159.427 1418.91 1626.24
2.156 -0.845126 -0.000519716 20 853.012 -0.0121493 -0.832977 23.3769 24.5272 159.427 1418.8 1626.13
2.157 -0.844125 -0.000519136 20 851.762 -0.0121358 -0.831989 23.377 24.5272 159.427 1418.69 1626.02
2.158 -0.843123 -0.000518555 20 850.513 -0.0121223 -0.831001 23.3771 24.5272 159.427 1418.58 1625.91
2.159 -0.842122 -0.000517975 20 849.265 -0.0121088 -0.830013 23.3772 24.5272 159.427 1418.47 1625.8
2.16 -0.841121 -0.000517394 20 848.019 -0.0120953 -0.829025 23.3774 24.5272 159.427 1418.36 1625.69
2.161 -0.840119 -0.000516813 20 846.774 -0.0120818 -0.828038 23.3776 24.5272 159.427 1418.25 1625.58
2.162 -0.839118 -0.000516232 20 845.53 -0.0120684 -0.82705 23.3778 24.5272 159.427 1418.14 1625.47
2.163 -0.838117 -0.000515651 20 844.287 -0.0120549 -0.826062 23.378 24.5272 159.427 1418.03 1625.36
2.164 -0.837115 -0.000515069 20 843.045 -0.0120414 -0.825074 23.3783 24.5272 159.427 1417.92 1625.25
2.165 -0.836114 -0.000514488 20 841.805 -0.012028 -0.824086 23.3785 24.5272 159.427 1417.81 1625.14
2.166 -0.835113 -0.000513906 20 840.566 -0.0120145 -0.823098 23.3788 24.5272 159.427 1417.7 1625.03
2.167 -0.834111 -0.000513325 20 839.328 -0.0120011 -0.82211 23.3792 24.5272 159.427 1417.59 1624.92
2.168 -0.83311 -0.000512743 20 838.091 -0.0119877 -0.821122 23.3795 24.5272 159.427 1417.48 1624.81
2.169 -0.832109 -0.000512161 20 836.855 -0.0119743 -0.820134 23.3799 24.5272 159.427 1417.37 1624.7
2.17 -0.831107 -0.000511579 20 835.621 -0.0119608 -0.819147 23.3803 24.5272 159.427 1417.26 1624.59
2.171 -0.830106 -0.000510997 20 834.388 -0.0119474 -0.818159 23.3807 24.5272 159.427 1417.15 1624.48
2.172 -0.829105 -0.000510414 20 833.156 -0.0119341 -0.817171 23.3811 24.5272 159.427 1417.04 1624.38
2.173 -0.828103 -0.000509832 20 831.925 -0.0119207 -0.816183 23.3816 24.5272 159.427 1416.93 1624.27
2.174 -0.827102 -0.00050925 20 830.696 -0.0119073 -0.815195 23.382 24.5272 159.427 1416.82 1624.16
2.175 -0.826101 -0.000508667 20 829.467 -0.0118939 -0.814207 23.3825 24.5272 159.427 1416.71 1624.05
2.176 -0.825099 -0.000508084 20 828.24 -0.0118806 -0.813219 23.3831 24.5272 159.427 1416.6 1623.94
2.177 -0.824098 -0.000507501 20 827.014 -0.0118672 -0.812231 23.3836 24.5272 159.427 1416.5 1623.83
2.178 -0.823097 -0.000506918 20 825.79 -0.0118539 -0.811243 23.3842 24.5272 159.427 1416.39 1623.73
2.179 -0.822095 -0.000506335 20 824.566 -0.0118405 -0.810255 23.3848 24.5272 159.427 1416.28 1623.62
2.18 -0.821094 -0.000505752 20 823.344 -0.0118272 -0.809267 23.3854 24.5272 159.427 1416.17 1623.51
2.181 -0.820093 -0.000505169 20 822.123 -0.0118139 -0.808279 23.386 24.5272 159.427 1416.06 1623.4
2.182 -0.819091 -0.000504585 20 820.903 -0.0118006 -0.807291 23.3867 24.5272 159.427 1415.95 1623.3
2.183 -0.81809 -0.000504002 20 819.685 -0.0117873 -0.806303 23.3873 24.5272 159.427 1415.85 1623.19
2.184 -0.817089 -0.000503418 20 818.467 -0.011774 -0.805315 23.3881 24.5272 159.427 1415.74 1623.08
2.185 -0.816087 -0.000502835 20 817.251 -0.0117607 -0.804327 23.3888 24.5272 159.427 1415.63 1622.97
2.186 -0.815086 -0.000502251 20 816.036 -0.0117474 -0.803339 23.3895 24.5272 159.427 1415.52 1622.87
2.187 -0.814085 -0.000501667 20 814.823 -0.0117341 -0.802351 23.3903 24.5272 159.427 1415.42 1622.76
2.188 -0.813083 -0.000501083 20 813.61 -0.0117209 -0.801363 23.3911 24.5272 159.427 1415.31 1622.65
2.189 -0.812082 -0.000500498 20 812.399 -0.0117076 -0.800374 23.3919 24.5272 159.427 1415.2 1622.55
2.19 -0.811081 -0.000499914 20 811.189 -0.0116944 -0.799386 23.3928 24.5272 159.427 1415.09 1622.44
2.191 -0.810079 -0.000499329 20 809.98 -0.0116811 -0.798398 23.3936 24.5272 159.427 1414.99 1622.33
2.192 -0.809078 -0.000498745 20 808.772 -0.0116679 -0.79741 23.3945 24.5272 159.427 1414.88 1622.23
2.193 -0.808077 -0.00049816 20 807.566 -0.0116547 -0.796422 23.3954 24.5272 159.427 1414.77 1622.12
2.194 -0.807075 -0.000497575 20 806.361 -0.0116414 -0.795434 23.3964 24.5272 159.427 1414.67 1622.02
2.195 -0.806074 -0.00049699 20 805.157 -0.0116282 -0.794446 23.3973 24.5272 159.427 1414.56 1621.91
2.196 -0.805073 -0.000496405 20 803.954 -0.011615 -0.793458 23.3983 24.5272 159.427 1414.45 1621.8
2.197 -0.804071 -0.00049582 20 802.753 -0.0116018 -0.79247 23.3993 24.5272 159.427 1414.35 1621.7
2.198 -0.80307 -0.000495235 20 801.553 -0.0115887 -0.791481 23.4003 24.5272 159.427 1414.24 1621.59
2.199 -0.802069 -0.00049465 20 800.354 -0.0115755 -0.790493 23.4014 24.5272 159.427 1414.13 1621.49
2.2 -0.801067 -0.000494064 20 799.156 -0.0115623 -0.789505 23.4024 24.5272 159.427 1414.03 1621.38
2.201 -0.800066 -0.000493478 20 797.959 -0.0115491 -0.788517 23.4035 24.5272 159.427 1413.92 1621.28
2.202 -0.799065 -0.000492893 20 796.764 -0.011536 -0.787529 23.4047 24.5272 159.427 1413.81 1621.17
2.203 -0.798063 -0.000492307 20 795.57 -0.0115228 -0.786541 23.4058 24.5272 159.427 1413.71 1621.07
2.204 -0.797062 -0.000491721 20 794.377 -0.0115097 -0.785552 23.407 24.5272 159.427 1413.6 1620.96
2.205 -0.796061 -0.000491135 20 793.186 -0.0114966 -0.784564 23.4082 24.5272 159.427 1413.5 1620.86
2.206 -0.795059 -0.000490549 20 791.995 -0.0114834 -0.783576 23.4094 24.5272 159.427 1413.39 1620.76
2.207 -0.794058 -0.000489962 20 790.806 -0.0114703 -0.782588 23.4106 24.5272 159.427 1413.29 1620.65
2.208 -0.793057 -0.000489376 20 789.618 -0.0114572 -0.7816 23.4119 24.5272 159.427 1413.18 1620.55
2.209 -0.792055 -0.000488789 20 788.432 -0.0114441 -0.780611 23.4131 24.5272 159.427 1413.08 1620.44
2.21 -0.791054 -0.000488203 20 787.246 -0.011431 -0.779623 23.4145 24.5272 159.427 1412.97 1620.34
2.211 -0.790053 -0.000487616 20 786.062 -0.0114179 -0.778635 23.4158 24.5272 159.427 1412.87 1620.24
2.212 -0.789051 -0.000487029 20 784.879 -0.0114048 -0.777647 23.4171 24.5272 159.427 1412.76 1620.13
2.213 -0.78805 -0.000486442 20 783.697 -0.0113918 -0.776658 23.4185 24.5272 159.427 1412.66 1620.03
2.214 -0.787049 -0.000485855 20 782.517 -0.0113787 -0.77567 23.4199 24.5272 159.427 1412.55 1619.93
2.215 -0.786047 -0.000485268 20 781.338 -0.0113656 -0.774682 23.4213 24.5272 159.427 1412.45 1619.82
2.216 -0.785046 -0.00048468 20 780.16 -0.0113526 -0.773693 23.4228 24.5272 159.427 1412.34 1619.72
2.217 -0.784045 -0.000484093 20 778.983 -0.0113395 -0.772705 23.4243 24.5272 159.427 1412.24 1619.62
2.218 -0.783043 -0.000483505 20 777.808 -0.0113265 -0.771717 23.4258 24.5272 159.427 1412.13 1619.51
2.219 -0.782042 -0.000482918 20 776.633 -0.0113135 -0.770729 23.4273 24.5272 159.427 1412.03 1619.41
2.22 -0.781041 -0.00048233 20 775.46 -0.0113004 -0.76974 23.4288 24.5272 159.427 1411.93 1619.31
2.221 -0.780039 -0.000481742 20 774.288 -0.0112874 -0.768752 23.4304 24.5272 159.427 1411.82 1619.21
2.222 -0.779038 -0.000481154 20 773.118 -0.0112744 -0.767764 23.432 24.5272 159.427 1411.72 1619.1
2.223 -0.778037 -0.000480566 20 771.949 -0.0112614 -0.766775 23.4336 24.5272 159.427 1411.61 1619
2.224 -0.777035 -0.000479978 20 770.781 -0.0112484 -0.765787 23.4353 24.5272 159.427 1411.51 1618.9
2.225 -0.776034 -0.000479389 20 769.614 -0.0112354 -0.764799 23.4369 24.5272 159.427 1411.41 1618.8
2.226 -0.775033 -0.000478801 20 768.448 -0.0112224 -0.76381 23.4386 24.5272 159.427 1411.3 1618.7
2.227 -0.774031 -0.000478212 20 767.284 -0.0112095 -0.762822 23.4403 24.5272 159.427 1411.2 1618.59
2.228 -0.77303 -0.000477624 20 766.121 -0.0111965 -0.761834 23.4421 24.5272 159.427 1411.1 1618.49
2.229 -0.772029 -0.000477035 20 764.959 -0.0111835 -0.760845 23.4438 24.5272 159.427 1410.99 1618.39
2.23 -0.771027 -0.000476446 20 763.799 -0.0111706 -0.759857 23.4456 24.5272 159.427 1410.89 1618.29
2.231 -0.770026 -0.000475857 20 762.639 -0.0111576 -0.758868 23.4474 24.5272 159.427 1410.79 1618.19
2.232 -0.769025 -0.000475268 20 761.481 -0.0111447 -0.75788 23.4493 24.5272 159.427 1410.68 1618.09
2.233 -0.768023 -0.000474678 20 760.325 -0.0111317 -0.756892 23.4511 24.5272 159.427 1410.58 1617.99
2.234 -0.767022 -0.000474089 20 759.169 -0.0111188 -0.755903 23.453 24.5272 159.427 1410.48 1617.89
2.235 -0.766021 -0.000473499 20 758.015 -0.0111059 -0.754915 23.4549 24.5272 159.427 1410.38 1617.79
2.236 -0.765019 -0.00047291 20 756.862 -0.011093 -0.753926 23.4569 24.5272 159.427 1410.27 1617.69
2.237 -0.764018 -0.00047232 20 755.71 -0.0110801 -0.752938 23.4588 24.5272 159.427 1410.17 1617.58
2.238 -0.763017 -0.00047173 20 754.56 -0.0110672 -0.75195 23.4608 24.5272 159.427 1410.07 1617.48
2.239 -0.762015 -0.00047114 20 753.41 -0.0110543 -0.750961 23.4628 24.5272 159.427 1409.97 1617.38
2.24 -0.761014 -0.00047055 20 752.262 -0.0110414 -0.749973 23.4649 24.5272 159.427 1409.87 1617.28
2.241 -0.760013 -0.00046996 20 751.116 -0.0110285 -0.748984 23.4669 24.5272 159.427 1409.76 1617.19
2.242 -0.759011 -0.00046937 20 749.97 -0.0110156 -0.747996 23.469 24.5272 159.427 1409.66 1617.09
2.243 -0.75801 -0.00046878 20 748.826 -0.0110028 -0.747007 23.4711 24.5272 159.427 1409.56 1616.99
2.244 -0.757009 -0.000468189 20 747.683 -0.0109899 -0.746019 23.4732 24.5272 159.427 1409.46 1616.89
2.245 -0.756007 -0.000467599 20 746.541 -0.0109771 -0.74503 23.4754 24.5272 159.427 1409.36 1616.79
2.246 -0.755006 -0.000467008 20 745.401 -0.0109642 -0.744042 23.4776 24.5272 159.427 1409.26 1616.69
2.247 -0.754005 -0.000466417 20 744.262 -0.0109514 -0.743053 23.4798 24.5272 159.427 1409.16 1616.59
2.248 -0.753003 -0.000465826 20 743.124 -0.0109385 -0.742065 23.482 24.5272 159.427 1409.05 1616.49
2.249 -0.752002 -0.000465235 20 741.987 -0.0109257 -0.741076 23.4843 24.5272 159.427 1408.95 1616.39
2.25 -0.751001 -0.000464644 20 740.852 -0.0109129 -0.740088 23.4866 24.5272 159.427 1408.85 1616.29
2.251 -0.749999 -0.000464053 20 739.718 -0.0109001 -0.739099 23.4889 24.5272 159.427 1408.75 1616.19
2.252 -0.748998 -0.000463461 20 738.585 -0.0108873 -0.738111 23.4912 24.5272 159.427 1408.65 1616.1
2.253 -0.747997 -0.00046287 20 737.453 -0.0108745 -0.737122 23.4936 24.5272 159.427 1408.55 1616
2.254 -0.746995 -0.000462278 20 736.323 -0.0108617 -0.736134 23.496 24.5272 159.427 1408.45 1615.9
2.255 -0.745994 -0.000461686 20 735.194 -0.0108489 -0.735145 23.4984 24.5272 159.427 1408.35 1615.8
2.256 -0.744993 -0.000461095 20 734.066 -0.0108361 -0.734157 23.5008 24.5272 159.427 1408.25 1615.7
2.257 -0.743991 -0.000460503 20 732.94 -0.0108233 -0.733168 23.5033 24.5272 159.427 1408.15 1615.61
2.258 -0.74299 -0.000459911 20 731.815 -0.0108106 -0.732179 23.5058 24.5272 159.427 1408.05 1615.51
2.259 -0.741989 -0.000459318 20 730.691 -0.0107978 -0.731191 23.5083 24.5272 159.427 1407.95 1615.41
2.26 -0.740987 -0.000458726 20 729.568 -0.010785 -0.730202 23.5108 24.5272 159.427 1407.85 1615.31
2.261 -0.739986 -0.000458134 20 728.447 -0.0107723 -0.729214 23.5134 24.5272 159.427 1407.75 1615.22
2.262 -0.738985 -0.000457541 20 727.327 -0.0107595 -0.728225 23.516 24.5272 159.427 1407.65 1615.12
2.263 -0.737983 -0.000456949 20 726.208 -0.0107468 -0.727237 23.5186 24.5272 159.427 1407.55 1615.02
2.264 -0.736982 -0.000456356 20 725.09 -0.0107341 -0.726248 23.5212 24.5272 159.427 1407.45 1614.93
2.265 -0.735981 -0.000455763 20 723.974 -0.0107213 -0.725259 23.5239 24.5272 159.427 1407.35 1614.83
2.266 -0.734979 -0.00045517 20 722.859 -0.0107086 -0.724271 23.5266 24.5272 159.427 1407.25 1614.73
2.267 -0.733978 -0.000454577 20 721.745 -0.0106959 -0.723282 23.5293 24.5272 159.427 1407.15 1614.64
2.268 -0.732977 -0.000453984 20 720.633 -0.0106832 -0.722293 23.5321 24.5272 159.427 1407.06 1614.54
2.269 -0.731975 -0.000453391 20 719.521 -0.0106705 -0.721305 23.5349 24.5272 159.427 1406.96 1614.45
2.27 -0.730974 -0.000452798 20 718.412 -0.0106578 -0.720316 23.5377 24.5272 159.427 1406.86 1614.35
2.271 -0.729973 -0.000452204 20 717.303 -0.0106451 -0.719328 23.5405 24.5272 159.427 1406.76 1614.25
2.272 -0.728971 -0.000451611 20 716.196 -0.0106324 -0.718339 23.5433 24.5272 159.427 1406.66 1614.16
2.273 -0.72797 -0.000451017 20 715.09 -0.0106197 -0.71735 23.5462 24.5272 159.427 1406.56 1614.06
2.274 -0.726969 -0.000450423 20 713.985 -0.0106071 -0.716362 23.5491 24.5272 159.427 1406.46 1613.97
2.275 -0.725967 -0.000449829 20 712.881 -0.0105944 -0.715373 23.552 24.5272 159.427 1406.37 1613.87
2.276 -0.724966 -0.000449235 20 711.779 -0.0105817 -0.714384 23.555 24.5272 159.427 1406.27 1613.78
2.277 -0.723965 -0.000448641 20 710.678 -0.0105691 -0.713396 23.558 24.5272 159.427 1406.17 1613.68
2.278 -0.722963 -0.000448047 20 709.578 -0.0105564 -0.712407 23.561 24.5272 159.427 1406.07 1613.59
2.279 -0.721962 -0.000447453 20 708.48 -0.0105438 -0.711418 23.564 24.5272 159.427 1405.98 1613.49
2.28 -0.720961 -0.000446858 20 707.383 -0.0105312 -0.710429 23.5671 24.5272 159.427 1405.88 1613.4
2.281 -0.719959 -0.000446264 20 706.287 -0.0105185 -0.709441 23.5702 24.5272 159.427 1405.78 1613.31
2.282 -0.718958 -0.000445669 20 705.193 -0.0105059 -0.708452 23.5733 24.5272 159.427 1405.68 1613.21
2.283 -0.717957 -0.000445074 20 704.1 -0.0104933 -0.707463 23.5765 24.5272 159.427 1405.59 1613.12
2.284 -0.716955 -0.000444479 20 703.008 -0.0104807 -0.706475 23.5796 24.5272 159.427 1405.49 1613.02
2.285 -0.715954 -0.000443884 20 701.917 -0.0104681 -0.705486 23.5828 24.5272 159.427 1405.39 1612.93
2.286 -0.714953 -0.000443289 20 700.828 -0.0104555 -0.704497 23.5861 24.5272 159.427 1405.3 1612.84
2.287 -0.713951 -0.000442694 20 699.74 -0.0104429 -0.703508 23.5893 24.5272 159.427 1405.2 1612.74
2.288 -0.71295 -0.000442099 20 698.653 -0.0104303 -0.70252 23.5926 24.5272 159.427 1405.1 1612.65
2.289 -0.711949 -0.000441503 20 697.567 -0.0104177 -0.701531 23.5959 24.5272 159.427 1405.01 1612.56
2.29 -0.710947 -0.000440908 20 696.483 -0.0104051 -0.700542 23.5993 24.5272 159.427 1404.91 1612.46
2.291 -0.709946 -0.000440312 20 695.4 -0.0103925 -0.699553 23.6026 24.5272 159.427 1404.81 1612.37
2.292 -0.708945 -0.000439716 20 694.319 -0.01038 -0.698565 23.606 24.5272 159.427 1404.72 1612.28
2.293 -0.707943 -0.000439121 20 693.239 -0.0103674 -0.697576 23.6094 24.5272 159.427 1404.62 1612.18
2.294 -0.706942 -0.000438525 20 692.16 -0.0103548 -0.696587 23.6129 24.5272 159.427 1404.52 1612.09
2.295 -0.705941 -0.000437929 20 691.082 -0.0103423 -0.695598 23.6163 24.5272 159.427 1404.43 1612
2.296 -0.704939 -0.000437333 20 690.005 -0.0103297 -0.69461 23.6198 24.5272 159.427 1404.33 1611.91
2.297 -0.703938 -0.000436736 20 688.93 -0.0103172 -0.693621 23.6234 24.5272 159.427 1404.24 1611.81
2.298 -0.702937 -0.00043614 20 687.857 -0.0103046 -0.692632 23.6269 24.5272 159.427 1404.14 1611.72
2.299 -0.701935 -0.000435543 20 686.784 -0.0102921 -0.691643 23.6305 24.5272 159.427 1404.05 1611.63
2.3 -0.700934 -0.000434947 20 685.713 -0.0102796 -0.690654 23.6341 24.5272 159.427 1403.95 1611.54
2.301 -0.699933 -0.00043435 20 684.643 -0.0102671 -0.689666 23.6378 24.5272 159.427 1403.86 1611.45
2.302 -0.698931 -0.000433753 20 683.574 -0.0102546 -0.688677 23.6414 24.5272 159.427 1403.76 1611.36
2.303 -0.69793 -0.000433156 20 682.507 -0.010242 -0.687688 23.6451 24.5272 159.427 1403.67 1611.27
2.304 -0.696929 -0.000432559 20 681.441 -0.0102295 -0.686699 23.6489 24.5272 159.427 1403.57 1611.17
2.305 -0.695927 -0.000431962 20 680.377 -0.010217 -0.68571 23.6526 24.5272 159.427 1403.48 1611.08
2.306 -0.694926 -0.000431365 20 679.313 -0.0102045 -0.684721 23.6564 24.5272 159.427 1403.38 1610.99
2.307 -0.693925 -0.000430768 20 678.251 -0.0101921 -0.683733 23.6602 24.5272 159.427 1403.29 1610.9
2.308 -0.692923 -0.00043017 20 677.19 -0.0101796 -0.682744 23.6641 24.5272 159.427 1403.19 1610.81
2.309 -0.691922 -0.000429573 20 676.131 -0.0101671 -0.681755 23.6679 24.5272 159.427 1403.1 1610.72
2.31 -0.690921 -0.000428975 20 675.073 -0.0101546 -0.680766 23.6718 24.5272 159.427 1403 1610.63
2.311 -0.689919 -0.000428377 20 674.016 -0.0101422 -0.679777 23.6757 24.5272 159.427 1402.91 1610.54
2.312 -0.688918 -0.00042778 20 672.96 -0.0101297 -0.678788 23.6797 24.5272 159.427 1402.82 1610.45
2.313 -0.687917 -0.000427182 20 671.906 -0.0101172 -0.677799 23.6837 24.5272 159.427 1402.72 1610.36
2.314 -0.686915 -0.000426584 20 670.853 -0.0101048 -0.67681 23.6877 24.5272 159.427 1402.63 1610.27
2.315 -0.685914 -0.000425985 20 669.802 -0.0100923 -0.675822 23.6917 24.5272 159.427 1402.54 1610.18
2.316 -0.684913 -0.000425387 20 668.751 -0.0100799 -0.674833 23.6958 24.5272 159.427 1402.44 1610.09
2.317 -0.683911 -0.000424789 20 667.703 -0.0100675 -0.673844 23.6999 24.5272 159.427 1402.35 1610
2.318 -0.68291 -0.00042419 20 666.655 -0.010055 -0.672855 23.704 24.5272 159.427 1402.26 1609.91
2.319 -0.681909 -0.000423592 20 665.609 -0.0100426 -0.671866 23.7082 24.5272 159.427 1402.16 1609.82
2.32 -0.680907 -0.000422993 20 664.564 -0.0100302 -0.670877 23.7124 24.5272 159.427 1402.07 1609.74
2.321 -0.679906 -0.000422394 20 663.52 -0.0100177 -0.669888 23.7166 24.5272 159.427 1401.98 1609.65
2.322 -0.678905 -0.000421795 20 662.477 -0.0100053 -0.668899 23.7208 24.5272 159.427 1401.88 1609.56
2.323 -0.677903 -0.000421196 20 661.436 -0.00999293 -0.66791 23.7251 24.5272 159.427 1401.79 1609.47
2.324 -0.676902 -0.000420597 20 660.397 -0.00998052 -0.666921 23.7294 24.5272 159.427 1401.7 1609.38
2.325 -0.675901 -0.000419998 20 659.358 -0.00996813 -0.665932 23.7337 24.5272 159.427 1401.61 1609.29
2.326 -0.674899 -0.000419399 20 658.321 -0.00995573 -0.664944 23.7381 24.5272 159.427 1401.51 1609.21
2.327 -0.673898 -0.000418799 20 657.285 -0.00994334 -0.663955 23.7425 24.5272 159.427 1401.42 1609.12
2.328 -0.672897 -0.0004182 20 656.251 -0.00993096 -0.662966 23.7469 24.5272 159.427 1401.33 1609.03
2.329 -0.671895 -0.0004176 20 655.218 -0.00991858 -0.661977 23.7514 24.5272 159.427 1401.24 1608.94
2.33 -0.670894 -0.000417001 20 654.186 -0.0099062 -0.660988 23.7559 24.5272 159.427 1401.15 1608.86
2.331 -0.669893 -0.000416401 20 653.155 -0.00989383 -0.659999 23.7604 24.5272 159.427 1401.05 1608.77
2.332 -0.668891 -0.000415801 20 652.126 -0.00988147 -0.65901 23.7649 24.5272 159.427 1400.96 1608.68
2.333 -0.66789 -0.000415201 20 651.098 -0.00986911 -0.658021 23.7695 24.5272 159.427 1400.87 1608.59
2.334 -0.666889 -0.000414601 20 650.072 -0.00985675 -0.657032 23.7741 24.5272 159.427 1400.78 1608.51
2.335 -0.665887 -0.000414 20 649.047 -0.0098444 -0.656043 23.7787 24.5272 159.427 1400.69 1608.42
2.336 -0.664886 -0.0004134 20 648.023 -0.00983205 -0.655054 23.7834 24.5272 159.427 1400.6 1608.34
2.337 -0.663885 -0.0004128 20 647 -0.00981971 -0.654065 23.7881 24.5272 159.427 1400.51 1608.25
2.338 -0.662883 -0.000412199 20 645.979 -0.00980737 -0.653076 23.7928 24.5272 159.427 1400.42 1608.16
2.339 -0.661882 -0.000411599 20 644.959 -0.00979504 -0.652087 23.7976 24.5272 159.427 1400.32 1608.08
2.34 -0.660881 -0.000410998 20 643.941 -0.00978271 -0.651098 23.8023 24.5272 159.427 1400.23 1607.99
2.341 -0.659879 -0.000410397 20 642.923 -0.00977039 -0.650109 23.8072 24.5272 159.427 1400.14 1607.91
2.342 -0.658878 -0.000409796 20 641.907 -0.00975807 -0.64912 23.812 24.5272 159.427 1400.05 1607.82
2.343 -0.657877 -0.000409195 20 640.893 -0.00974575 -0.648131 23.8169 24.5272 159.427 1399.96 1607.73
2.344 -0.656875 -0.000408594 20 639.88 -0.00973344 -0.647142 23.8218 24.5272 159.427 1399.87 1607.65
2.345 -0.655874 -0.000407993 20 638.868 -0.00972113 -0.646153 23.8267 24.5272 159.427 1399.78 1607.56
2.346 -0.654873 -0.000407391 20 637.857 -0.00970883 -0.645164 23.8317 24.5272 159.427 1399.69 1607.48
2.347 -0.653871 -0.00040679 20 636.848 -0.00969653 -0.644175 23.8367 24.5272 159.427 1399.6 1607.39
2.348 -0.65287 -0.000406188 20 635.84 -0.00968424 -0.643186 23.8418 24.5272 159.427 1399.51 1607.31
2.349 -0.651869 -0.000405587 20 634.833 -0.00967195 -0.642197 23.8468 24.5272 159.427 1399.42 1607.22
2.35 -0.650867 -0.000404985 20 633.828 -0.00965967 -0.641208 23.8519 24.5272 159.427 1399.33 1607.14
2.351 -0.649866 -0.000404383 20 632.824 -0.00964739 -0.640219 23.8571 24.5272 159.427 1399.24 1607.06
2.352 -0.648865 -0.000403781 20 631.822 -0.00963511 -0.639229 23.8622 24.5272 159.427 1399.16 1606.97
2.353 -0.647863 -0.000403179 20 630.821 -0.00962284 -0.63824 23.8674 24.5272 159.427 1399.07 1606.89
2.354 -0.646862 -0.000402577 20 629.821 -0.00961057 -0.637251 23.8726 24.5272 159.427 1398.98 1606.8
2.355 -0.645861 -0.000401974 20 628.822 -0.00959831 -0.636262 23.8779 24.5272 159.427 1398.89 1606.72
2.356 -0.644859 -0.000401372 20 627.825 -0.00958605 -0.635273 23.8832 24.5272 159.427 1398.8 1606.64
2.357 -0.643858 -0.00040077 20 626.829 -0.00957379 -0.634284 23.8885 24.5272 159.427 1398.71 1606.55
2.358 -0.642857 -0.000400167 20 625.835 -0.00956154 -0.633295 23.8939 24.5272 159.427 1398.62 1606.47
2.359 -0.641855 -0.000399564 20 624.842 -0.00954929 -0.632306 23.8993 24.5272 159.427 1398.53 1606.39
2.36 -0.640854 -0.000398962 20 623.85 -0.00953705 -0.631317 23.9047 24.5272 159.427 1398.45 1606.3
2.361 -0.639853 -0.000398359 20 622.859 -0.00952481 -0.630328 23.9101 24.5272 159.427 1398.36 1606.22
2.362 -0.638851 -0.000397756 20 621.87 -0.00951257 -0.629339 23.9156 24.5272 159.427 1398.27 1606.14
2.363 -0.63785 -0.000397153 20 620.882 -0.00950034 -0.62835 23.9211 24.5272 159.427 1398.18 1606.06
2.364 -0.636849 -0.00039655 20 619.896 -0.00948812 -0.62736 23.9267 24.5272 159.427 1398.09 1605.97
2.365 -0.635847 -0.000395946 20 618.911 -0.00947589 -0.626371 23.9323 24.5272 159.427 1398.01 1605.89
2.366 -0.634846 -0.000395343 20 617.927 -0.00946367 -0.625382 23.9379 24.5272 159.427 1397.92 1605.81
2.367 -0.633845 -0.00039474 20 616.945 -0.00945146 -0.624393 23.9435 24.5272 159.427 1397.83 1605.73
2.368 -0.632843 -0.000394136 20 615.964 -0.00943925 -0.623404 23.9492 24.5272 159.427 1397.74 1605.65
2.369 -0.631842 -0.000393532 20 614.984 -0.00942704 -0.622415 23.9549 24.5272 159.427 1397.66 1605.57
2.37 -0.630841 -0.000392929 20 614.006 -0.00941484 -0.621426 23.9607 24.5272 159.427 1397.57 1605.48
2.371 -0.629839 -0.000392325 20 613.029 -0.00940264 -0.620437 23.9665 24.5272 159.427 1397.48 1605.4
2.372 -0.628838 -0.000391721 20 612.053 -0.00939044 -0.619447 23.9723 24.5272 159.427 1397.4 1605.32
2.373 -0.627837 -0.000391117 20 611.079 -0.00937825 -0.618458 23.9781 24.5272 159.427 1397.31 1605.24
2.374 -0.626835 -0.000390513 20 610.106 -0.00936606 -0.617469 23.984 24.5272 159.427 1397.22 1605.16
2.375 -0.625834 -0.000389908 20 609.134 -0.00935388 -0.61648 23.9899 24.5272 159.427 1397.14 1605.08
2.376 -0.624833 -0.000389304 20 608.164 -0.00934169 -0.615491 23.9959 24.5272 159.427 1397.05 1605
2.377 -0.623831 -0.0003887 20 607.195 -0.00932952 -0.614502 24.0019 24.5272 159.427 1396.96 1604.92
2.378 -0.62283 -0.000388095 20 606.228 -0.00931734 -0.613513 24.0079 24.5272 159.427 1396.88 1604.84
2.379 -0.621829 -0.00038749 20 605.262 -0.00930517 -0.612523 24.0139 24.5272 159.427 1396.79 1604.76
2.38 -0.620827 -0.000386886 20 604.297 -0.00929301 -0.611534 24.02 24.5272 159.427 1396.7 1604.68
2.381 -0.619826 -0.000386281 20 603.333 -0.00928084 -0.610545 24.0262 24.5272 159.427 1396.62 1604.6
2.382 -0.618825 -0.000385676 20 602.371 -0.00926869 -0.609556 24.0323 24.5272 159.427 1396.53 1604.52
2.383 -0.617823 -0.000385071 20 601.411 -0.00925653 -0.608567 24.0385 24.5272 159.427 1396.45 1604.44
2.384 -0.616822 -0.000384466 20 600.451 -0.00924438 -0.607578 24.0447 24.5272 159.427 1396.36 1604.36
2.385 -0.615821 -0.000383861 20 599.493 -0.00923223 -0.606588 24.051 24.5272 159.427 1396.28 1604.28
2.386 -0.614819 -0.000383255 20 598.537 -0.00922009 -0.605599 24.0573 24.5272 159.427 1396.19 1604.2
2.387 -0.613818 -0.00038265 20 597.581 -0.00920794 -0.60461 24.0636 24.5272 159.427 1396.11 1604.12
2.388 -0.612817 -0.000382044 20 596.628 -0.00919581 -0.603621 24.07 24.5272 159.427 1396.02 1604.05
2.389 -0.611815 -0.000381439 20 595.675 -0.00918367 -0.602632 24.0764 24.5272 159.427 1395.94 1603.97
2.39 -0.610814 -0.000380833 20 594.724 -0.00917154 -0.601642 24.0828 24.5272 159.427 1395.85 1603.89
2.391 -0.609813 -0.000380227 20 593.774 -0.00915941 -0.600653 24.0893 24.5272 159.427 1395.77 1603.81
2.392 -0.608811 -0.000379621 20 592.826 -0.00914729 -0.599664 24.0958 24.5272 159.427 1395.68 1603.73
2.393 -0.60781 -0.000379015 20 591.879 -0.00913517 -0.598675 24.1024 24.5272 159.427 1395.6 1603.66
2.394 -0.606809 -0.000378409 20 590.933 -0.00912305 -0.597685 24.109 24.5272 159.427 1395.51 1603.58
2.395 -0.605807 -0.000377803 20 589.989 -0.00911094 -0.596696 24.1156 24.5272 159.427 1395.43 1603.5
2.396 -0.604806 -0.000377197 20 589.046 -0.00909883 -0.595707 24.1222 24.5272 159.427 1395.35 1603.42
2.397 -0.603805 -0.00037659 20 588.104 -0.00908672 -0.594718 24.1289 24.5272 159.427 1395.26 1603.35
2.398 -0.602803 -0.000375984 20 587.164 -0.00907461 -0.593729 24.1356 24.5272 159.427 1395.18 1603.27
2.399 -0.601802 -0.000375377 20 586.225 -0.00906251 -0.592739 24.1424 24.5272 159.427 1395.1 1603.19
2.4 -0.600801 -0.000374771 20 585.288 -0.00905041 -0.59175 24.1492 24.5272 159.427 1395.01 1603.12
2.401 -0.599799 -0.000374164 20 584.351 -0.00903832 -0.590761 24.156 24.5272 159.427 1394.93 1603.04
2.402 -0.598798 -0.000373557 20 583.417 -0.00902623 -0.589772 24.1629 24.5272 159.427 1394.85 1602.96
2.403 -0.597797 -0.00037295 20 582.483 -0.00901414 -0.588782 24.1698 24.5272 159.427 1394.76 1602.89
2.404 -0.596795 -0.000372343 20 581.551 -0.00900205 -0.587793 24.1768 24.5272 159.427 1394.68 1602.81
2.405 -0.595794 -0.000371736 20 580.621 -0.00898997 -0.586804 24.1838 24.5272 159.427 1394.6 1602.73
2.406 -0.594793 -0.000371129 20 579.692 -0.00897789 -0.585815 24.1908 24.5272 159.427 1394.51 1602.66
2.407 -0.593791 -0.000370521 20 578.764 -0.00896582 -0.584825 24.1978 24.5272 159.427 1394.43 1602.58
2.408 -0.59279 -0.000369914 20 577.837 -0.00895374 -0.583836 24.2049 24.5272 159.427 1394.35 1602.51
2.409 -0.591789 -0.000369306 20 576.912 -0.00894167 -0.582847 24.2121 24.5272 159.427 1394.27 1602.43
2.41 -0.590787 -0.000368699 20 575.989 -0.00892961 -0.581858 24.2192 24.5272 159.427 1394.18 1602.36
2.411 -0.589786 -0.000368091 20 575.066 -0.00891754 -0.580868 24.2264 24.5272 159.427 1394.1 1602.28
2.412 -0.588785 -0.000367483 20 574.145 -0.00890548 -0.579879 24.2337 24.5272 159.427 1394.02 1602.21
2.413 -0.587783 -0.000366875 20 573.226 -0.00889342 -0.57889 24.241 24.5272 159.427 1393.94 1602.13
2.414 -0.586782 -0.000366268 20 572.308 -0.00888137 -0.5779 24.2483 24.5272 159.427 1393.86 1602.06
2.415 -0.585781 -0.000365659 20 571.391 -0.00886931 -0.576911 24.2557 24.5272 159.427 1393.77 1601.98
2.416 -0.584779 -0.000365051 20 570.475 -0.00885726 -0.575922 24.2631 24.5272 159.427 1393.69 1601.91
2.417 -0.583778 -0.000364443 20 569.561 -0.00884522 -0.574933 24.2705 24.5272 159.427 1393.61 1601.84
2.418 -0.582777 -0.000363835 20 568.649 -0.00883317 -0.573943 24.278 24.5272 159.427 1393.53 1601.76
2.419 -0.581775 -0.000363226 20 567.737 -0.00882113 -0.572954 24.2855 24.5272 159.427 1393.45 1601.69
2.42 -0.580774 -0.000362618 20 566.828 -0.00880909 -0.571965 24.2931 24.5272 159.427 1393.37 1601.61
2.421 -0.579773 -0.000362009 20 565.919 -0.00879706 -0.570975 24.3007 24.5272 159.427 1393.29 1601.54
2.422 -0.578771 -0.0003614 20 565.012 -0.00878502 -0.569986 24.3083 24.5272 159.427 1393.21 1601.47
2.423 -0.57777 -0.000360792 20 564.106 -0.00877299 -0.568997 24.316 24.5272 159.427 1393.13 1601.4
2.424 -0.576769 -0.000360183 20 563.202 -0.00876097 -0.568008 24.3237 24.5272 159.427 1393.04 1601.32
2.425 -0.575767 -0.000359574 20 562.299 -0.00874894 -0.567018 24.3314 24.5272 159.427 1392.96 1601.25
2.426 -0.574766 -0.000358965 20 561.398 -0.00873692 -0.566029 24.3392 24.5272 159.427 1392.88 1601.18
2.427 -0.573765 -0.000358355 20 560.497 -0.0087249 -0.56504 24.3471 24.5272 159.427 1392.8 1601.11
2.428 -0.572763 -0.000357746 20 559.599 -0.00871288 -0.56405 24.3549 24.5272 159.427 1392.72 1601.03
2.429 -0.571762 -0.000357137 20 558.701 -0.00870087 -0.563061 24.3628 24.5272 159.427 1392.64 1600.96
2.43 -0.570761 -0.000356527 20 557.805 -0.00868885 -0.562072 24.3708 24.5272 159.427 1392.56 1600.89
2.431 -0.569759 -0.000355918 20 556.911 -0.00867684 -0.561082 24.3788 24.5272 159.427 1392.48 1600.82
2.432 -0.568758 -0.000355308 20 556.018 -0.00866484 -0.560093 24.3868 24.5272 159.427 1392.4 1600.75
2.433 -0.567757 -0.000354698 20 555.126 -0.00865283 -0.559104 24.3949 24.5272 159.427 1392.33 1600.67
2.434 -0.566755 -0.000354088 20 554.235 -0.00864083 -0.558114 24.403 24.5272 159.427 1392.25 1600.6
2.435 -0.565754 -0.000353479 20 553.346 -0.00862883 -0.557125 24.4112 24.5272 159.427 1392.17 1600.53
2.436 -0.564753 -0.000352869 20 552.459 -0.00861683 -0.556136 24.4194 24.5272 159.427 1392.09 1600.46
2.437 -0.563751 -0.000352258 20 551.573 -0.00860484 -0.555146 24.4276 24.5272 159.427 1392.01 1600.39
2.438 -0.56275 -0.000351648 20 550.688 -0.00859284 -0.554157 24.4359 24.5272 159.427 1391.93 1600.32
2.439 -0.561748 -0.000351038 20 549.804 -0.00858085 -0.553168 24.4442 24.5272 159.427 1391.85 1600.25
2.44 -0.560747 -0.000350428 20 548.922 -0.00856886 -0.552178 24.4526 24.5272 159.427 1391.77 1600.18
2.441 -0.559746 -0.000349817 20 548.042 -0.00855688 -0.551189 24.461 24.5272 159.427 1391.69 1600.11
2.442 -0.558744 -0.000349207 20 547.163 -0.00854489 -0.5502 24.4695 24.5272 159.427 1391.62 1600.04
2.443 -0.557743 -0.000348596 20 546.285 -0.00853291 -0.54921 24.4779 24.5272 159.427 1391.54 1599.97
2.444 -0.556742 -0.000347985 20 545.409 -0.00852093 -0.548221 24.4865 24.5272 159.427 1391.46 1599.9
2.445 -0.55574 -0.000347374 20 544.534 -0.00850896 -0.547232 24.4951 24.5272 159.427 1391.38 1599.83
2.446 -0.554739 -0.000346764 20 543.66 -0.00849698 -0.546242 24.5037 24.5272 159.427 1391.3 1599.76
2.447 -0.553738 -0.000346153 20 542.788 -0.00848501 -0.545253 24.5123 24.5272 159.427 1391.23 1599.69
2.448 -0.552736 -0.000345541 20 541.917 -0.00847304 -0.544263 24.521 24.5272 159.427 1391.15 1599.62
2.449 -0.551735 -0.00034493 20 541.048 -0.00846107 -0.543274 24.5298 24.5272 159.427 1391.07 1599.56
2.45 -0.550734 -0.000344319 20 540.18 -0.0084491 -0.542285 24.5386 24.5272 159.427 1390.99 1599.49
2.451 -0.549732 -0.000343708 20 539.313 -0.00843714 -0.541295 24.5474 24.5272 159.427 1390.92 1599.42
2.452 -0.548731 -0.000343096 20 538.448 -0.00842517 -0.540306 24.5563 24.5272 159.427 1390.84 1599.35
2.453 -0.54773 -0.000342485 20 537.584 -0.00841321 -0.539317 24.5652 24.5272 159.427 1390.76 1599.28
2.454 -0.546728 -0.000341873 20 536.722 -0.00840126 -0.538327 24.5742 24.5272 159.427 1390.69 1599.21
2.455 -0.545727 -0.000341261 20 535.861 -0.0083893 -0.537338 24.5832 24.5272 159.427 1390.61 1599.15
2.456 -0.544726 -0.00034065 20 535.002 -0.00837734 -0.536348 24.5923 24.5272 159.427 1390.53 1599.08
2.457 -0.543724 -0.000340038 20 534.144 -0.00836539 -0.535359 24.6014 24.5272 159.427 1390.46 1599.01
2.458 -0.542723 -0.000339426 20 533.287 -0.00835344 -0.53437 24.6105 24.5272 159.427 1390.38 1598.95
2.459 -0.541722 -0.000338814 20 532.432 -0.00834149 -0.53338 24.6197 24.5272 159.427 1390.3 1598.88
2.46 -0.54072 -0.000338202 20 531.578 -0.00832954 -0.532391 24.6289 24.5272 159.427 1390.23 1598.81
2.461 -0.539719 -0.000337589 20 530.726 -0.0083176 -0.531402 24.6382 24.5272 159.427 1390.15 1598.74
2.462 -0.538718 -0.000336977 20 529.875 -0.00830566 -0.530412 24.6475 24.5272 159.427 1390.08 1598.68
2.463 -0.537716 -0.000336365 20 529.025 -0.00829371 -0.529423 24.6569 24.5272 159.427 1390 1598.61
2.464 -0.536715 -0.000335752 20 528.177 -0.00828177 -0.528433 24.6663 24.5272 159.427 1389.93 1598.55
2.465 -0.535714 -0.00033514 20 527.33 -0.00826983 -0.527444 24.6758 24.5272 159.427 1389.85 1598.48
2.466 -0.534712 -0.000334527 20 526.485 -0.0082579 -0.526455 24.6853 24.5272 159.427 1389.77 1598.41
2.467 -0.533711 -0.000333914 20 525.641 -0.00824596 -0.525465 24.6949 24.5272 159.427 1389.7 1598.35
2.468 -0.53271 -0.000333301 20 524.798 -0.00823403 -0.524476 24.7045 24.5272 159.427 1389.62 1598.28
2.469 -0.531708 -0.000332688 20 523.957 -0.0082221 -0.523486 24.7141 24.5272 159.427 1389.55 1598.22
2.47 -0.530707 -0.000332075 20 523.118 -0.00821017 -0.522497 24.7238 24.5272 159.427 1389.47 1598.15
2.471 -0.529706 -0.000331462 20 522.279 -0.00819824 -0.521508 24.7336 24.5272 159.427 1389.4 1598.09
2.472 -0.528704 -0.000330849 20 521.443 -0.00818631 -0.520518 24.7433 24.5272 159.427 1389.33 1598.02
2.473 -0.527703 -0.000330236 20 520.607 -0.00817439 -0.519529 24.7532 24.5272 159.427 1389.25 1597.96
2.474 -0.526702 -0.000329622 20 519.773 -0.00816246 -0.518539 24.7631 24.5272 159.427 1389.18 1597.89
2.475 -0.5257 -0.000329009 20 518.941 -0.00815054 -0.51755 24.773 24.5272 159.427 1389.1 1597.83
2.476 -0.524699 -0.000328395 20 518.11 -0.00813862 -0.516561 24.783 24.5272 159.427 1389.03 1597.77
2.477 -0.523698 -0.000327782 20 517.28 -0.0081267 -0.515571 24.793 24.5272 159.427 1388.96 1597.7
2.478 -0.522696 -0.000327168 20 516.452 -0.00811478 -0.514582 24.8031 24.5272 159.427 1388.88 1597.64
2.479 -0.521695 -0.000326554 20 515.625 -0.00810286 -0.513592 24.8132 24.5272 159.427 1388.81 1597.58
2.48 -0.520694 -0.00032594 20 514.799 -0.00809095 -0.512603 24.8234 24.5272 159.427 1388.73 1597.51
2.481 -0.519692 -0.000325327 20 513.975 -0.00807903 -0.511613 24.8336 24.5272 159.427 1388.66 1597.45
2.482 -0.518691 -0.000324712 20 513.153 -0.00806712 -0.510624 24.8439 24.5272 159.427 1388.59 1597.39
2.483 -0.51769 -0.000324098 20 512.332 -0.00805521 -0.509635 24.8542 24.5272 159.427 1388.51 1597.32
2.484 -0.516688 -0.000323484 20 511.512 -0.00804329 -0.508645 24.8646 24.5272 159.427 1388.44 1597.26
2.485 -0.515687 -0.00032287 20 510.694 -0.00803138 -0.507656 24.875 24.5272 159.427 1388.37 1597.2
2.486 -0.514686 -0.000322256 20 509.877 -0.00801948 -0.506666 24.8855 24.5272 159.427 1388.3 1597.14
2.487 -0.513684 -0.000321641 20 509.062 -0.00800757 -0.505677 24.896 24.5272 159.427 1388.22 1597.07
2.488 -0.512683 -0.000321027 20 508.248 -0.00799566 -0.504687 24.9066 24.5272 159.427 1388.15 1597.01
2.489 -0.511682 -0.000320412 20 507.435 -0.00798376 -0.503698 24.9172 24.5272 159.427 1388.08 1596.95
2.49 -0.51068 -0.000319797 20 506.624 -0.00797185 -0.502709 24.9278 24.5272 159.427 1388.01 1596.89
2.491 -0.509679 -0.000319182 20 505.814 -0.00795995 -0.501719 24.9386 24.5272 159.427 1387.93 1596.83
2.492 -0.508678 -0.000318568 20 505.006 -0.00794805 -0.50073 24.9493 24.5272 159.427 1387.86 1596.77
2.493 -0.507676 -0.000317953 20 504.199 -0.00793615 -0.49974 24.9602 24.5272 159.427 1387.79 1596.71
2.494 -0.506675 -0.000317338 20 503.394 -0.00792425 -0.498751 24.971 24.5272 159.427 1387.72 1596.64
2.495 -0.505674 -0.000316722 20 502.59 -0.00791235 -0.497761 24.982 24.5272 159.427 1387.65 1596.58
2.496 -0.504672 -0.000316107 20 501.788 -0.00790045 -0.496772 24.993 24.5272 159.427 1387.58 1596.52
2.497 -0.503671 -0.000315492 20 500.987 -0.00788855 -0.495783 25.004 24.5272 159.427 1387.5 1596.46
2.498 -0.50267 -0.000314877 20 500.187 -0.00787666 -0.494793 25.0151 24.5272 159.427 1387.43 1596.4
2.499 -0.501668 -0.000314261 20 499.389 -0.00786476 -0.493804 25.0262 24.5272 159.427 1387.36 1596.34
2.5 -0.500667 -0.000313646 20 498.592 -0.00785287 -0.492814 25.0374 24.5272 159.427 1387.29 1596.28
2.501 -0.499666 -0.00031303 20 497.797 -0.00784097 -0.491825 25.0486 24.5272 159.427 1387.22 1596.22
2.502 -0.498664 -0.000312414 20 497.003 -0.00782908 -0.490835 25.0599 24.5272 159.427 1387.15 1596.16
2.503 -0.497663 -0.000311798 20 496.211 -0.00781719 -0.489846 25.0713 24.5272 159.427 1387.08 1596.11
2.504 -0.496662 -0.000311183 20 495.42 -0.0078053 -0.488856 25.0827 24.5272 159.427 1387.01 1596.05
2.505 -0.49566 -0.000310567 20 494.631 -0.00779341 -0.487867 25.0941 24.5272 159.427 1386.94 1595.99
2.506 -0.494659 -0.000309951 20 493.842 -0.00778152 -0.486878 25.1057 24.5272 159.427 1386.87 1595.93
2.507 -0.493658 -0.000309335 20 493.056 -0.00776963 -0.485888 25.1172 24.5272 159.427 1386.8 1595.87
2.508 -0.492656 -0.000308718 20 492.271 -0.00775774 -0.484899 25.1289 24.5272 159.427 1386.73 1595.81
2.509 -0.491655 -0.000308102 20 491.487 -0.00774585 -0.483909 25.1405 24.5272 159.427 1386.66 1595.75
2.51 -0.490654 -0.000307486 20 490.705 -0.00773396 -0.48292 25.1523 24.5272 159.427 1386.59 1595.7
2.511 -0.489652 -0.000306869 20 489.924 -0.00772207 -0.48193 25.164 24.5272 159.427 1386.52 1595.64
2.512 -0.488651 -0.000306253 20 489.145 -0.00771019 -0.480941 25.1759 24.5272 159.427 1386.45 1595.58
2.513 -0.48765 -0.000305636 20 488.367 -0.0076983 -0.479951 25.1878 24.5272 159.427 1386.38 1595.52
2.514 -0.486648 -0.00030502 20 487.59 -0.00768641 -0.478962 25.1997 24.5272 159.427 1386.31 1595.47
2.515 -0.485647 -0.000304403 20 486.815 -0.00767453 -0.477973 25.2118 24.5272 159.427 1386.24 1595.41
2.516 -0.484646 -0.000303786 20 486.042 -0.00766264 -0.476983 25.2238 24.5272 159.427 1386.17 1595.35
2.517 -0.483644 -0.000303169 20 485.27 -0.00765076 -0.475994 25.2359 24.5272 159.427 1386.11 1595.3
2.518 -0.482643 -0.000302552 20 484.499 -0.00763887 -0.475004 25.2481 24.5272 159.427 1386.04 1595.24
2.519 -0.481642 -0.000301935 20 483.73 -0.00762699 -0.474015 25.2604 24.5272 159.427 1385.97 1595.18
2.52 -0.48064 -0.000301318 20 482.962 -0.0076151 -0.473025 25.2727 24.5272 159.427 1385.9 1595.13
2.521 -0.479639 -0.000300701 20 482.196 -0.00760322 -0.472036 25.285 24.5272 159.427 1385.83 1595.07
2.522 -0.478638 -0.000300083 20 481.431 -0.00759134 -0.471046 25.2974 24.5272 159.427 1385.76 1595.02
2.523 -0.477636 -0.000299466 20 480.668 -0.00757945 -0.470057 25.3099 24.5272 159.427 1385.7 1594.96
2.524 -0.476635 -0.000298848 20 479.906 -0.00756757 -0.469068 25.3224 24.5272 159.427 1385.63 1594.91
2.525 -0.475634 -0.000298231 20 479.145 -0.00755569 -0.468078 25.335 24.5272 159.427 1385.56 1594.85
2.526 -0.474632 -0.000297613 20 478.386 -0.0075438 -0.467089 25.3477 24.5272 159.427 1385.49 1594.8
2.527 -0.473631 -0.000296996 20 477.629 -0.00753192 -0.466099 25.3604 24.5272 159.427 1385.43 1594.74
2.528 -0.47263 -0.000296378 20 476.873 -0.00752004 -0.46511 25.3731 24.5272 159.427 1385.36 1594.69
2.529 -0.471628 -0.00029576 20 476.118 -0.00750816 -0.46412 25.386 24.5272 159.427 1385.29 1594.63
2.53 -0.470627 -0.000295142 20 475.365 -0.00749627 -0.463131 25.3989 24.5272 159.427 1385.23 1594.58
2.531 -0.469626 -0.000294524 20 474.613 -0.00748439 -0.462141 25.4118 24.5272 159.427 1385.16 1594.52
2.532 -0.468624 -0.000293906 20 473.863 -0.00747251 -0.461152 25.4248 24.5272 159.427 1385.09 1594.47
2.533 -0.467623 -0.000293288 20 473.114 -0.00746062 -0.460162 25.4379 24.5272 159.427 1385.02 1594.42
2.534 -0.466622 -0.00029267 20 472.367 -0.00744874 -0.459173 25.451 24.5272 159.427 1384.96 1594.36
2.535 -0.46562 -0.000292051 20 471.621 -0.00743686 -0.458184 25.4642 24.5272 159.427 1384.89 1594.31
2.536 -0.464619 -0.000291433 20 470.877 -0.00742497 -0.457194 25.4775 24.5272 159.427 1384.83 1594.26
2.537 -0.463618 -0.000290814 20 470.134 -0.00741309 -0.456205 25.4908 24.5272 159.427 1384.76 1594.2
2.538 -0.462616 -0.000290196 20 469.393 -0.00740121 -0.455215 25.5042 24.5272 159.427 1384.69 1594.15
2.539 -0.461615 -0.000289577 20 468.653 -0.00738932 -0.454226 25.5176 24.5272 159.427 1384.63 1594.1
2.54 -0.460614 -0.000288959 20 467.914 -0.00737744 -0.453236 25.5311 24.5272 159.427 1384.56 1594.05
2.541 -0.459612 -0.00028834 20 467.177 -0.00736555 -0.452247 25.5447 24.5272 159.427 1384.5 1594
2.542 -0.458611 -0.000287721 20 466.441 -0.00735367 -0.451257 25.5583 24.5272 159.427 1384.43 1593.94
2.543 -0.45761 -0.000287102 20 465.707 -0.00734178 -0.450268 25.572 24.5272 159.427 1384.37 1593.89
2.544 -0.456608 -0.000286483 20 464.975 -0.00732989 -0.449279 25.5858 24.5272 159.427 1384.3 1593.84
2.545 -0.455607 -0.000285864 20 464.244 -0.00731801 -0.448289 25.5996 24.5272 159.427 1384.24 1593.79
2.546 -0.454606 -0.000285245 20 463.514 -0.00730612 -0.4473 25.6135 24.5272 159.427 1384.17 1593.74
2.547 -0.453604 -0.000284626 20 462.786 -0.00729423 -0.44631 25.6275 24.5272 159.427 1384.11 1593.69
2.548 -0.452603 -0.000284006 20 462.059 -0.00728234 -0.445321 25.6415 24.5272 159.427 1384.04 1593.64
2.549 -0.451602 -0.000283387 20 461.334 -0.00727045 -0.444331 25.6556 24.5272 159.427 1383.98 1593.59
2.55 -0.4506 -0.000282767 20 460.61 -0.00725857 -0.443342 25.6697 24.5272 159.427 1383.91 1593.54
2.551 -0.449599 -0.000282148 20 459.888 -0.00724668 -0.442352 25.684 24.5272 159.427 1383.85 1593.49
2.552 -0.448598 -0.000281528 20 459.167 -0.00723478 -0.441363 25.6982 24.5272 159.427 1383.78 1593.44
2.553 -0.447596 -0.000280909 20 458.447 -0.00722289 -0.440374 25.7126 24.5272 159.427 1383.72 1593.39
2.554 -0.446595 -0.000280289 20 457.73 -0.007211 -0.439384 25.727 24.5272 159.427 1383.66 1593.34
2.555 -0.445594 -0.000279669 20 457.013 -0.00719911 -0.438395 25.7415 24.5272 159.427 1383.59 1593.29
2.556 -0.444592 -0.000279049 20 456.298 -0.00718721 -0.437405 25.7561 24.5272 159.427 1383.53 1593.24
2.557 -0.443591 -0.000278429 20 455.585 -0.00717532 -0.436416 25.7707 24.5272 159.427 1383.47 1593.19
2.558 -0.44259 -0.000277809 20 454.873 -0.00716342 -0.435426 25.7854 24.5272 159.427 1383.4 1593.14
2.559 -0.441588 -0.000277189 20 454.162 -0.00715153 -0.434437 25.8002 24.5272 159.427 1383.34 1593.09
2.56 -0.440587 -0.000276569 20 453.453 -0.00713963 -0.433447 25.815 24.5272 159.427 1383.28 1593.05
2.561 -0.439586 -0.000275949 20 452.746 -0.00712773 -0.432458 25.8299 24.5272 159.427 1383.21 1593
2.562 -0.438584 -0.000275328 20 452.04 -0.00711583 -0.431469 25.8449 24.5272 159.427 1383.15 1592.95
2.563 -0.437583 -0.000274708 20 451.335 -0.00710393 -0.430479 25.8599 24.5272 159.427 1383.09 1592.9
2.564 -0.436582 -0.000274087 20 450.632 -0.00709203 -0.42949 25.875 24.5272 159.427 1383.03 1592.86
2.565 -0.43558 -0.000273467 20 449.93 -0.00708012 -0.4285 25.8902 24.5272 159.427 1382.96 1592.81
2.566 -0.434579 -0.000272846 20 449.23 -0.00706822 -0.427511 25.9055 24.5272 159.427 1382.9 1592.76
2.567 -0.433578 -0.000272226 20 448.532 -0.00705631 -0.426521 25.9208 24.5272 159.427 1382.84 1592.71
2.568 -0.432576 -0.000271605 20 447.834 -0.00704441 -0.425532 25.9362 24.5272 159.427 1382.78 1592.67
2.569 -0.431575 -0.000270984 20 447.139 -0.0070325 -0.424543 25.9517 24.5272 159.427 1382.72 1592.62
2.57 -0.430574 -0.000270363 20 446.445 -0.00702059 -0.423553 25.9673 24.5272 159.427 1382.65 1592.58
2.571 -0.429572 -0.000269742 20 445.752 -0.00700868 -0.422564 25.9829 24.5272 159.427 1382.59 1592.53
2.572 -0.428571 -0.000269121 20 445.061 -0.00699677 -0.421574 25.9986 24.5272 159.427 1382.53 1592.48
2.573 -0.42757 -0.0002685 20 444.371 -0.00698486 -0.420585 26.0144 24.5272 159.427 1382.47 1592.44
2.574 -0.426568 -0.000267879 20 443.683 -0.00697294 -0.419595 26.0302 24.5272 159.427 1382.41 1592.39
2.575 -0.425567 -0.000267258 20 442.996 -0.00696102 -0.418606 26.0461 24.5272 159.427 1382.35 1592.35
2.576 -0.424566 -0.000266636 20 442.311 -0.00694911 -0.417617 26.0621 24.5272 159.427 1382.29 1592.3
2.577 -0.423564 -0.000266015 20 441.627 -0.00693719 -0.416627 26.0782 24.5272 159.427 1382.23 1592.26
2.578 -0.422563 -0.000265393 20 440.945 -0.00692527 -0.415638 26.0944 24.5272 159.427 1382.17 1592.21
2.579 -0.421562 -0.000264772 20 440.264 -0.00691335 -0.414648 26.1106 24.5272 159.427 1382.11 1592.17
2.58 -0.42056 -0.00026415 20 439.585 -0.00690142 -0.413659 26.1269 24.5272 159.427 1382.04 1592.13
2.581 -0.419559 -0.000263529 20 438.907 -0.0068895 -0.41267 26.1433 24.5272 159.427 1381.98 1592.08
2.582 -0.418558 -0.000262907 20 438.231 -0.00687757 -0.41168 26.1597 24.5272 159.427 1381.92 1592.04
2.583 -0.417556 -0.000262285 20 437.556 -0.00686564 -0.410691 26.1763 24.5272 159.427 1381.86 1592
2.584 -0.416555 -0.000261663 20 436.883 -0.00685371 -0.409701 26.1929 24.5272 159.427 1381.81 1591.95
2.585 -0.415554 -0.000261041 20 436.211 -0.00684178 -0.408712 26.2096 24.5272 159.427 1381.75 1591.91
2.586 -0.414552 -0.000260419 20 435.54 -0.00682984 -0.407723 26.2264 24.5272 159.427 1381.69 1591.87
2.587 -0.413551 -0.000259797 20 434.872 -0.00681791 -0.406733 26.2432 24.5272 159.427 1381.63 1591.82
2.588 -0.41255 -0.000259175 20 434.204 -0.00680597 -0.405744 26.2601 24.5272 159.427 1381.57 1591.78
2.589 -0.411548 -0.000258553 20 433.538 -0.00679403 -0.404754 26.2772 24.5272 159.427 1381.51 1591.74
2.59 -0.410547 -0.00025793 20 432.874 -0.00678208 -0.403765 26.2943 24.5272 159.427 1381.45 1591.7
2.591 -0.409546 -0.000257308 20 432.211 -0.00677014 -0.402776 26.3114 24.5272 159.427 1381.39 1591.66
2.592 -0.408544 -0.000256685 20 431.55 -0.00675819 -0.401786 26.3287 24.5272 159.427 1381.33 1591.61
2.593 -0.407543 -0.000256063 20 430.89 -0.00674624 -0.400797 26.346 24.5272 159.427 1381.27 1591.57
2.594 -0.406542 -0.00025544 20 430.232 -0.00673429 -0.399807 26.3635 24.5272 159.427 1381.21 1591.53
2.595 -0.40554 -0.000254818 20 429.575 -0.00672234 -0.398818 26.381 24.5272 159.427 1381.16 1591.49
2.596 -0.404539 -0.000254195 20 428.92 -0.00671039 -0.397829 26.3986 24.5272 159.427 1381.1 1591.45
2.597 -0.403538 -0.000253572 20 428.266 -0.00669843 -0.396839 26.4162 24.5272 159.427 1381.04 1591.41
2.598 -0.402536 -0.000252949 20 427.614 -0.00668647 -0.39585 26.434 24.5272 159.427 1380.98 1591.37
2.599 -0.401535 -0.000252327 20 426.963 -0.00667451 -0.394861 26.4519 24.5272 159.427 1380.92 1591.33
2.6 -0.400534 -0.000251704 20 426.313 -0.00666254 -0.393871 26.4698 24.5272 159.427 1380.87 1591.29
2.601 -0.399532 -0.000251081 20 425.666 -0.00665057 -0.392882 26.4878 24.5272 159.427 1380.81 1591.25
2.602 -0.398531 -0.000250457 20 425.019 -0.0066386 -0.391892 26.5059 24.5272 159.427 1380.75 1591.21
2.603 -0.39753 -0.000249834 20 424.375 -0.00662663 -0.390903 26.5241 24.5272 159.427 1380.69 1591.17
2.604 -0.396528 -0.000249211 20 423.731 -0.00661466 -0.389914 26.5424 24.5272 159.427 1380.64 1591.13
2.605 -0.395527 -0.000248588 20 423.09 -0.00660268 -0.388924 26.5608 24.5272 159.427 1380.58 1591.1
2.606 -0.394526 -0.000247964 20 422.449 -0.0065907 -0.387935 26.5792 24.5272 159.427 1380.52 1591.06
2.607 -0.393524 -0.000247341 20 421.811 -0.00657872 -0.386946 26.5978 24.5272 159.427 1380.47 1591.02
2.608 -0.392523 -0.000246718 20 421.173 -0.00656673 -0.385956 26.6164 24.5272 159.427 1380.41 1590.98
2.609 -0.391522 -0.000246094 20 420.538 -0.00655474 -0.384967 26.6351 24.5272 159.427 1380.35 1590.94
2.61 -0.39052 -0.00024547 20 419.903 -0.00654275 -0.383978 26.6539 24.5272 159.427 1380.3 1590.91
2.611 -0.389519 -0.000244847 20 419.271 -0.00653076 -0.382988 26.6729 24.5272 159.427 1380.24 1590.87
2.612 -0.388518 -0.000244223 20 418.639 -0.00651876 -0.381999 26.6919 24.5272 159.427 1380.19 1590.83
2.613 -0.387516 -0.000243599 20 418.01 -0.00650676 -0.38101 26.711 24.5272 159.427 1380.13 1590.8
2.614 -0.386515 -0.000242975 20 417.382 -0.00649476 -0.38002 26.7301 24.5272 159.427 1380.07 1590.76
2.615 -0.385514 -0.000242351 20 416.755 -0.00648276 -0.379031 26.7494 24.5272 159.427 1380.02 1590.72
2.616 -0.384512 -0.000241727 20 416.13 -0.00647075 -0.378042 26.7688 24.5272 159.427 1379.96 1590.69
2.617 -0.383511 -0.000241103 20 415.506 -0.00645873 -0.377052 26.7883 24.5272 159.427 1379.91 1590.65
2.618 -0.38251 -0.000240479 20 414.884 -0.00644672 -0.376063 26.8078 24.5272 159.427 1379.85 1590.62
2.619 -0.381508 -0.000239855 20 414.263 -0.0064347 -0.375074 26.8275 24.5272 159.427 1379.8 1590.58
2.62 -0.380507 -0.000239231 20 413.644 -0.00642268 -0.374084 26.8472 24.5272 159.427 1379.74 1590.54
2.621 -0.379506 -0.000238606 20 413.027 -0.00641066 -0.373095 26.8671 24.5272 159.427 1379.69 1590.51
2.622 -0.378504 -0.000237982 20 412.411 -0.00639863 -0.372106 26.887 24.5272 159.427 1379.63 1590.48
2.623 -0.377503 -0.000237357 20 411.796 -0.0063866 -0.371116 26.9071 24.5272 159.427 1379.58 1590.44
2.624 -0.376502 -0.000236733 20 411.183 -0.00637456 -0.370127 26.9272 24.5272 159.427 1379.53 1590.41
2.625 -0.3755 -0.000236108 20 410.572 -0.00636252 -0.369138 26.9475 24.5272 159.427 1379.47 1590.37
2.626 -0.374499 -0.000235484 20 409.962 -0.00635048 -0.368149 26.9678 24.5272 159.427 1379.42 1590.34
2.627 -0.373498 -0.000234859 20 409.353 -0.00633844 -0.367159 26.9883 24.5272 159.427 1379.36 1590.31
2.628 -0.372496 -0.000234234 20 408.746 -0.00632639 -0.36617 27.0088 24.5272 159.427 1379.31 1590.27
2.629 -0.371495 -0.000233609 20 408.141 -0.00631433 -0.365181 27.0294 24.5272 159.427 1379.26 1590.24
2.63 -0.370494 -0.000232985 20 407.537 -0.00630228 -0.364191 27.0502 24.5272 159.427 1379.2 1590.21
2.631 -0.369492 -0.00023236 20 406.935 -0.00629022 -0.363202 27.071 24.5272 159.427 1379.15 1590.17
2.632 -0.368491 -0.000231735 20 406.334 -0.00627815 -0.362213 27.092 24.5272 159.427 1379.1 1590.14
2.633 -0.36749 -0.00023111 20 405.734 -0.00626608 -0.361224 27.113 24.5272 159.427 1379.04 1590.11
2.634 -0.366488 -0.000230484 20 405.137 -0.00625401 -0.360234 27.1342 24.5272 159.427 1378.99 1590.08
2.635 -0.365487 -0.000229859 20 404.54 -0.00624194 -0.359245 27.1555 24.5272 159.427 1378.94 1590.05
2.636 -0.364486 -0.000229234 20 403.946 -0.00622986 -0.358256 27.1768 24.5272 159.427 1378.88 1590.02
2.637 -0.363484 -0.000228609 20 403.352 -0.00621777 -0.357267 27.1983 24.5272 159.427 1378.83 1589.98
2.638 -0.362483 -0.000227983 20 402.761 -0.00620569 -0.356277 27.2199 24.5272 159.427 1378.78 1589.95
2.639 -0.361482 -0.000227358 20 402.171 -0.00619359 -0.355288 27.2416 24.5272 159.427 1378.73 1589.92
2.64 -0.36048 -0.000226732 20 401.582 -0.0061815 -0.354299 27.2634 24.5272 159.427 1378.68 1589.89
2.641 -0.359479 -0.000226107 20 400.995 -0.0061694 -0.35331 27.2853 24.5272 159.427 1378.62 1589.86
2.642 -0.358478 -0.000225481 20 400.409 -0.00615729 -0.35232 27.3073 24.5272 159.427 1378.57 1589.83
2.643 -0.357476 -0.000224856 20 399.825 -0.00614518 -0.351331 27.3295 24.5272 159.427 1378.52 1589.8
2.644 -0.356475 -0.00022423 20 399.243 -0.00613307 -0.350342 27.3517 24.5272 159.427 1378.47 1589.77
2.645 -0.355474 -0.000223604 20 398.662 -0.00612095 -0.349353 27.374 24.5272 159.427 1378.42 1589.74
2.646 -0.354472 -0.000222978 20 398.082 -0.00610883 -0.348363 27.3965 24.5272 159.427 1378.37 1589.72
2.647 -0.353471 -0.000222352 20 397.504 -0.0060967 -0.347374 27.4191 24.5272 159.427 1378.31 1589.69
2.648 -0.35247 -0.000221727 20 396.928 -0.00608457 -0.346385 27.4418 24.5272 159.427 1378.26 1589.66
2.649 -0.351468 -0.000221101 20 396.353 -0.00607243 -0.345396 27.4646 24.5272 159.427 1378.21 1589.63
2.65 -0.350467 -0.000220474 20 395.78 -0.00606029 -0.344407 27.4875 24.5272 159.427 1378.16 1589.6
2.651 -0.349466 -0.000219848 20 395.208 -0.00604815 -0.343417 27.5105 24.5272 159.427 1378.11 1589.58
2.652 -0.348464 -0.000219222 20 394.638 -0.006036 -0.342428 27.5337 24.5272 159.427 1378.06 1589.55
2.653 -0.347463 -0.000218596 20 394.069 -0.00602384 -0.341439 27.557 24.5272 159.427 1378.01 1589.52
2.654 -0.346462 -0.00021797 20 393.502 -0.00601168 -0.34045 27.5803 24.5272 159.427 1377.96 1589.49
2.655 -0.34546 -0.000217343 20 392.936 -0.00599951 -0.339461 27.6039 24.5272 159.427 1377.91 1589.47
2.656 -0.344459 -0.000216717 20 392.372 -0.00598734 -0.338472 27.6275 24.5272 159.427 1377.86 1589.44
2.657 -0.343458 -0.00021609 20 391.809 -0.00597517 -0.337482 27.6512 24.5272 159.427 1377.81 1589.42
2.658 -0.342456 -0.000215464 20 391.248 -0.00596299 -0.336493 27.6751 24.5272 159.427 1377.76 1589.39
2.659 -0.341455 -0.000214837 20 390.689 -0.0059508 -0.335504 27.6991 24.5272 159.427 1377.71 1589.36
2.66 -0.340454 -0.000214211 20 390.131 -0.00593861 -0.334515 27.7232 24.5272 159.427 1377.66 1589.34
2.661 -0.339452 -0.000213584 20 389.574 -0.00592641 -0.333526 27.7474 24.5272 159.427 1377.61 1589.31
2.662 -0.338451 -0.000212957 20 389.019 -0.00591421 -0.332537 27.7718 24.5272 159.427 1377.56 1589.29
2.663 -0.33745 -0.000212331 20 388.466 -0.005902 -0.331548 27.7963 24.5272 159.427 1377.52 1589.27
2.664 -0.336448 -0.000211704 20 387.914 -0.00588979 -0.330559 27.8209 24.5272 159.427 1377.47 1589.24
2.665 -0.335447 -0.000211077 20 387.364 -0.00587757 -0.329569 27.8457 24.5272 159.427 1377.42 1589.22
2.666 -0.334446 -0.00021045 20 386.815 -0.00586535 -0.32858 27.8705 24.5272 159.427 1377.37 1589.19
2.667 -0.333444 -0.000209823 20 386.268 -0.00585312 -0.327591 27.8955 24.5272 159.427 1377.32 1589.17
2.668 -0.332443 -0.000209196 20 385.723 -0.00584088 -0.326602 27.9207 24.5272 159.427 1377.27 1589.15
2.669 -0.331442 -0.000208569 20 385.178 -0.00582864 -0.325613 27.9459 24.5272 159.427 1377.22 1589.12
2.67 -0.33044 -0.000207942 20 384.636 -0.00581639 -0.324624 27.9713 24.5272 159.427 1377.18 1589.1
2.671 -0.329439 -0.000207314 20 384.095 -0.00580414 -0.323635 27.9968 24.5272 159.427 1377.13 1589.08
2.672 -0.328438 -0.000206687 20 383.555 -0.00579188 -0.322646 28.0225 24.5272 159.427 1377.08 1589.06
2.673 -0.327436 -0.00020606 20 383.017 -0.00577962 -0.321657 28.0483 24.5272 159.427 1377.03 1589.04
2.674 -0.326435 -0.000205432 20 382.481 -0.00576735 -0.320668 28.0742 24.5272 159.427 1376.99 1589.01
2.675 -0.325434 -0.000204805 20 381.946 -0.00575507 -0.319679 28.1003 24.5272 159.427 1376.94 1588.99
2.676 -0.324432 -0.000204177 20 381.413 -0.00574279 -0.31869 28.1264 24.5272 159.427 1376.89 1588.97
2.677 -0.323431 -0.00020355 20 380.881 -0.0057305 -0.3177 28.1528 24.5272 159.427 1376.85 1588.95
2.678 -0.32243 -0.000202922 20 380.351 -0.0057182 -0.316711 28.1793 24.5272 159.427 1376.8 1588.93
2.679 -0.321428 -0.000202295 20 379.822 -0.0057059 -0.315722 28.2059 24.5272 159.427 1376.75 1588.91
2.68 -0.320427 -0.000201667 20 379.295 -0.00569359 -0.314733 28.2326 24.5272 159.427 1376.71 1588.89
2.681 -0.319426 -0.000201039 20 378.77 -0.00568127 -0.313744 28.2595 24.5272 159.427 1376.66 1588.87
2.682 -0.318424 -0.000200411 20 378.246 -0.00566895 -0.312755 28.2866 24.5272 159.427 1376.61 1588.85
2.683 -0.317423 -0.000199784 20 377.723 -0.00565662 -0.311766 28.3137 24.5272 159.427 1376.57 1588.83
2.684 -0.316422 -0.000199156 20 377.203 -0.00564428 -0.310777 28.3411 24.5272 159.427 1376.52 1588.82
2.685 -0.31542 -0.000198528 20 376.683 -0.00563194 -0.309788 28.3685 24.5272 159.427 1376.47 1588.8
2.686 -0.314419 -0.0001979 20 376.166 -0.00561959 -0.308799 28.3962 24.5272 159.427 1376.43 1588.78
2.687 -0.313418 -0.000197272 20 375.649 -0.00560723 -0.30781 28.4239 24.5272 159.427 1376.38 1588.76
2.688 -0.312416 -0.000196644 20 375.135 -0.00559487 -0.306821 28.4518 24.5272 159.427 1376.34 1588.74
2.689 -0.311415 -0.000196015 20 374.622 -0.0055825 -0.305832 28.4799 24.5272 159.427 1376.29 1588.73
2.69 -0.310414 -0.000195387 20 374.11 -0.00557012 -0.304843 28.5081 24.5272 159.427 1376.25 1588.71
2.691 -0.309412 -0.000194759 20 373.6 -0.00555774 -0.303855 28.5365 24.5272 159.427 1376.2 1588.69
2.692 -0.308411 -0.000194131 20 373.092 -0.00554535 -0.302866 28.565 24.5272 159.427 1376.16 1588.68
2.693 -0.30741 -0.000193502 20 372.585 -0.00553295 -0.301877 28.5937 24.5272 159.427 1376.11 1588.66
2.694 -0.306408 -0.000192874 20 372.079 -0.00552054 -0.300888 28.6225 24.5272 159.427 1376.07 1588.65
2.695 -0.305407 -0.000192245 20 371.576 -0.00550812 -0.299899 28.6515 24.5272 159.427 1376.02 1588.63
2.696 -0.304406 -0.000191617 20 371.073 -0.0054957 -0.29891 28.6807 24.5272 159.427 1375.98 1588.61
2.697 -0.303404 -0.000190988 20 370.573 -0.00548327 -0.297921 28.71 24.5272 159.427 1375.94 1588.6
2.698 -0.302403 -0.00019036 20 370.074 -0.00547083 -0.296932 28.7394 24.5272 159.427 1375.89 1588.59
2.699 -0.301402 -0.000189731 20 369.576 -0.00545839 -0.295943 28.7691 24.5272 159.427 1375.85 1588.57
2.7 -0.3004 -0.000189103 20 369.08 -0.00544593 -0.294954 28.7988 24.5272 159.427 1375.8 1588.56
2.701 -0.299399 -0.000188474 20 368.586 -0.00543347 -0.293965 28.8288 24.5272 159.427 1375.76 1588.54
2.702 -0.298398 -0.000187845 20 368.093 -0.005421 -0.292977 28.8589 24.5272 159.427 1375.72 1588.53
2.703 -0.297396 -0.000187216 20 367.601 -0.00540853 -0.291988 28.8892 24.5272 159.427 1375.67 1588.52
2.704 -0.296395 -0.000186587 20 367.112 -0.00539604 -0.290999 28.9196 24.5272 159.427 1375.63 1588.5
2.705 -0.295394 -0.000185958 20 366.624 -0.00538355 -0.29001 28.9503 24.5272 159.427 1375.59 1588.49
2.706 -0.294392 -0.000185329 20 366.137 -0.00537104 -0.289021 28.981 24.5272 159.427 1375.55 1588.48
2.707 -0.293391 -0.0001847 20 365.652 -0.00535853 -0.288032 29.012 24.5272 159.427 1375.5 1588.47
2.708 -0.29239 -0.000184071 20 365.168 -0.00534601 -0.287044 29.0431 24.5272 159.427 1375.46 1588.46
2.709 -0.291388 -0.000183442 20 364.686 -0.00533348 -0.286055 29.0744 24.5272 159.427 1375.42 1588.45
2.71 -0.290387 -0.000182813 20 364.206 -0.00532095 -0.285066 29.1059 24.5272 159.427 1375.38 1588.44
2.711 -0.289386 -0.000182184 20 363.727 -0.0053084 -0.284077 29.1376 24.5272 159.427 1375.33 1588.42
2.712 -0.288384 -0.000181555 20 363.25 -0.00529585 -0.283088 29.1694 24.5272 159.427 1375.29 1588.41
2.713 -0.287383 -0.000180925 20 362.774 -0.00528328 -0.2821 29.2014 24.5272 159.427 1375.25 1588.4
2.714 -0.286382 -0.000180296 20 362.3 -0.00527071 -0.281111 29.2336 24.5272 159.427 1375.21 1588.4
2.715 -0.28538 -0.000179667 20 361.828 -0.00525813 -0.280122 29.266 24.5272 159.427 1375.17 1588.39
2.716 -0.284379 -0.000179037 20 361.357 -0.00524554 -0.279133 29.2986 24.5272 159.427 1375.12 1588.38
2.717 -0.283378 -0.000178408 20 360.887 -0.00523294 -0.278145 29.3313 24.5272 159.427 1375.08 1588.37
2.718 -0.282376 -0.000177778 20 360.42 -0.00522033 -0.277156 29.3643 24.5272 159.427 1375.04 1588.36
2.719 -0.281375 -0.000177149 20 359.953 -0.00520771 -0.276167 29.3974 24.5272 159.427 1375 1588.35
2.72 -0.280374 -0.000176519 20 359.489 -0.00519508 -0.275178 29.4307 24.5272 159.427 1374.96 1588.35
2.721 -0.279372 -0.00017589 20 359.026 -0.00518245 -0.27419 29.4642 24.5272 159.427 1374.92 1588.34
2.722 -0.278371 -0.00017526 20 358.564 -0.0051698 -0.273201 29.4979 24.5272 159.427 1374.88 1588.33
2.723 -0.27737 -0.00017463 20 358.104 -0.00515714 -0.272212 29.5318 24.5272 159.427 1374.84 1588.32
2.724 -0.276368 -0.000174001 20 357.646 -0.00514447 -0.271224 29.5659 24.5272 159.427 1374.8 1588.32
2.725 -0.275367 -0.000173371 20 357.189 -0.0051318 -0.270235 29.6001 24.5272 159.427 1374.76 1588.31
2.726 -0.274366 -0.000172741 20 356.734 -0.00511911 -0.269246 29.6346 24.5272 159.427 1374.72 1588.31
2.727 -0.273364 -0.000172111 20 356.28 -0.00510641 -0.268258 29.6693 24.5272 159.427 1374.68 1588.3
2.728 -0.272363 -0.000171481 20 355.828 -0.0050937 -0.267269 29.7042 24.5272 159.427 1374.64 1588.3
2.729 -0.271362 -0.000170851 20 355.377 -0.00508099 -0.266281 29.7393 24.5272 159.427 1374.6 1588.29
2.73 -0.27036 -0.000170221 20 354.928 -0.00506826 -0.265292 29.7746 24.5272 159.427 1374.56 1588.29
2.731 -0.269359 -0.000169591 20 354.481 -0.00505552 -0.264303 29.81 24.5272 159.427 1374.52 1588.28
2.732 -0.268358 -0.000168961 20 354.035 -0.00504277 -0.263315 29.8458 24.5272 159.427 1374.48 1588.28
2.733 -0.267356 -0.000168331 20 353.591 -0.00503001 -0.262326 29.8817 24.5272 159.427 1374.44 1588.28
2.734 -0.266355 -0.000167701 20 353.148 -0.00501724 -0.261338 29.9178 24.5272 159.427 1374.4 1588.28
2.735 -0.265354 -0.000167071 20 352.707 -0.00500446 -0.260349 29.9542 24.5272 159.427 1374.36 1588.27
2.736 -0.264352 -0.00016644 20 352.268 -0.00499166 -0.259361 29.9907 24.5272 159.427 1374.33 1588.27
2.737 -0.263351 -0.00016581 20 351.83 -0.00497886 -0.258372 30.0275 24.5272 159.427 1374.29 1588.27
2.738 -0.26235 -0.00016518 20 351.394 -0.00496604 -0.257384 30.0645 24.5272 159.427 1374.25 1588.27
2.739 -0.261348 -0.000164549 20 350.959 -0.00495321 -0.256395 30.1017 24.5272 159.427 1374.21 1588.27
2.74 -0.260347 -0.000163919 20 350.526 -0.00494038 -0.255407 30.1392 24.5272 159.427 1374.17 1588.27
2.741 -0.259346 -0.000163288 20 350.094 -0.00492753 -0.254418 30.1768 24.5272 159.427 1374.14 1588.27
2.742 -0.258344 -0.000162658 20 349.664 -0.00491467 -0.25343 30.2147 24.5272 159.427 1374.1 1588.27
2.743 -0.257343 -0.000162027 20 349.236 -0.00490179 -0.252441 30.2528 24.5272 159.427 1374.06 1588.27
2.744 -0.256342 -0.000161397 20 348.809 -0.00488891 -0.251453 30.2912 24.5272 159.427 1374.02 1588.27
2.745 -0.25534 -0.000160766 20 348.383 -0.00487601 -0.250464 30.3298 24.5272 159.427 1373.99 1588.27
2.746 -0.254339 -0.000160136 20 347.96 -0.0048631 -0.249476 30.3686 24.5272 159.427 1373.95 1588.27
2.747 -0.253338 -0.000159505 20 347.538 -0.00485018 -0.248487 30.4077 24.5272 159.427 1373.91 1588.27
2.748 -0.252336 -0.000158874 20 347.117 -0.00483724 -0.247499 30.447 24.5272 159.427 1373.87 1588.28
2.749 -0.251335 -0.000158244 20 346.698 -0.0048243 -0.246511 30.4865 24.5272 159.427 1373.84 1588.28
2.75 -0.250334 -0.000157613 20 346.281 -0.00481134 -0.245522 30.5263 24.5272 159.427 1373.8 1588.28
2.751 -0.249332 -0.000156982 20 345.865 -0.00479837 -0.244534 30.5664 24.5272 159.427 1373.76 1588.29
2.752 -0.248331 -0.000156351 20 345.451 -0.00478538 -0.243546 30.6066 24.5272 159.427 1373.73 1588.29
2.753 -0.24733 -0.00015572 20 345.038 -0.00477239 -0.242557 30.6472 24.5272 159.427 1373.69 1588.29
2.754 -0.246328 -0.000155089 20 344.627 -0.00475938 -0.241569 30.688 24.5272 159.427 1373.66 1588.3
2.755 -0.245327 -0.000154458 20 344.218 -0.00474635 -0.240581 30.729 24.5272 159.427 1373.62 1588.3
2.756 -0.244326 -0.000153827 20 343.81 -0.00473332 -0.239592 30.7703 24.5272 159.427 1373.58 1588.31
2.757 -0.243324 -0.000153196 20 343.404 -0.00472027 -0.238604 30.8119 24.5272 159.427 1373.55 1588.32
2.758 -0.242323 -0.000152565 20 342.999 -0.0047072 -0.237616 30.8537 24.5272 159.427 1373.51 1588.32
2.759 -0.241322 -0.000151934 20 342.596 -0.00469413 -0.236627 30.8958 24.5272 159.427 1373.48 1588.33
2.76 -0.24032 -0.000151303 20 342.195 -0.00468104 -0.235639 30.9381 24.5272 159.427 1373.44 1588.34
2.761 -0.239319 -0.000150672 20 341.795 -0.00466793 -0.234651 30.9808 24.5272 159.427 1373.41 1588.34
2.762 -0.238318 -0.000150041 20 341.396 -0.00465482 -0.233663 31.0237 24.5272 159.427 1373.37 1588.35
2.763 -0.237316 -0.00014941 20 341 -0.00464168 -0.232675 31.0668 24.5272 159.427 1373.34 1588.36
2.764 -0.236315 -0.000148778 20 340.604 -0.00462854 -0.231686 31.1103 24.5272 159.427 1373.3 1588.37
2.765 -0.235314 -0.000148147 20 340.211 -0.00461538 -0.230698 31.154 24.5272 159.427 1373.27 1588.38
2.766 -0.234312 -0.000147516 20 339.819 -0.0046022 -0.22971 31.198 24.5272 159.427 1373.24 1588.39
2.767 -0.233311 -0.000146884 20 339.429 -0.00458901 -0.228722 31.2423 24.5272 159.427 1373.2 1588.4
2.768 -0.23231 -0.000146253 20 339.04 -0.00457581 -0.227734 31.2869 24.5272 159.427 1373.17 1588.41
2.769 -0.231308 -0.000145622 20 338.653 -0.00456259 -0.226746 31.3318 24.5272 159.427 1373.13 1588.42
2.77 -0.230307 -0.00014499 20 338.267 -0.00454935 -0.225758 31.377 24.5272 159.427 1373.1 1588.43
2.771 -0.229306 -0.000144359 20 337.883 -0.0045361 -0.224769 31.4224 24.5272 159.427 1373.07 1588.44
2.772 -0.228304 -0.000143727 20 337.501 -0.00452284 -0.223781 31.4682 24.5272 159.427 1373.03 1588.46
2.773 -0.227303 -0.000143096 20 337.12 -0.00450956 -0.222793 31.5143 24.5272 159.427 1373 1588.47
2.774 -0.226302 -0.000142464 20 336.741 -0.00449626 -0.221805 31.5607 24.5272 159.427 1372.97 1588.48
2.775 -0.2253 -0.000141832 20 336.363 -0.00448295 -0.220817 31.6074 24.5272 159.427 1372.93 1588.5
2.776 -0.224299 -0.000141201 20 335.987 -0.00446962 -0.219829 31.6544 24.5272 159.427 1372.9 1588.51
2.777 -0.223298 -0.000140569 20 335.613 -0.00445628 -0.218841 31.7017 24.5272 159.427 1372.87 1588.52
2.778 -0.222296 -0.000139937 20 335.24 -0.00444292 -0.217853 31.7493 24.5272 159.427 1372.84 1588.54
2.779 -0.221295 -0.000139306 20 334.869 -0.00442954 -0.216865 31.7973 24.5272 159.427 1372.8 1588.56
2.78 -0.220294 -0.000138674 20 334.499 -0.00441615 -0.215877 31.8455 24.5272 159.427 1372.77 1588.57
2.781 -0.219292 -0.000138042 20 334.131 -0.00440274 -0.214889 31.8942 24.5272 159.427 1372.74 1588.59
2.782 -0.218291 -0.00013741 20 333.765 -0.00438931 -0.213902 31.9431 24.5272 159.427 1372.71 1588.61
2.783 -0.21729 -0.000136779 20 333.4 -0.00437587 -0.212914 31.9924 24.5272 159.427 1372.68 1588.62
2.784 -0.216288 -0.000136147 20 333.037 -0.00436241 -0.211926 32.042 24.5272 159.427 1372.64 1588.64
2.785 -0.215287 -0.000135515 20 332.675 -0.00434894 -0.210938 32.0919 24.5272 159.427 1372.61 1588.66
2.786 -0.214286 -0.000134883 20 332.315 -0.00433544 -0.20995 32.1423 24.5272 159.427 1372.58 1588.68
2.787 -0.213284 -0.000134251 20 331.957 -0.00432193 -0.208962 32.1929 24.5272 159.427 1372.55 1588.7
2.788 -0.212283 -0.000133619 20 331.6 -0.0043084 -0.207974 32.2439 24.5272 159.427 1372.52 1588.72
2.789 -0.211282 -0.000132987 20 331.245 -0.00429485 -0.206987 32.2953 24.5272 159.427 1372.49 1588.74
2.79 -0.21028 -0.000132355 20 330.891 -0.00428129 -0.205999 32.347 24.5272 159.427 1372.46 1588.76
2.791 -0.209279 -0.000131723 20 330.539 -0.0042677 -0.205011 32.3991 24.5272 159.427 1372.43 1588.78
2.792 -0.208278 -0.000131091 20 330.189 -0.0042541 -0.204023 32.4515 24.5272 159.427 1372.4 1588.8
2.793 -0.207276 -0.000130459 20 329.84 -0.00424048 -0.203036 32.5044 24.5272 159.427 1372.37 1588.82
2.794 -0.206275 -0.000129827 20 329.493 -0.00422684 -0.202048 32.5576 24.5272 159.427 1372.34 1588.85
2.795 -0.205274 -0.000129195 20 329.147 -0.00421318 -0.20106 32.6112 24.5272 159.427 1372.31 1588.87
2.796 -0.204272 -0.000128562 20 328.803 -0.00419951 -0.200073 32.6651 24.5272 159.427 1372.28 1588.9
2.797 -0.203271 -0.00012793 20 328.461 -0.00418581 -0.199085 32.7195 24.5272 159.427 1372.25 1588.92
2.798 -0.20227 -0.000127298 20 328.12 -0.0041721 -0.198097 32.7743 24.5272 159.427 1372.22 1588.95
2.799 -0.201268 -0.000126666 20 327.781 -0.00415836 -0.19711 32.8294 24.5272 159.427 1372.19 1588.97
2.8 -0.200267 -0.000126033 20 327.444 -0.00414461 -0.196122 32.885 24.5272 159.427 1372.16 1589
2.801 -0.199266 -0.000125401 20 327.108 -0.00413083 -0.195135 32.9409 24.5272 159.427 1372.13 1589.02
2.802 -0.198264 -0.000124769 20 326.773 -0.00411704 -0.194147 32.9973 24.5272 159.427 1372.1 1589.05
2.803 -0.197263 -0.000124137 20 326.441 -0.00410322 -0.19316 33.0541 24.5272 159.427 1372.07 1589.08
2.804 -0.196262 -0.000123504 20 326.11 -0.00408939 -0.192172 33.1113 24.5272 159.427 1372.04 1589.11
2.805 -0.19526 -0.000122872 20 325.78 -0.00407553 -0.191185 33.1689 24.5272 159.427 1372.01 1589.14
2.806 -0.194259 -0.000122239 20 325.452 -0.00406165 -0.190197 33.227 24.5272 159.427 1371.99 1589.17
2.807 -0.193258 -0.000121607 20 325.126 -0.00404775 -0.18921 33.2855 24.5272 159.427 1371.96 1589.2
2.808 -0.192256 -0.000120975 20 324.801 -0.00403383 -0.188222 33.3445 24.5272 159.427 1371.93 1589.23
2.809 -0.191255 -0.000120342 20 324.478 -0.00401989 -0.187235 33.4039 24.5272 159.427 1371.9 1589.26
2.81 -0.190254 -0.00011971 20 324.157 -0.00400593 -0.186248 33.4637 24.5272 159.427 1371.87 1589.29
2.811 -0.189252 -0.000119077 20 323.837 -0.00399194 -0.18526 33.524 24.5272 159.427 1371.85 1589.32
2.812 -0.188251 -0.000118445 20 323.519 -0.00397794 -0.184273 33.5848 24.5272 159.427 1371.82 1589.36
2.813 -0.187249 -0.000117812 20 323.202 -0.00396391 -0.183286 33.646 24.5272 159.427 1371.79 1589.39
2.814 -0.186248 -0.00011718 20 322.887 -0.00394986 -0.182298 33.7077 24.5272 159.427 1371.76 1589.42
2.815 -0.185247 -0.000116547 20 322.574 -0.00393578 -0.181311 33.7699 24.5272 159.427 1371.74 1589.46
2.816 -0.184245 -0.000115914 20 322.262 -0.00392168 -0.180324 33.8326 24.5272 159.427 1371.71 1589.5
2.817 -0.183244 -0.000115282 20 321.952 -0.00390756 -0.179337 33.8957 24.5272 159.427 1371.68 1589.53
2.818 -0.182243 -0.000114649 20 321.644 -0.00389342 -0.178349 33.9594 24.5272 159.427 1371.66 1589.57
2.819 -0.181241 -0.000114017 20 321.337 -0.00387925 -0.177362 34.0236 24.5272 159.427 1371.63 1589.61
2.82 -0.18024 -0.000113384 20 321.031 -0.00386506 -0.176375 34.0883 24.5272 159.427 1371.6 1589.64
2.821 -0.179239 -0.000112751 20 320.728 -0.00385084 -0.175388 34.1535 24.5272 159.427 1371.58 1589.68
2.822 -0.178237 -0.000112119 20 320.426 -0.0038366 -0.174401 34.2192 24.5272 159.427 1371.55 1589.72
2.823 -0.177236 -0.000111486 20 320.125 -0.00382234 -0.173414 34.2854 24.5272 159.427 1371.52 1589.76
2.824 -0.176235 -0.000110853 20 319.826 -0.00380805 -0.172427 34.3522 24.5272 159.427 1371.5 1589.8
2.825 -0.175233 -0.00011022 20 319.529 -0.00379374 -0.17144 34.4195 24.5272 159.427 1371.47 1589.85
2.826 -0.174232 -0.000109588 20 319.234 -0.0037794 -0.170453 34.4874 24.5272 159.427 1371.45 1589.89
2.827 -0.173231 -0.000108955 20 318.94 -0.00376503 -0.169466 34.5559 24.5272 159.427 1371.42 1589.93
2.828 -0.172229 -0.000108322 20 318.647 -0.00375064 -0.168479 34.6249 24.5272 159.427 1371.4 1589.98
2.829 -0.171228 -0.000107689 20 318.357 -0.00373622 -0.167492 34.6945 24.5272 159.427 1371.37 1590.02
2.83 -0.170227 -0.000107057 20 318.068 -0.00372178 -0.166505 34.7646 24.5272 159.427 1371.35 1590.07
2.831 -0.169225 -0.000106424 20 317.78 -0.00370731 -0.165518 34.8354 24.5272 159.427 1371.32 1590.11
2.832 -0.168224 -0.000105791 20 317.494 -0.00369281 -0.164531 34.9067 24.5272 159.427 1371.3 1590.16
2.833 -0.167223 -0.000105158 20 317.21 -0.00367829 -0.163545 34.9787 24.5272 159.427 1371.27 1590.21
2.834 -0.166221 -0.000104525 20 316.927 -0.00366373 -0.162558 35.0512 24.5272 159.427 1371.25 1590.25
2.835 -0.16522 -0.000103892 20 316.646 -0.00364915 -0.161571 35.1244 24.5272 159.427 1371.22 1590.3
2.836 -0.164219 -0.000103259 20 316.367 -0.00363455 -0.160584 35.1982 24.5272 159.427 1371.2 1590.35
2.837 -0.163217 -0.000102627 20 316.089 -0.00361991 -0.159598 35.2727 24.5272 159.427 1371.18 1590.4
2.838 -0.162216 -0.000101994 20 315.813 -0.00360525 -0.158611 35.3478 24.5272 159.427 1371.15 1590.45
2.839 -0.161215 -0.000101361 20 315.539 -0.00359055 -0.157624 35.4235 24.5272 159.427 1371.13 1590.51
2.84 -0.160213 -0.000100728 20 315.266 -0.00357583 -0.156638 35.5 24.5272 159.427 1371.11 1590.56
2.841 -0.159212 -0.000100095 20 314.995 -0.00356108 -0.155651 35.5771 24.5272 159.427 1371.08 1590.61
2.842 -0.158211 -9.94619e-05 20 314.725 -0.0035463 -0.154665 35.6549 24.5272 159.427 1371.06 1590.67
2.843 -0.157209 -9.88289e-05 20 314.457 -0.00353149 -0.153678 35.7333 24.5272 159.427 1371.04 1590.72
2.844 -0.156208 -9.8196e-05 20 314.191 -0.00351665 -0.152691 35.8125 24.5272 159.427 1371.01 1590.78
2.845 -0.155207 -9.7563e-05 20 313.926 -0.00350177 -0.151705 35.8924 24.5272 159.427 1370.99 1590.84
2.846 -0.154205 -9.693e-05 20 313.663 -0.00348687 -0.150719 35.9731 24.5272 159.427 1370.97 1590.89
2.847 -0.153204 -9.6297e-05 20 313.402 -0.00347194 -0.149732 36.0544 24.5272 159.427 1370.94 1590.95
2.848 -0.152203 -9.56641e-05 20 313.142 -0.00345697 -0.148746 36.1366 24.5272 159.427 1370.92 1591.01
2.849 -0.151201 -9.50311e-05 20 312.884 -0.00344197 -0.147759 36.2194 24.5272 159.427 1370.9 1591.07
2.85 -0.1502 -9.43981e-05 20 312.627 -0.00342694 -0.146773 36.3031 24.5272 159.427 1370.88 1591.14
2.851 -0.149199 -9.37651e-05 20 312.372 -0.00341188 -0.145787 36.3875 24.5272 159.427 1370.86 1591.2
2.852 -0.148197 -9.3132e-05 20 312.119 -0.00339678 -0.144801 36.4727 24.5272 159.427 1370.83 1591.26
2.853 -0.147196 -9.2499e-05 20 311.867 -0.00338165 -0.143814 36.5588 24.5272 159.427 1370.81 1591.33
2.854 -0.146195 -9.1866e-05 20 311.617 -0.00336649 -0.142828 36.6456 24.5272 159.427 1370.79 1591.39
2.855 -0.145193 -9.1233e-05 20 311.369 -0.00335129 -0.141842 36.7333 24.5272 159.427 1370.77 1591.46
2.856 -0.144192 -9.05999e-05 20 311.122 -0.00333606 -0.140856 36.8219 24.5272 159.427 1370.75 1591.53
2.857 -0.143191 -8.99669e-05 20 310.877 -0.00332079 -0.13987 36.9113 24.5272 159.427 1370.73 1591.59
2.858 -0.142189 -8.93339e-05 20 310.633 -0.00330549 -0.138884 37.0015 24.5272 159.427 1370.71 1591.66
2.859 -0.141188 -8.87008e-05 20 310.392 -0.00329015 -0.137898 37.0927 24.5272 159.427 1370.69 1591.73
2.86 -0.140187 -8.80678e-05 20 310.151 -0.00327478 -0.136912 37.1847 24.5272 159.427 1370.67 1591.81
2.861 -0.139185 -8.74347e-05 20 309.913 -0.00325937 -0.135926 37.2777 24.5272 159.427 1370.65 1591.88
2.862 -0.138184 -8.68017e-05 20 309.676 -0.00324392 -0.13494 37.3716 24.5272 159.427 1370.63 1591.95
2.863 -0.137183 -8.61687e-05 20 309.441 -0.00322844 -0.133954 37.4665 24.5272 159.427 1370.61 1592.03
2.864 -0.136181 -8.55356e-05 20 309.207 -0.00321292 -0.132969 37.5623 24.5272 159.427 1370.59 1592.1
2.865 -0.13518 -8.49026e-05 20 308.975 -0.00319735 -0.131983 37.6591 24.5272 159.427 1370.57 1592.18
2.866 -0.134179 -8.42695e-05 20 308.744 -0.00318176 -0.130997 37.7569 24.5272 159.427 1370.55 1592.26
2.867 -0.133177 -8.36365e-05 20 308.516 -0.00316612 -0.130011 37.8557 24.5272 159.427 1370.53 1592.34
2.868 -0.132176 -8.30034e-05 20 308.289 -0.00315044 -0.129026 37.9556 24.5272 159.427 1370.51 1592.42
2.869 -0.131175 -8.23704e-05 20 308.063 -0.00313473 -0.12804 38.0565 24.5272 159.427 1370.49 1592.5
2.87 -0.130173 -8.17374e-05 20 307.839 -0.00311897 -0.127054 38.1584 24.5272 159.427 1370.47 1592.58
2.871 -0.129172 -8.11043e-05 20 307.617 -0.00310317 -0.126069 38.2615 24.5272 159.427 1370.45 1592.67
2.872 -0.128171 -8.04713e-05 20 307.397 -0.00308733 -0.125083 38.3656 24.5272 159.427 1370.43 1592.75
2.873 -0.127169 -7.98383e-05 20 307.178 -0.00307145 -0.124098 38.4709 24.5272 159.427 1370.41 1592.84
2.874 -0.126168 -7.92052e-05 20 306.96 -0.00305553 -0.123113 38.5773 24.5272 159.427 1370.39 1592.93
2.875 -0.125167 -7.85722e-05 20 306.745 -0.00303956 -0.122127 38.6849 24.5272 159.427 1370.38 1593.02
2.876 -0.124165 -7.79392e-05 20 306.531 -0.00302355 -0.121142 38.7937 24.5272 159.427 1370.36 1593.11
2.877 -0.123164 -7.73062e-05 20 306.319 -0.0030075 -0.120157 38.9037 24.5272 159.427 1370.34 1593.2
2.878 -0.122163 -7.66732e-05 20 306.108 -0.0029914 -0.119171 39.0149 24.5272 159.427 1370.32 1593.29
2.879 -0.121161 -7.60402e-05 20 305.899 -0.00297526 -0.118186 39.1274 24.5272 159.427 1370.3 1593.39
2.88 -0.12016 -7.54072e-05 20 305.691 -0.00295907 -0.117201 39.2412 24.5272 159.427 1370.29 1593.48
2.881 -0.119159 -7.47743e-05 20 305.486 -0.00294284 -0.116216 39.3563 24.5272 159.427 1370.27 1593.58
2.882 -0.118157 -7.41413e-05 20 305.282 -0.00292656 -0.115231 39.4727 24.5272 159.427 1370.25 1593.68
2.883 -0.117156 -7.35083e-05 20 305.079 -0.00291023 -0.114246 39.5905 24.5272 159.427 1370.24 1593.78
2.884 -0.116155 -7.28754e-05 20 304.878 -0.00289385 -0.113261 39.7096 24.5272 159.427 1370.22 1593.88
2.885 -0.115153 -7.22425e-05 20 304.679 -0.00287743 -0.112276 39.8302 24.5272 159.427 1370.2 1593.99
2.886 -0.114152 -7.16095e-05 20 304.482 -0.00286096 -0.111291 39.9522 24.5272 159.427 1370.18 1594.09
2.887 -0.113151 -7.09766e-05 20 304.286 -0.00284444 -0.110306 40.0757 24.5272 159.427 1370.17 1594.2
2.888 -0.112149 -7.03437e-05 20 304.092 -0.00282786 -0.109322 40.2006 24.5272 159.427 1370.15 1594.31
2.889 -0.111148 -6.97108e-05 20 303.899 -0.00281124 -0.108337 40.3272 24.5272 159.427 1370.14 1594.42
2.89 -0.110147 -6.9078e-05 20 303.708 -0.00279456 -0.107352 40.4552 24.5272 159.427 1370.12 1594.53
2.891 -0.109145 -6.84451e-05 20 303.519 -0.00277784 -0.106368 40.5849 24.5272 159.427 1370.1 1594.64
2.892 -0.108144 -6.78122e-05 20 303.331 -0.00276106 -0.105383 40.7162 24.5272 159.427 1370.09 1594.76
2.893 -0.107143 -6.71794e-05 20 303.146 -0.00274422 -0.104399 40.8492 24.5272 159.427 1370.07 1594.88
2.894 -0.106141 -6.65466e-05 20 302.961 -0.00272733 -0.103414 40.9838 24.5272 159.427 1370.06 1594.99
2.895 -0.10514 -6.59138e-05 20 302.779 -0.00271039 -0.10243 41.1202 24.5272 159.427 1370.04 1595.12
2.896 -0.104139 -6.5281e-05 20 302.598 -0.00269339 -0.101445 41.2584 24.5272 159.427 1370.03 1595.24
2.897 -0.103137 -6.46482e-05 20 302.418 -0.00267634 -0.100461 41.3984 24.5272 159.427 1370.01 1595.36
2.898 -0.102136 -6.40155e-05 20 302.241 -0.00265922 -0.0994769 41.5403 24.5272 159.427 1370 1595.49
2.899 -0.101135 -6.33828e-05 20 302.065 -0.00264205 -0.0984927 41.684 24.5272 159.427 1369.98 1595.62
2.9 -0.100133 -6.27501e-05 20 301.89 -0.00262482 -0.0975086 41.8298 24.5272 159.427 1369.97 1595.75
2.901 -0.0991321 -6.21174e-05 20 301.718 -0.00260753 -0.0965246 41.9774 24.5272 159.427 1369.95 1595.88
2.902 -0.0981308 -6.14847e-05 20 301.547 -0.00259018 -0.0955406 42.1272 24.5272 159.427 1369.94 1596.02
2.903 -0.0971294 -6.08521e-05 20 301.377 -0.00257276 -0.0945567 42.279 24.5272 159.427 1369.92 1596.16
2.904 -0.0961281 -6.02195e-05 20 301.21 -0.00255529 -0.0935728 42.4329 24.5272 159.427 1369.91 1596.3
2.905 -0.0951268 -5.95869e-05 20 301.044 -0.00253775 -0.092589 42.5891 24.5272 159.427 1369.9 1596.44
2.906 -0.0941254 -5.89543e-05 20 300.879 -0.00252015 -0.0916053 42.7475 24.5272 159.427 1369.88 1596.58
2.907 -0.0931241 -5.83217e-05 20 300.717 -0.00250248 -0.0906216 42.9081 24.5272 159.427 1369.87 1596.73
2.908 -0.0921227 -5.76892e-05 20 300.556 -0.00248474 -0.089638 43.0712 24.5272 159.427 1369.85 1596.88
2.909 -0.0911214 -5.70567e-05 20 300.396 -0.00246694 -0.0886545 43.2366 24.5272 159.427 1369.84 1597.03
2.91 -0.0901201 -5.64243e-05 20 300.238 -0.00244907 -0.087671 43.4045 24.5272 159.427 1369.83 1597.19
2.911 -0.0891187 -5.57918e-05 20 300.082 -0.00243113 -0.0866876 43.575 24.5272 159.427 1369.81 1597.34
2.912 -0.0881174 -5.51594e-05 20 299.928 -0.00241311 -0.0857043 43.748 24.5272 159.427 1369.8 1597.5
2.913 -0.0871161 -5.45271e-05 20 299.775 -0.00239503 -0.084721 43.9237 24.5272 159.427 1369.79 1597.67
2.914 -0.0861147 -5.38947e-05 20 299.624 -0.00237688 -0.0837379 44.1022 24.5272 159.427 1369.78 1597.83
2.915 -0.0851134 -5.32624e-05 20 299.475 -0.00235865 -0.0827548 44.2835 24.5272 159.427 1369.76 1598
2.916 -0.0841121 -5.26301e-05 20 299.327 -0.00234034 -0.0817717 44.4677 24.5272 159.427 1369.75 1598.17
2.917 -0.0831107 -5.19979e-05 20 299.181 -0.00232196 -0.0807888 44.6549 24.5272 159.427 1369.74 1598.35
2.918 -0.0821094 -5.13657e-05 20 299.037 -0.0023035 -0.0798059 44.8451 24.5272 159.427 1369.73 1598.53
2.919 -0.0811081 -5.07335e-05 20 298.894 -0.00228496 -0.0788231 45.0385 24.5272 159.427 1369.72 1598.71
2.92 -0.0801067 -5.01014e-05 20 298.753 -0.00226634 -0.0778404 45.2351 24.5272 159.427 1369.7 1598.89
2.921 -0.0791054 -4.94693e-05 20 298.614 -0.00224764 -0.0768578 45.4351 24.5272 159.427 1369.69 1599.08
2.922 -0.0781041 -4.88372e-05 20 298.476 -0.00222886 -0.0758752 45.6385 24.5272 159.427 1369.68 1599.27
2.923 -0.0771027 -4.82052e-05 20 298.34 -0.00220999 -0.0748927 45.8454 24.5272 159.427 1369.67 1599.47
2.924 -0.0761014 -4.75732e-05 20 298.206 -0.00219103 -0.0739104 46.056 24.5272 159.427 1369.66 1599.67
2.925 -0.0751001 -4.69413e-05 20 298.073 -0.00217199 -0.0729281 46.2703 24.5272 159.427 1369.65 1599.87
2.926 -0.0740987 -4.63094e-05 20 297.942 -0.00215285 -0.0719459 46.4885 24.5272 159.427 1369.64 1600.08
2.927 -0.0730974 -4.56776e-05 20 297.813 -0.00213363 -0.0709638 46.7107 24.5272 159.427 1369.63 1600.29
2.928 -0.0720961 -4.50458e-05 20 297.685 -0.00211431 -0.0699817 46.937 24.5272 159.427 1369.62 1600.51
2.929 -0.0710947 -4.4414e-05 20 297.559 -0.0020949 -0.0689998 47.1676 24.5272 159.427 1369.61 1600.73
2.93 -0.0700934 -4.37823e-05 20 297.435 -0.0020754 -0.068018 47.4026 24.5272 159.427 1369.6 1600.95
2.931 -0.0690921 -4.31507e-05 20 297.312 -0.00205579 -0.0670363 47.6422 24.5272 159.427 1369.59 1601.18
2.932 -0.0680907 -4.25191e-05 20 297.191 -0.00203609 -0.0660546 47.8864 24.5272 159.427 1369.58 1601.42
2.933 -0.0670894 -4.18875e-05 20 297.072 -0.00201628 -0.0650731 48.1355 24.5272 159.427 1369.57 1601.66
2.934 -0.0660881 -4.12561e-05 20 296.955 -0.00199637 -0.0640917 48.3896 24.5272 159.427 1369.56 1601.9
2.935 -0.0650867 -4.06246e-05 20 296.839 -0.00197635 -0.0631104 48.649 24.5272 159.427 1369.55 1602.15
2.936 -0.0640854 -3.99933e-05 20 296.725 -0.00195622 -0.0621292 48.9138 24.5272 159.427 1369.54 1602.41
2.937 -0.0630841 -3.93619e-05 20 296.612 -0.00193598 -0.0611481 49.1841 24.5272 159.427 1369.53 1602.67
2.938 -0.0620827 -3.87307e-05 20 296.501 -0.00191563 -0.0601671 49.4603 24.5272 159.427 1369.52 1602.93
2.939 -0.0610814 -3.80995e-05 20 296.392 -0.00189516 -0.0591862 49.7425 24.5272 159.427 1369.51 1603.21
2.94 -0.0600801 -3.74684e-05 20 296.285 -0.00187458 -0.0582055 50.031 24.5272 159.427 1369.5 1603.49
2.941 -0.0590787 -3.68373e-05 20 296.179 -0.00185387 -0.0572248 50.3259 24.5272 159.427 1369.49 1603.77
2.942 -0.0580774 -3.62064e-05 20 296.075 -0.00183304 -0.0562443 50.6277 24.5272 159.427 1369.48 1604.07
2.943 -0.0570761 -3.55754e-05 20 295.973 -0.00181209 -0.055264 50.9365 24.5272 159.427 1369.48 1604.37
2.944 -0.0560747 -3.49446e-05 20 295.872 -0.001791 -0.0542837 51.2526 24.5272 159.427 1369.47 1604.67
2.945 -0.0550734 -3.43138e-05 20 295.773 -0.00176978 -0.0533036 51.5764 24.5272 159.427 1369.46 1604.99
2.946 -0.054072 -3.36832e-05 20 295.676 -0.00174843 -0.0523236 51.9081 24.5272 159.427 1369.45 1605.31
2.947 -0.0530707 -3.30526e-05 20 295.58 -0.00172693 -0.0513438 52.2482 24.5272 159.427 1369.44 1605.65
2.948 -0.0520694 -3.2422e-05 20 295.487 -0.0017053 -0.0503641 52.5969 24.5272 159.427 1369.44 1605.99
2.949 -0.051068 -3.17916e-05 20 295.394 -0.00168352 -0.0493845 52.9547 24.5272 159.427 1369.43 1606.34
2.95 -0.0500667 -3.11612e-05 20 295.304 -0.00166158 -0.0484051 53.3221 24.5272 159.427 1369.42 1606.7
2.951 -0.0490654 -3.0531e-05 20 295.215 -0.00163949 -0.0474259 53.6994 24.5272 159.427 1369.41 1607.07
2.952 -0.048064 -2.99008e-05 20 295.128 -0.00161725 -0.0464468 54.0871 24.5272 159.427 1369.41 1607.45
2.953 -0.0470627 -2.92708e-05 20 295.043 -0.00159484 -0.0454679 54.4858 24.5272 159.427 1369.4 1607.84
2.954 -0.0460614 -2.86408e-05 20 294.959 -0.00157226 -0.0444891 54.896 24.5272 159.427 1369.39 1608.24
2.955 -0.04506 -2.80109e-05 20 294.877 -0.00154951 -0.0435105 55.3182 24.5272 159.427 1369.39 1608.66
2.956 -0.0440587 -2.73812e-05 20 294.797 -0.00152659 -0.0425321 55.7532 24.5272 159.427 1369.38 1609.09
2.957 -0.0430574 -2.67515e-05 20 294.719 -0.00150348 -0.0415539 56.2017 24.5272 159.427 1369.37 1609.53
2.958 -0.042056 -2.6122e-05 20 294.642 -0.00148018 -0.0405759 56.6642 24.5272 159.427 1369.37 1609.99
2.959 -0.0410547 -2.54926e-05 20 294.567 -0.00145669 -0.039598 57.1417 24.5272 159.427 1369.36 1610.46
2.96 -0.0400534 -2.48633e-05 20 294.493 -0.001433 -0.0386204 57.6351 24.5272 159.427 1369.36 1610.95
2.961 -0.039052 -2.42341e-05 20 294.422 -0.0014091 -0.0376429 58.1452 24.5272 159.427 1369.35 1611.45
2.962 -0.0380507 -2.3605e-05 20 294.352 -0.00138498 -0.0366657 58.6731 24.5272 159.427 1369.35 1611.97
2.963 -0.0370494 -2.29761e-05 20 294.284 -0.00136064 -0.0356887 59.2198 24.5272 159.427 1369.34 1612.51
2.964 -0.036048 -2.23474e-05 20 294.217 -0.00133608 -0.034712 59.7867 24.5272 159.427 1369.34 1613.08
2.965 -0.0350467 -2.17188e-05 20 294.153 -0.00131127 -0.0337354 60.375 24.5272 159.427 1369.33 1613.66
2.966 -0.0340454 -2.10903e-05 20 294.089 -0.00128622 -0.0327591 60.9862 24.5272 159.427 1369.33 1614.27
2.967 -0.033044 -2.0462e-05 20 294.028 -0.00126091 -0.0317831 61.6219 24.5272 159.427 1369.32 1614.9
2.968 -0.0320427 -1.98339e-05 20 293.969 -0.00123533 -0.0308074 62.2839 24.5272 159.427 1369.32 1615.55
2.969 -0.0310414 -1.92059e-05 20 293.911 -0.00120948 -0.0298319 62.9741 24.5272 159.427 1369.31 1616.24
2.97 -0.03004 -1.85781e-05 20 293.855 -0.00118333 -0.0288567 63.6947 24.5272 159.427 1369.31 1616.96
2.971 -0.0290387 -1.79505e-05 20 293.8 -0.00115688 -0.0278818 64.4481 24.5272 159.427 1369.3 1617.71
2.972 -0.0280374 -1.73232e-05 20 293.748 -0.00113011 -0.0269072 65.2371 24.5272 159.427 1369.3 1618.49
2.973 -0.027036 -1.6696e-05 20 293.697 -0.00110301 -0.025933 66.0647 24.5272 159.427 1369.29 1619.31
2.974 -0.0260347 -1.6069e-05 20 293.648 -0.00107557 -0.0249591 66.9342 24.5272 159.427 1369.29 1620.18
2.975 -0.0250334 -1.54423e-05 20 293.6 -0.00104775 -0.0239856 67.8497 24.5272 159.427 1369.29 1621.09
2.976 -0.024032 -1.48158e-05 20 293.555 -0.00101956 -0.0230125 68.8155 24.5272 159.427 1369.28 1622.05
2.977 -0.0230307 -1.41896e-05 20 293.511 -0.000990951 -0.0220397 69.8366 24.5272 159.427 1369.28 1623.07
2.978 -0.0220294 -1.35636e-05 20 293.469 -0.000961916 -0.0210674 70.9188 24.5272 159.427 1369.28 1624.15
2.979 -0.021028 -1.2938e-05 20 293.429 -0.000932425 -0.0200956 72.069 24.5272 159.427 1369.27 1625.3
2.98 -0.0200267 -1.23126e-05 20 293.39 -0.000902449 -0.0191242 73.2948 24.5272 159.427 1369.27 1626.52
2.981 -0.0190254 -1.16876e-05 20 293.353 -0.000871956 -0.0181534 74.6055 24.5272 159.427 1369.27 1627.83
2.982 -0.018024 -1.10629e-05 20 293.318 -0.000840911 -0.0171831 76.0119 24.5272 159.427 1369.27 1629.23
2.983 -0.0170227 -1.04386e-05 20 293.285 -0.000809272 -0.0162134 77.5269 24.5272 159.427 1369.26 1630.74
2.984 -0.0160213 -9.81471e-06 20 293.253 -0.000776993 -0.0152444 79.1662 24.5272 159.427 1369.26 1632.38
2.985 -0.01502 -9.19126e-06 20 293.224 -0.000744021 -0.014276 80.9488 24.5272 159.427 1369.26 1634.16
2.986 -0.0140187 -8.5683e-06 20 293.196 -0.000710295 -0.0133084 82.898 24.5272 159.427 1369.26 1636.11
2.987 -0.0130173 -7.94587e-06 20 293.17 -0.000675743 -0.0123416 85.0433 24.5272 159.427 1369.26 1638.25
2.988 -0.012016 -7.32402e-06 20 293.146 -0.000640281 -0.0113757 87.422 24.5272 159.427 1369.25 1640.63
2.989 -0.0110147 -6.70283e-06 20 293.123 -0.000603807 -0.0104109 90.0824 24.5272 159.427 1369.25 1643.29
2.99 -0.0100133 -6.08236e-06 20 293.102 -0.000566199 -0.00944714 93.0887 24.5272 159.427 1369.25 1646.29
2.991 -0.00901201 -5.46271e-06 20 293.084 -0.000527306 -0.0084847 96.5282 24.5272 159.427 1369.25 1649.73
2.992 -0.00801067 -4.84402e-06 20 293.067 -0.000486935 -0.00752374 100.523 24.5272 159.427 1369.25 1653.73
2.993 -0.00700934 -4.22643e-06 20 293.052 -0.000444838 -0.0065645 105.251 24.5272 159.427 1369.25 1658.45
2.994 -0.00600801 -3.61017e-06 20 293.038 -0.000400684 -0.00560732 110.987 24.5272 159.427 1369.25 1664.19
2.995 -0.00500667 -2.99554e-06 20 293.027 -0.000354005 -0.00465267 118.177 24.5272 159.427 1369.25 1671.38
2.996 -0.00400534 -2.38297e-06 20 293.018 -0.000304111 -0.00370123 127.618 24.5272 159.427 1369.24 1680.82
2.997 -0.003004 -1.77319e-06 20 293.01 -0.000249884 -0.00275412 140.924 24.5272 159.427 1369.24 1694.12
2.998 -0.00200267 -1.16753e-06 20 293.005 -0.000189262 -0.00181341 162.104 24.5272 159.427 1369.24 1715.3
2.999 -0.00100133 -5.69151e-07 20 293.001 -0.000117331 -0.000884004 206.15 24.5272 159.427 1369.24 1759.35
3 -1.96648e-14 -1.23225e-21 20 293 -1.96629e-14 -1.91392e-18 1.59569e+07 24.5272 159.427 1369.24 1.59585e+07
3.001 0.00100133 6.14298e-07 20 293 4.7208e-05 0.000954126 76.8488 24.5272 159.427 1369.24 1630.05
3.002 0.00200133 1.22783e-06 20 293.001 9.427e-05 0.00190706 76.7777 24.5272 159.427 1369.24 1629.98
3.003 0.00300133 1.84142e-06 20 293.002 0.000141248 0.00286008 76.7062 24.5272 159.427 1369.24 1629.9
3.004 0.00400133 2.45506e-06 20 293.004 0.000188142 0.00381319 76.6347 24.5272 159.427 1369.24 1629.83
3.005 0.00500133 3.06875e-06 20 293.007 0.000234953 0.00476638 76.5632 24.5272 159.427 1369.25 1629.76
3.006 0.00600133 3.68249e-06 20 293.01 0.00028168 0.00571965 76.4917 24.5272 159.427 1369.25 1629.69
3.007 0.00700133 4.29629e-06 20 293.013 0.000328323 0.00667301 76.4202 24.5272 159.427 1369.25 1629.62
3.008 0.00800133 4.91014e-06 20 293.017 0.000374883 0.00762644 76.3487 24.5272 159.427 1369.25 1629.55
3.009 0.00900133 5.52405e-06 20 293.021 0.000421359 0.00857997 76.2773 24.5272 159.427 1369.25 1629.48
3.01 0.0100013 6.138e-06 20 293.026 0.000467752 0.00953357 76.2059 24.5272 159.427 1369.25 1629.41
3.011 0.0110013 6.75201e-06 20 293.032 0.000514061 0.0104873 76.1345 24.5272 159.427 1369.25 1629.34
3.012 0.0120013 7.36607e-06 20 293.038 0.000560287 0.011441 76.0632 24.5272 159.427 1369.25 1629.27
3.013 0.0130013 7.98018e-06 20 293.045 0.000606429 0.0123949 75.9919 24.5272 159.427 1369.26 1629.2
3.014 0.0140013 8.59434e-06 20 293.052 0.000652489 0.0133488 75.9207 24.5272 159.427 1369.26 1629.13
3.015 0.0150013 9.20856e-06 20 293.059 0.000698465 0.0143029 75.8495 24.5272 159.427 1369.26 1629.06
3.016 0.0160013 9.82282e-06 20 293.068 0.000744357 0.015257 75.7783 24.5272 159.427 1369.26 1628.99
3.017 0.0170013 1.04371e-05 20 293.076 0.000790167 0.0162112 75.7072 24.5272 159.427 1369.26 1628.93
3.018 0.0180013 1.10515e-05 20 293.086 0.000835893 0.0171654 75.6361 24.5272 159.427 1369.27 1628.86
3.019 0.0190013 1.16659e-05 20 293.095 0.000881537 0.0181198 75.5651 24.5272 159.427 1369.27 1628.79
3.02 0.0200013 1.22804e-05 20 293.106 0.000927097 0.0190742 75.4941 24.5272 159.427 1369.27 1628.72
3.021 0.0210013 1.28949e-05 20 293.116 0.000972575 0.0200287 75.4231 24.5272 159.427 1369.27 1628.65
3.022 0.0220013 1.35095e-05 20 293.128 0.00101797 0.0209833 75.3522 24.5272 159.427 1369.28 1628.58
3.023 0.0230013 1.41241e-05 20 293.14 0.00106328 0.021938 75.2814 24.5272 159.427 1369.28 1628.52
3.024 0.0240013 1.47388e-05 20 293.152 0.00110851 0.0228928 75.2105 24.5272 159.427 1369.28 1628.45
3.025 0.0250013 1.53535e-05 20 293.165 0.00115366 0.0238477 75.1398 24.5272 159.427 1369.29 1628.38
3.026 0.0260013 1.59682e-05 20 293.178 0.00119872 0.0248026 75.069 24.5272 159.427 1369.29 1628.31
3.027 0.0270013 1.65831e-05 20 293.192 0.0012437 0.0257576 74.9983 24.5272 159.427 1369.29 1628.25
3.028 0.0280013 1.71979e-05 20 293.207 0.0012886 0.0267127 74.9277 24.5272 159.427 1369.3 1628.18
3.029 0.0290013 1.78128e-05 20 293.222 0.00133342 0.0276679 74.8571 24.5272 159.427 1369.3 1628.11
3.03 0.0300013 1.84278e-05 20 293.237 0.00137815 0.0286232 74.7866 24.5272 159.427 1369.31 1628.05
3.031 0.0310013 1.90428e-05 20 293.253 0.0014228 0.0295785 74.7161 24.5272 159.427 1369.31 1627.98
3.032 0.0320013 1.96579e-05 20 293.27 0.00146737 0.0305339 74.6456 24.5272 159.427 1369.31 1627.91
3.033 0.0330013 2.0273e-05 20 293.287 0.00151186 0.0314894 74.5752 24.5272 159.427 1369.32 1627.85
3.034 0.0340013 2.08881e-05 20 293.304 0.00155627 0.032445 74.5049 24.5272 159.427 1369.32 1627.78
3.035 0.0350013 2.15033e-05 20 293.323 0.00160059 0.0334007 74.4346 24.5272 159.427 1369.33 1627.72
3.036 0.0360013 2.21186e-05 20 293.341 0.00164483 0.0343565 74.3643 24.5272 159.427 1369.33 1627.65
3.037 0.0370013 2.27338e-05 20 293.36 0.00168899 0.0353123 74.2941 24.5272 159.427 1369.34 1627.59
3.038 0.0380013 2.33492e-05 20 293.38 0.00173307 0.0362682 74.2239 24.5272 159.427 1369.34 1627.52
3.039 0.0390013 2.39646e-05 20 293.4 0.00177706 0.0372242 74.1538 24.5272 159.427 1369.35 1627.46
3.04 0.0400013 2.458e-05 20 293.421 0.00182098 0.0381803 74.0838 24.5272 159.427 1369.35 1627.39
3.041 0.0410013 2.51955e-05 20 293.442 0.00186481 0.0391365 74.0138 24.5272 159.427 1369.36 1627.33
3.042 0.0420013 2.5811e-05 20 293.464 0.00190856 0.0400927 73.9438 24.5272 159.427 1369.37 1627.26
3.043 0.0430013 2.64266e-05 20 293.486 0.00195223 0.0410491 73.8739 24.5272 159.427 1369.37 1627.2
3.044 0.0440013 2.70422e-05 20 293.509 0.00199582 0.0420055 73.8041 24.5272 159.427 1369.38 1627.14
3.045 0.0450013 2.76578e-05 20 293.532 0.00203933 0.042962 73.7343 24.5272 159.427 1369.38 1627.07
3.046 0.0460013 2.82735e-05 20 293.556 0.00208276 0.0439185 73.6646 24.5272 159.427 1369.39 1627.01
3.047 0.0470013 2.88893e-05 20 293.58 0.0021261 0.0448752 73.5949 24.5272 159.427 1369.4 1626.95
3.048 0.0480013 2.95051e-05 20 293.605 0.00216937 0.0458319 73.5253 24.5272 159.427 1369.4 1626.88
3.049 0.0490013 3.01209e-05 20 293.631 0.00221255 0.0467887 73.4557 24.5272 159.427 1369.41 1626.82
3.05 0.0500013 3.07368e-05 20 293.656 0.00225566 0.0477456 73.3862 24.5272 159.427 1369.42 1626.76
3.051 0.0510013 3.13527e-05 20 293.683 0.00229868 0.0487026 73.3167 24.5272 159.427 1369.42 1626.69
3.052 0.0520013 3.19687e-05 20 293.71 0.00234162 0.0496597 73.2473 24.5272 159.427 1369.43 1626.63
3.053 0.0530013 3.25847e-05 20 293.737 0.00238448 0.0506168 73.178 24.5272 159.427 1369.44 1626.57
3.054 0.0540013 3.32007e-05 20 293.765 0.00242726 0.051574 73.1087 24.5272 159.427 1369.45 1626.51
3.055 0.0550013 3.38168e-05 20 293.794 0.00246996 0.0525313 73.0395 24.5272 159.427 1369.45 1626.45
3.056 0.0560013 3.4433e-05 20 293.822 0.00251258 0.0534887 72.9703 24.5272 159.427 1369.46 1626.39
3.057 0.0570013 3.50491e-05 20 293.852 0.00255512 0.0544462 72.9012 24.5272 159.427 1369.47 1626.32
3.058 0.0580013 3.56654e-05 20 293.882 0.00259758 0.0554037 72.8321 24.5272 159.427 1369.48 1626.26
3.059 0.0590013 3.62816e-05 20 293.912 0.00263996 0.0563613 72.7631 24.5272 159.427 1369.49 1626.2
3.06 0.0600013 3.68979e-05 20 293.943 0.00268226 0.057319 72.6942 24.5272 159.427 1369.49 1626.14
3.061 0.0610013 3.75143e-05 20 293.975 0.00272449 0.0582768 72.6253 24.5272 159.427 1369.5 1626.08
3.062 0.0620013 3.81307e-05 20 294.007 0.00276663 0.0592347 72.5565 24.5272 159.427 1369.51 1626.02
3.063 0.0630013 3.87471e-05 20 294.04 0.00280869 0.0601926 72.4877 24.5272 159.427 1369.52 1625.96
3.064 0.0640013 3.93636e-05 20 294.073 0.00285067 0.0611506 72.419 24.5272 159.427 1369.53 1625.9
3.065 0.0650013 3.99801e-05 20 294.106 0.00289257 0.0621087 72.3503 24.5272 159.427 1369.54 1625.84
3.066 0.0660013 4.05966e-05 20 294.14 0.0029344 0.0630669 72.2817 24.5272 159.427 1369.55 1625.78
3.067 0.0670013 4.12132e-05 20 294.175 0.00297614 0.0640251 72.2132 24.5272 159.427 1369.56 1625.72
3.068 0.0680013 4.18299e-05 20 294.21 0.0030178 0.0649835 72.1448 24.5272 159.427 1369.56 1625.66
3.069 0.0690013 4.24465e-05 20 294.245 0.00305939 0.0659419 72.0764 24.5272 159.427 1369.57 1625.6
3.07 0.0700013 4.30632e-05 20 294.282 0.0031009 0.0669004 72.008 24.5272 159.427 1369.58 1625.55
3.071 0.0710013 4.368e-05 20 294.318 0.00314233 0.0678589 71.9397 24.5272 159.427 1369.59 1625.49
3.072 0.0720013 4.42968e-05 20 294.355 0.00318368 0.0688176 71.8715 24.5272 159.427 1369.6 1625.43
3.073 0.0730013 4.49136e-05 20 294.393 0.00322495 0.0697763 71.8034 24.5272 159.427 1369.61 1625.37
3.074 0.0740013 4.55305e-05 20 294.431 0.00326614 0.0707351 71.7353 24.5272 159.427 1369.62 1625.31
3.075 0.0750013 4.61474e-05 20 294.47 0.00330725 0.071694 71.6672 24.5272 159.427 1369.63 1625.26
3.076 0.0760013 4.67643e-05 20 294.509 0.00334829 0.072653 71.5993 24.5272 159.427 1369.64 1625.2
3.077 0.0770013 4.73813e-05 20 294.549 0.00338925 0.073612 71.5314 24.5272 159.427 1369.66 1625.14
3.078 0.0780013 4.79983e-05 20 294.589 0.00343013 0.0745711 71.4635 24.5272 159.427 1369.67 1625.08
3.079 0.0790013 4.86153e-05 20 294.629 0.00347093 0.0755303 71.3958 24.5272 159.427 1369.68 1625.03
3.08 0.0800013 4.92324e-05 20 294.671 0.00351165 0.0764896 71.3281 24.5272 159.427 1369.69 1624.97
3.081 0.0810013 4.98496e-05 20 294.712 0.0035523 0.077449 71.2604 24.5272 159.427 1369.7 1624.91
3.082 0.0820013 5.04667e-05 20 294.755 0.00359287 0.0784084 71.1928 24.5272 159.427 1369.71 1624.86
3.083 0.0830013 5.10839e-05 20 294.797 0.00363336 0.0793679 71.1253 24.5272 159.427 1369.72 1624.8
3.084 0.0840013 5.17012e-05 20 294.84 0.00367377 0.0803275 71.0579 24.5272 159.427 1369.73 1624.75
3.085 0.0850013 5.23184e-05 20 294.884 0.00371411 0.0812871 70.9905 24.5272 159.427 1369.75 1624.69
3.086 0.0860013 5.29357e-05 20 294.928 0.00375437 0.0822469 70.9232 24.5272 159.427 1369.76 1624.64
3.087 0.0870013 5.35531e-05 20 294.973 0.00379455 0.0832067 70.8559 24.5272 159.427 1369.77 1624.58
3.088 0.0880013 5.41705e-05 20 295.018 0.00383466 0.0841666 70.7887 24.5272 159.427 1369.78 1624.52
3.089 0.0890013 5.47879e-05 20 295.064 0.00387469 0.0851266 70.7216 24.5272 159.427 1369.79 1624.47
3.09 0.0900013 5.54053e-05 20 295.11 0.00391464 0.0860866 70.6546 24.5272 159.427 1369.81 1624.42
3.091 0.0910013 5.60228e-05 20 295.157 0.00395451 0.0870467 70.5876 24.5272 159.427 1369.82 1624.36
3.092 0.0920013 5.66403e-05 20 295.204 0.00399431 0.0880069 70.5207 24.5272 159.427 1369.83 1624.31
3.093 0.0930013 5.72579e-05 20 295.252 0.00403403 0.0889672 70.4538 24.5272 159.427 1369.85 1624.25
3.094 0.0940013 5.78754e-05 20 295.3 0.00407368 0.0899276 70.387 24.5272 159.427 1369.86 1624.2
3.095 0.0950013 5.84931e-05 20 295.349 0.00411325 0.090888 70.3203 24.5272 159.427 1369.87 1624.15
3.096 0.0960012 5.91107e-05 20 295.398 0.00415274 0.0918485 70.2537 24.5272 159.427 1369.88 1624.09
3.097 0.0970012 5.97284e-05 20 295.448 0.00419216 0.0928091 70.1871 24.5272 159.427 1369.9 1624.04
3.098 0.0980012 6.03461e-05 20 295.498 0.0042315 0.0937697 70.1206 24.5272 159.427 1369.91 1623.99
3.099 0.0990012 6.09638e-05 20 295.549 0.00427077 0.0947305 70.0541 24.5272 159.427 1369.93 1623.93
3.1 0.100001 6.15816e-05 20 295.6 0.00430996 0.0956913 69.9878 24.5272 159.427 1369.94 1623.88
3.101 0.101001 6.21994e-05 20 295.652 0.00434908 0.0966522 69.9215 24.5272 159.427 1369.95 1623.83
3.102 0.102001 6.28173e-05 20 295.704 0.00438812 0.0976131 69.8552 24.5272 159.427 1369.97 1623.78
3.103 0.103001 6.34351e-05 20 295.757 0.00442708 0.0985742 69.7891 24.5272 159.427 1369.98 1623.73
3.104 0.104001 6.4053e-05 20 295.81 0.00446597 0.0995353 69.723 24.5272 159.427 1370 1623.67
3.105 0.105001 6.4671e-05 20 295.864 0.00450478 0.100496 69.6569 24.5272 159.427 1370.01 1623.62
3.106 0.106001 6.5289e-05 20 295.918 0.00454352 0.101458 69.591 24.5272 159.427 1370.03 1623.57
3.107 0.107001 6.59069e-05 20 295.973 0.00458219 0.102419 69.5251 24.5272 159.427 1370.04 1623.52
3.108 0.108001 6.6525e-05 20 296.028 0.00462078 0.10338 69.4593 24.5272 159.427 1370.06 1623.47
3.109 0.109001 6.7143e-05 20 296.084 0.00465929 0.104342 69.3935 24.5272 159.427 1370.07 1623.42
3.11 0.110001 6.77611e-05 20 296.14 0.00469774 0.105304 69.3279 24.5272 159.427 1370.09 1623.37
3.111 0.111001 6.83792e-05 20 296.197 0.0047361 0.106265 69.2623 24.5272 159.427 1370.1 1623.32
3.112 0.112001 6.89974e-05 20 296.254 0.00477439 0.107227 69.1968 24.5272 159.427 1370.12 1623.27
3.113 0.113001 6.96156e-05 20 296.312 0.00481261 0.108189 69.1313 24.5272 159.427 1370.13 1623.22
3.114 0.114001 7.02338e-05 20 296.37 0.00485076 0.10915 69.0659 24.5272 159.427 1370.15 1623.17
3.115 0.115001 7.0852e-05 20 296.429 0.00488883 0.110112 69.0006 24.5272 159.427 1370.16 1623.12
3.116 0.116001 7.14702e-05 20 296.488 0.00492683 0.111074 68.9353 24.5272 159.427 1370.18 1623.07
3.117 0.117001 7.20885e-05 20 296.547 0.00496475 0.112036 68.8702 24.5272 159.427 1370.2 1623.02
3.118 0.118001 7.27068e-05 20 296.608 0.0050026 0.112999 68.8051 24.5272 159.427 1370.21 1622.97
3.119 0.119001 7.33252e-05 20 296.668 0.00504038 0.113961 68.74 24.5272 159.427 1370.23 1622.92
3.12 0.120001 7.39436e-05 20 296.729 0.00507808 0.114923 68.6751 24.5272 159.427 1370.25 1622.88
3.121 0.121001 7.4562e-05 20 296.791 0.00511571 0.115886 68.6102 24.5272 159.427 1370.26 1622.83
3.122 0.122001 7.51804e-05 20 296.853 0.00515327 0.116848 68.5454 24.5272 159.427 1370.28 1622.78
3.123 0.123001 7.57988e-05 20 296.916 0.00519075 0.11781 68.4806 24.5272 159.427 1370.3 1622.73
3.124 0.124001 7.64173e-05 20 296.979 0.00522816 0.118773 68.4159 24.5272 159.427 1370.32 1622.69
3.125 0.125001 7.70358e-05 20 297.043 0.0052655 0.119736 68.3514 24.5272 159.427 1370.33 1622.64
3.126 0.126001 7.76543e-05 20 297.107 0.00530277 0.120698 68.2868 24.5272 159.427 1370.35 1622.59
3.127 0.127001 7.82729e-05 20 297.171 0.00533996 0.121661 68.2224 24.5272 159.427 1370.37 1622.54
3.128 0.128001 7.88915e-05 20 297.237 0.00537708 0.122624 68.158 24.5272 159.427 1370.39 1622.5
3.129 0.129001 7.95101e-05 20 297.302 0.00541413 0.123587 68.0937 24.5272 159.427 1370.4 1622.45
3.13 0.130001 8.01287e-05 20 297.368 0.00545111 0.12455 68.0295 24.5272 159.427 1370.42 1622.41
3.131 0.131001 8.07473e-05 20 297.435 0.00548802 0.125513 67.9653 24.5272 159.427 1370.44 1622.36
3.132 0.132001 8.1366e-05 20 297.502 0.00552485 0.126476 67.9012 24.5272 159.427 1370.46 1622.31
3.133 0.133001 8.19847e-05 20 297.57 0.00556162 0.12744 67.8372 24.5272 159.427 1370.48 1622.27
3.134 0.134001 8.26035e-05 20 297.638 0.00559831 0.128403 67.7733 24.5272 159.427 1370.5 1622.22
3.135 0.135001 8.32222e-05 20 297.706 0.00563493 0.129366 67.7094 24.5272 159.427 1370.51 1622.18
3.136 0.136001 8.3841e-05 20 297.775 0.00567148 0.13033 67.6456 24.5272 159.427 1370.53 1622.13
3.137 0.137001 8.44598e-05 20 297.845 0.00570795 0.131293 67.5819 24.5272 159.427 1370.55 1622.09
3.138 0.138001 8.50786e-05 20 297.915 0.00574436 0.132257 67.5183 24.5272 159.427 1370.57 1622.04
3.139 0.139001 8.56974e-05 20 297.985 0.00578069 0.133221 67.4547 24.5272 159.427 1370.59 1622
3.14 0.140001 8.63163e-05 20 298.056 0.00581696 0.134184 67.3912 24.5272 159.427 1370.61 1621.96
3.141 0.141001 8.69352e-05 20 298.128 0.00585315 0.135148 67.3278 24.5272 159.427 1370.63 1621.91
3.142 0.142001 8.75541e-05 20 298.2 0.00588928 0.136112 67.2645 24.5272 159.427 1370.65 1621.87
3.143 0.143001 8.8173e-05 20 298.272 0.00592533 0.137076 67.2012 24.5272 159.427 1370.67 1621.83
3.144 0.144001 8.87919e-05 20 298.345 0.00596131 0.13804 67.138 24.5272 159.427 1370.69 1621.78
3.145 0.145001 8.94109e-05 20 298.418 0.00599723 0.139004 67.0749 24.5272 159.427 1370.71 1621.74
3.146 0.146001 9.00299e-05 20 298.492 0.00603307 0.139968 67.0118 24.5272 159.427 1370.73 1621.7
3.147 0.147001 9.06489e-05 20 298.567 0.00606884 0.140932 66.9489 24.5272 159.427 1370.75 1621.65
3.148 0.148001 9.12679e-05 20 298.642 0.00610455 0.141897 66.886 24.5272 159.427 1370.77 1621.61
3.149 0.149001 9.1887e-05 20 298.717 0.00614018 0.142861 66.8232 24.5272 159.427 1370.79 1621.57
3.15 0.150001 9.25061e-05 20 298.793 0.00617575 0.143825 66.7604 24.5272 159.427 1370.81 1621.53
3.151 0.151001 9.31252e-05 20 298.869 0.00621124 0.14479 66.6978 24.5272 159.427 1370.83 1621.49
3.152 0.152001 9.37443e-05 20 298.946 0.00624667 0.145755 66.6352 24.5272 159.427 1370.86 1621.45
3.153 0.153001 9.43634e-05 20 299.023 0.00628202 0.146719 66.5727 24.5272 159.427 1370.88 1621.4
3.154 0.154001 9.49825e-05 20 299.101 0.00631731 0.147684 66.5102 24.5272 159.427 1370.9 1621.36
3.155 0.155001 9.56017e-05 20 299.179 0.00635253 0.148649 66.4479 24.5272 159.427 1370.92 1621.32
3.156 0.156001 9.62209e-05 20 299.258 0.00638768 0.149614 66.3856 24.5272 159.427 1370.94 1621.28
3.157 0.157001 9.68401e-05 20 299.337 0.00642276 0.150578 66.3234 24.5272 159.427 1370.96 1621.24
3.158 0.158001 9.74593e-05 20 299.417 0.00645777 0.151543 66.2612 24.5272 159.427 1370.99 1621.2
3.159 0.159001 9.80785e-05 20 299.497 0.00649272 0.152508 66.1992 24.5272 159.427 1371.01 1621.16
3.16 0.160001 9.86978e-05 20 299.578 0.0065276 0.153474 66.1372 24.5272 159.427 1371.03 1621.12
3.161 0.161001 9.93171e-05 20 299.659 0.0065624 0.154439 66.0753 24.5272 159.427 1371.05 1621.08
3.162 0.162001 9.99364e-05 20 299.741 0.00659714 0.155404 66.0135 24.5272 159.427 1371.08 1621.04
3.163 0.163001 0.000100556 20 299.823 0.00663182 0.156369 65.9517 24.5272 159.427 1371.1 1621
3.164 0.164001 0.000101175 20 299.905 0.00666642 0.157335 65.89 24.5272 159.427 1371.12 1620.97
3.165 0.165001 0.000101794 20 299.988 0.00670096 0.1583 65.8284 24.5272 159.427 1371.14 1620.93
3.166 0.166001 0.000102414 20 300.072 0.00673543 0.159266 65.7669 24.5272 159.427 1371.17 1620.89
3.167 0.167001 0.000103033 20 300.156 0.00676983 0.160231 65.7054 24.5272 159.427 1371.19 1620.85
3.168 0.168001 0.000103652 20 300.24 0.00680417 0.161197 65.6441 24.5272 159.427 1371.21 1620.81
3.169 0.169001 0.000104272 20 300.325 0.00683843 0.162163 65.5828 24.5272 159.427 1371.24 1620.78
3.17 0.170001 0.000104891 20 300.411 0.00687264 0.163129 65.5216 24.5272 159.427 1371.26 1620.74
3.171 0.171001 0.000105511 20 300.497 0.00690677 0.164094 65.4604 24.5272 159.427 1371.29 1620.7
3.172 0.172001 0.00010613 20 300.583 0.00694084 0.16506 65.3993 24.5272 159.427 1371.31 1620.66
3.173 0.173001 0.00010675 20 300.67 0.00697484 0.166026 65.3384 24.5272 159.427 1371.33 1620.63
3.174 0.174001 0.000107369 20 300.758 0.00700877 0.166992 65.2774 24.5272 159.427 1371.36 1620.59
3.175 0.175001 0.000107988 20 300.845 0.00704264 0.167959 65.2166 24.5272 159.427 1371.38 1620.55
3.176 0.176001 0.000108608 20 300.934 0.00707645 0.168925 65.1558 24.5272 159.427 1371.41 1620.52
3.177 0.177001 0.000109227 20 301.023 0.00711018 0.169891 65.0952 24.5272 159.427 1371.43 1620.48
3.178 0.178001 0.000109847 20 301.112 0.00714385 0.170857 65.0346 24.5272 159.427 1371.46 1620.45
3.179 0.179001 0.000110467 20 301.202 0.00717746 0.171824 64.974 24.5272 159.427 1371.48 1620.41
3.18 0.180001 0.000111086 20 301.292 0.007211 0.17279 64.9136 24.5272 159.427 1371.51 1620.38
3.181 0.181001 0.000111706 20 301.383 0.00724447 0.173757 64.8532 24.5272 159.427 1371.53 1620.34
3.182 0.182001 0.000112325 20 301.474 0.00727788 0.174723 64.7929 24.5272 159.427 1371.56 1620.31
3.183 0.183001 0.000112945 20 301.565 0.00731122 0.17569 64.7327 24.5272 159.427 1371.58 1620.27
3.184 0.184001 0.000113564 20 301.658 0.0073445 0.176657 64.6725 24.5272 159.427 1371.61 1620.24
3.185 0.185001 0.000114184 20 301.75 0.00737771 0.177623 64.6125 24.5272 159.427 1371.64 1620.2
3.186 0.186001 0.000114804 20 301.843 0.00741086 0.17859 64.5525 24.5272 159.427 1371.66 1620.17
3.187 0.187001 0.000115423 20 301.937 0.00744394 0.179557 64.4926 24.5272 159.427 1371.69 1620.13
3.188 0.188001 0.000116043 20 302.031 0.00747696 0.180524 64.4327 24.5272 159.427 1371.71 1620.1
3.189 0.189001 0.000116663 20 302.125 0.00750991 0.181491 64.373 24.5272 159.427 1371.74 1620.07
3.19 0.190001 0.000117282 20 302.22 0.0075428 0.182458 64.3133 24.5272 159.427 1371.77 1620.03
3.191 0.191001 0.000117902 20 302.316 0.00757562 0.183426 64.2537 24.5272 159.427 1371.79 1620
3.192 0.192001 0.000118521 20 302.412 0.00760838 0.184393 64.1941 24.5272 159.427 1371.82 1619.97
3.193 0.193001 0.000119141 20 302.508 0.00764108 0.18536 64.1347 24.5272 159.427 1371.85 1619.94
3.194 0.194001 0.000119761 20 302.605 0.00767371 0.186327 64.0753 24.5272 159.427 1371.88 1619.9
3.195 0.195001 0.000120381 20 302.702 0.00770628 0.187295 64.016 24.5272 159.427 1371.9 1619.87
3.196 0.196001 0.000121 20 302.8 0.00773879 0.188262 63.9568 24.5272 159.427 1371.93 1619.84
3.197 0.197001 0.00012162 20 302.898 0.00777123 0.18923 63.8976 24.5272 159.427 1371.96 1619.81
3.198 0.198001 0.00012224 20 302.997 0.00780361 0.190198 63.8386 24.5272 159.427 1371.99 1619.78
3.199 0.199001 0.000122859 20 303.096 0.00783592 0.191165 63.7796 24.5272 159.427 1372.01 1619.75
3.2 0.200001 0.000123479 20 303.196 0.00786818 0.192133 63.7207 24.5272 159.427 1372.04 1619.72
3.201 0.201001 0.000124099 20 303.296 0.00790036 0.193101 63.6618 24.5272 159.427 1372.07 1619.69
3.202 0.202001 0.000124719 20 303.397 0.00793249 0.194069 63.6031 24.5272 159.427 1372.1 1619.65
3.203 0.203001 0.000125338 20 303.498 0.00796455 0.195037 63.5444 24.5272 159.427 1372.13 1619.62
3.204 0.204001 0.000125958 20 303.6 0.00799655 0.196005 63.4858 24.5272 159.427 1372.15 1619.59
3.205 0.205001 0.000126578 20 303.702 0.00802849 0.196973 63.4273 24.5272 159.427 1372.18 1619.56
3.206 0.206001 0.000127198 20 303.804 0.00806037 0.197941 63.3688 24.5272 159.427 1372.21 1619.53
3.207 0.207001 0.000127817 20 303.907 0.00809218 0.198909 63.3104 24.5272 159.427 1372.24 1619.51
3.208 0.208001 0.000128437 20 304.01 0.00812393 0.199877 63.2521 24.5272 159.427 1372.27 1619.48
3.209 0.209001 0.000129057 20 304.114 0.00815562 0.200846 63.1939 24.5272 159.427 1372.3 1619.45
3.21 0.210001 0.000129677 20 304.219 0.00818725 0.201814 63.1358 24.5272 159.427 1372.33 1619.42
3.211 0.211001 0.000130297 20 304.324 0.00821881 0.202782 63.0777 24.5272 159.427 1372.36 1619.39
3.212 0.212001 0.000130916 20 304.429 0.00825032 0.203751 63.0197 24.5272 159.427 1372.39 1619.36
3.213 0.213001 0.000131536 20 304.535 0.00828176 0.204719 62.9618 24.5272 159.427 1372.42 1619.33
3.214 0.214001 0.000132156 20 304.641 0.00831314 0.205688 62.904 24.5272 159.427 1372.45 1619.31
3.215 0.215001 0.000132776 20 304.748 0.00834446 0.206657 62.8462 24.5272 159.427 1372.48 1619.28
3.216 0.216001 0.000133396 20 304.855 0.00837572 0.207625 62.7885 24.5272 159.427 1372.51 1619.25
3.217 0.217001 0.000134016 20 304.962 0.00840692 0.208594 62.7309 24.5272 159.427 1372.54 1619.22
3.218 0.218001 0.000134635 20 305.07 0.00843805 0.209563 62.6734 24.5272 159.427 1372.57 1619.2
3.219 0.219001 0.000135255 20 305.179 0.00846913 0.210532 62.6159 24.5272 159.427 1372.6 1619.17
3.22 0.220001 0.000135875 20 305.288 0.00850014 0.211501 62.5585 24.5272 159.427 1372.63 1619.14
3.221 0.221001 0.000136495 20 305.398 0.0085311 0.21247 62.5012 24.5272 159.427 1372.66 1619.12
3.222 0.222001 0.000137115 20 305.507 0.00856199 0.213439 62.444 24.5272 159.427 1372.69 1619.09
3.223 0.223001 0.000137735 20 305.618 0.00859282 0.214408 62.3869 24.5272 159.427 1372.72 1619.07
3.224 0.224001 0.000138354 20 305.729 0.0086236 0.215378 62.3298 24.5272 159.427 1372.76 1619.04
3.225 0.225001 0.000138974 20 305.84 0.00865431 0.216347 62.2728 24.5272 159.427 1372.79 1619.01
3.226 0.226001 0.000139594 20 305.952 0.00868497 0.217316 62.2159 24.5272 159.427 1372.82 1618.99
3.227 0.227001 0.000140214 20 306.064 0.00871556 0.218286 62.1591 24.5272 159.427 1372.85 1618.96
3.228 0.228001 0.000140834 20 306.177 0.00874609 0.219255 62.1023 24.5272 159.427 1372.88 1618.94
3.229 0.229001 0.000141454 20 306.29 0.00877657 0.220225 62.0456 24.5272 159.427 1372.91 1618.91
3.23 0.230001 0.000142073 20 306.404 0.00880698 0.221194 61.989 24.5272 159.427 1372.95 1618.89
3.231 0.231001 0.000142693 20 306.518 0.00883734 0.222164 61.9325 24.5272 159.427 1372.98 1618.87
3.232 0.232001 0.000143313 20 306.632 0.00886764 0.223133 61.876 24.5272 159.427 1373.01 1618.84
3.233 0.233001 0.000143933 20 306.747 0.00889787 0.224103 61.8196 24.5272 159.427 1373.04 1618.82
3.234 0.234001 0.000144553 20 306.863 0.00892805 0.225073 61.7633 24.5272 159.427 1373.08 1618.79
3.235 0.235001 0.000145173 20 306.979 0.00895817 0.226043 61.7071 24.5272 159.427 1373.11 1618.77
3.236 0.236001 0.000145792 20 307.095 0.00898823 0.227013 61.6509 24.5272 159.427 1373.14 1618.75
3.237 0.237001 0.000146412 20 307.212 0.00901823 0.227983 61.5948 24.5272 159.427 1373.18 1618.73
3.238 0.238001 0.000147032 20 307.329 0.00904818 0.228953 61.5388 24.5272 159.427 1373.21 1618.7
3.239 0.239001 0.000147652 20 307.447 0.00907806 0.229923 61.4829 24.5272 159.427 1373.24 1618.68
3.24 0.240001 0.000148272 20 307.565 0.00910789 0.230893 61.4271 24.5272 159.427 1373.28 1618.66
3.241 0.241001 0.000148891 20 307.684 0.00913766 0.231863 61.3713 24.5272 159.427 1373.31 1618.64
3.242 0.242001 0.000149511 20 307.803 0.00916737 0.232834 61.3156 24.5272 159.427 1373.34 1618.61
3.243 0.243001 0.000150131 20 307.923 0.00919702 0.233804 61.26 24.5272 159.427 1373.38 1618.59
3.244 0.244001 0.000150751 20 308.043 0.00922662 0.234774 61.2044 24.5272 159.427 1373.41 1618.57
3.245 0.245001 0.000151371 20 308.163 0.00925616 0.235745 61.1489 24.5272 159.427 1373.45 1618.55
3.246 0.246001 0.00015199 20 308.284 0.00928564 0.236715 61.0935 24.5272 159.427 1373.48 1618.53
3.247 0.247001 0.00015261 20 308.406 0.00931506 0.237686 61.0382 24.5272 159.427 1373.52 1618.51
3.248 0.248001 0.00015323 20 308.528 0.00934443 0.238657 60.983 24.5272 159.427 1373.55 1618.49
3.249 0.249001 0.00015385 20 308.65 0.00937374 0.239627 60.9278 24.5272 159.427 1373.59 1618.47
3.25 0.250001 0.00015447 20 308.773 0.00940299 0.240598 60.8727 24.5272 159.427 1373.62 1618.45
3.251 0.251001 0.000155089 20 308.896 0.00943218 0.241569 60.8177 24.5272 159.427 1373.66 1618.43
3.252 0.252001 0.000155709 20 309.02 0.00946132 0.24254 60.7628 24.5272 159.427 1373.69 1618.41
3.253 0.253001 0.000156329 20 309.144 0.0094904 0.243511 60.7079 24.5272 159.427 1373.73 1618.39
3.254 0.254001 0.000156949 20 309.269 0.00951942 0.244482 60.6531 24.5272 159.427 1373.76 1618.37
3.255 0.255001 0.000157568 20 309.394 0.00954839 0.245453 60.5984 24.5272 159.427 1373.8 1618.35
3.256 0.256001 0.000158188 20 309.519 0.0095773 0.246424 60.5437 24.5272 159.427 1373.83 1618.33
3.257 0.257001 0.000158808 20 309.645 0.00960616 0.247395 60.4892 24.5272 159.427 1373.87 1618.31
3.258 0.258001 0.000159428 20 309.772 0.00963496 0.248366 60.4347 24.5272 159.427 1373.91 1618.3
3.259 0.259001 0.000160047 20 309.898 0.0096637 0.249337 60.3803 24.5272 159.427 1373.94 1618.28
3.26 0.260001 0.000160667 20 310.026 0.00969239 0.250309 60.3259 24.5272 159.427 1373.98 1618.26
3.261 0.261001 0.000161287 20 310.154 0.00972102 0.25128 60.2716 24.5272 159.427 1374.02 1618.24
3.262 0.262001 0.000161907 20 310.282 0.0097496 0.252252 60.2174 24.5272 159.427 1374.05 1618.22
3.263 0.263001 0.000162526 20 310.41 0.00977812 0.253223 60.1633 24.5272 159.427 1374.09 1618.21
3.264 0.264001 0.000163146 20 310.54 0.00980658 0.254195 60.1093 24.5272 159.427 1374.13 1618.19
3.265 0.265001 0.000163766 20 310.669 0.00983499 0.255166 60.0553 24.5272 159.427 1374.16 1618.17
3.266 0.266001 0.000164385 20 310.799 0.00986335 0.256138 60.0014 24.5272 159.427 1374.2 1618.16
3.267 0.267001 0.000165005 20 310.93 0.00989165 0.257109 59.9476 24.5272 159.427 1374.24 1618.14
3.268 0.268001 0.000165625 20 311.061 0.00991989 0.258081 59.8938 24.5272 159.427 1374.28 1618.12
3.269 0.269001 0.000166244 20 311.192 0.00994808 0.259053 59.8402 24.5272 159.427 1374.31 1618.11
3.27 0.270001 0.000166864 20 311.324 0.00997621 0.260025 59.7866 24.5272 159.427 1374.35 1618.09
3.271 0.271001 0.000167483 20 311.456 0.0100043 0.260997 59.733 24.5272 159.427 1374.39 1618.08
3.272 0.272001 0.000168103 20 311.589 0.0100323 0.261969 59.6796 24.5272 159.427 1374.43 1618.06
3.273 0.273001 0.000168723 20 311.722 0.0100603 0.262941 59.6262 24.5272 159.427 1374.47 1618.05
3.274 0.274001 0.000169342 20 311.856 0.0100882 0.263913 59.5729 24.5272 159.427 1374.5 1618.03
3.275 0.275001 0.000169962 20 311.99 0.0101161 0.264885 59.5197 24.5272 159.427 1374.54 1618.02
3.276 0.276001 0.000170581 20 312.124 0.0101439 0.265857 59.4665 24.5272 159.427 1374.58 1618
3.277 0.277001 0.000171201 20 312.259 0.0101716 0.266829 59.4134 24.5272 159.427 1374.62 1617.99
3.278 0.278001 0.00017182 20 312.395 0.0101993 0.267802 59.3604 24.5272 159.427 1374.66 1617.97
3.279 0.279001 0.00017244 20 312.53 0.010227 0.268774 59.3075 24.5272 159.427 1374.7 1617.96
3.28 0.280001 0.000173059 20 312.667 0.0102546 0.269747 59.2546 24.5272 159.427 1374.74 1617.95
3.281 0.281001 0.000173679 20 312.804 0.0102821 0.270719 59.2019 24.5272 159.427 1374.78 1617.93
3.282 0.282001 0.000174298 20 312.941 0.0103096 0.271691 59.1491 24.5272 159.427 1374.82 1617.92
3.283 0.283001 0.000174918 20 313.078 0.010337 0.272664 59.0965 24.5272 159.427 1374.86 1617.91
3.284 0.284001 0.000175537 20 313.217 0.0103644 0.273637 59.0439 24.5272 159.427 1374.9 1617.89
3.285 0.285001 0.000176157 20 313.355 0.0103917 0.274609 58.9914 24.5272 159.427 1374.94 1617.88
3.286 0.286001 0.000176776 20 313.494 0.010419 0.275582 58.939 24.5272 159.427 1374.98 1617.87
3.287 0.287001 0.000177396 20 313.633 0.0104462 0.276555 58.8867 24.5272 159.427 1375.02 1617.86
3.288 0.288001 0.000178015 20 313.773 0.0104734 0.277528 58.8344 24.5272 159.427 1375.06 1617.85
3.289 0.289001 0.000178635 20 313.914 0.0105005 0.278501 58.7822 24.5272 159.427 1375.1 1617.83
3.29 0.290001 0.000179254 20 314.054 0.0105276 0.279473 58.7301 24.5272 159.427 1375.14 1617.82
3.291 0.291001 0.000179873 20 314.196 0.0105546 0.280446 58.678 24.5272 159.427 1375.18 1617.81
3.292 0.292001 0.000180493 20 314.337 0.0105816 0.28142 58.626 24.5272 159.427 1375.22 1617.8
3.293 0.293001 0.000181112 20 314.479 0.0106085 0.282393 58.5741 24.5272 159.427 1375.26 1617.79
3.294 0.294001 0.000181731 20 314.622 0.0106353 0.283366 58.5223 24.5272 159.427 1375.3 1617.78
3.295 0.295001 0.000182351 20 314.765 0.0106621 0.284339 58.4705 24.5272 159.427 1375.34 1617.77
3.296 0.296001 0.00018297 20 314.908 0.0106889 0.285312 58.4188 24.5272 159.427 1375.39 1617.76
3.297 0.297001 0.000183589 20 315.052 0.0107156 0.286285 58.3672 24.5272 159.427 1375.43 1617.75
3.298 0.298001 0.000184208 20 315.196 0.0107422 0.287259 58.3156 24.5272 159.427 1375.47 1617.74
3.299 0.299001 0.000184828 20 315.341 0.0107688 0.288232 58.2641 24.5272 159.427 1375.51 1617.73
3.3 0.300001 0.000185447 20 315.486 0.0107954 0.289206 58.2127 24.5272 159.427 1375.55 1617.72
3.301 0.301001 0.000186066 20 315.632 0.0108219 0.290179 58.1614 24.5272 159.427 1375.6 1617.71
3.302 0.302001 0.000186685 20 315.778 0.0108483 0.291153 58.1101 24.5272 159.427 1375.64 1617.7
3.303 0.303001 0.000187304 20 315.924 0.0108747 0.292126 58.0589 24.5272 159.427 1375.68 1617.69
3.304 0.304001 0.000187924 20 316.071 0.010901 0.2931 58.0078 24.5272 159.427 1375.72 1617.68
3.305 0.305001 0.000188543 20 316.219 0.0109273 0.294074 57.9567 24.5272 159.427 1375.77 1617.68
3.306 0.306001 0.000189162 20 316.367 0.0109536 0.295048 57.9058 24.5272 159.427 1375.81 1617.67
3.307 0.307001 0.000189781 20 316.515 0.0109797 0.296021 57.8549 24.5272 159.427 1375.85 1617.66
3.308 0.308001 0.0001904 20 316.663 0.0110059 0.296995 57.804 24.5272 159.427 1375.89 1617.65
3.309 0.309001 0.000191019 20 316.813 0.011032 0.297969 57.7532 24.5272 159.427 1375.94 1617.65
3.31 0.310001 0.000191638 20 316.962 0.011058 0.298943 57.7026 24.5272 159.427 1375.98 1617.64
3.311 0.311001 0.000192257 20 317.112 0.011084 0.299917 57.6519 24.5272 159.427 1376.03 1617.63
3.312 0.312001 0.000192876 20 317.263 0.0111099 0.300891 57.6014 24.5272 159.427 1376.07 1617.62
3.313 0.313001 0.000193495 20 317.413 0.0111358 0.301865 57.5509 24.5272 159.427 1376.11 1617.62
3.314 0.314001 0.000194114 20 317.565 0.0111616 0.302839 57.5005 24.5272 159.427 1376.16 1617.61
3.315 0.315001 0.000194733 20 317.717 0.0111874 0.303814 57.4501 24.5272 159.427 1376.2 1617.61
3.316 0.316001 0.000195352 20 317.869 0.0112132 0.304788 57.3999 24.5272 159.427 1376.25 1617.6
3.317 0.317001 0.000195971 20 318.021 0.0112389 0.305762 57.3497 24.5272 159.427 1376.29 1617.59
3.318 0.318001 0.00019659 20 318.174 0.0112645 0.306737 57.2995 24.5272 159.427 1376.33 1617.59
3.319 0.319001 0.000197209 20 318.328 0.0112901 0.307711 57.2495 24.5272 159.427 1376.38 1617.58
3.32 0.320001 0.000197827 20 318.482 0.0113156 0.308685 57.1995 24.5272 159.427 1376.42 1617.58
3.321 0.321001 0.000198446 20 318.636 0.0113411 0.30966 57.1496 24.5272 159.427 1376.47 1617.57
3.322 0.322001 0.000199065 20 318.791 0.0113666 0.310634 57.0997 24.5272 159.427 1376.51 1617.57
3.323 0.323001 0.000199684 20 318.946 0.0113919 0.311609 57.0499 24.5272 159.427 1376.56 1617.56
3.324 0.324001 0.000200302 20 319.102 0.0114173 0.312584 57.0002 24.5272 159.427 1376.6 1617.56
3.325 0.325001 0.000200921 20 319.258 0.0114426 0.313558 56.9506 24.5272 159.427 1376.65 1617.55
3.326 0.326001 0.00020154 20 319.414 0.0114678 0.314533 56.901 24.5272 159.427 1376.7 1617.55
3.327 0.327001 0.000202159 20 319.571 0.011493 0.315508 56.8515 24.5272 159.427 1376.74 1617.55
3.328 0.328001 0.000202777 20 319.729 0.0115182 0.316483 56.8021 24.5272 159.427 1376.79 1617.54
3.329 0.329001 0.000203396 20 319.887 0.0115433 0.317458 56.7527 24.5272 159.427 1376.83 1617.54
3.33 0.330001 0.000204014 20 320.045 0.0115683 0.318433 56.7034 24.5272 159.427 1376.88 1617.54
3.331 0.331001 0.000204633 20 320.204 0.0115933 0.319408 56.6542 24.5272 159.427 1376.93 1617.53
3.332 0.332001 0.000205252 20 320.363 0.0116183 0.320383 56.605 24.5272 159.427 1376.97 1617.53
3.333 0.333001 0.00020587 20 320.522 0.0116432 0.321358 56.5559 24.5272 159.427 1377.02 1617.53
3.334 0.334001 0.000206489 20 320.682 0.011668 0.322333 56.5069 24.5272 159.427 1377.07 1617.53
3.335 0.335001 0.000207107 20 320.843 0.0116928 0.323308 56.4579 24.5272 159.427 1377.11 1617.53
3.336 0.336001 0.000207726 20 321.003 0.0117176 0.324283 56.4091 24.5272 159.427 1377.16 1617.52
3.337 0.337001 0.000208344 20 321.165 0.0117423 0.325259 56.3602 24.5272 159.427 1377.21 1617.52
3.338 0.338001 0.000208962 20 321.326 0.011767 0.326234 56.3115 24.5272 159.427 1377.25 1617.52
3.339 0.339001 0.000209581 20 321.489 0.0117916 0.327209 56.2628 24.5272 159.427 1377.3 1617.52
3.34 0.340001 0.000210199 20 321.651 0.0118162 0.328185 56.2142 24.5272 159.427 1377.35 1617.52
3.341 0.341001 0.000210818 20 321.814 0.0118407 0.32916 56.1657 24.5272 159.427 1377.4 1617.52
3.342 0.342001 0.000211436 20 321.978 0.0118652 0.330136 56.1172 24.5272 159.427 1377.45 1617.52
3.343 0.343001 0.000212054 20 322.141 0.0118896 0.331111 56.0688 24.5272 159.427 1377.49 1617.52
3.344 0.344001 0.000212672 20 322.306 0.011914 0.332087 56.0205 24.5272 159.427 1377.54 1617.52
3.345 0.345001 0.000213291 20 322.47 0.0119383 0.333063 55.9722 24.5272 159.427 1377.59 1617.52
3.346 0.346001 0.000213909 20 322.635 0.0119626 0.334038 55.924 24.5272 159.427 1377.64 1617.52
3.347 0.347001 0.000214527 20 322.801 0.0119869 0.335014 55.8758 24.5272 159.427 1377.69 1617.52
3.348 0.348001 0.000215145 20 322.967 0.0120111 0.33599 55.8278 24.5272 159.427 1377.74 1617.52
3.349 0.349001 0.000215763 20 323.133 0.0120352 0.336966 55.7798 24.5272 159.427 1377.78 1617.52
3.35 0.350001 0.000216381 20 323.3 0.0120593 0.337942 55.7318 24.5272 159.427 1377.83 1617.52
3.351 0.351001 0.000216999 20 323.467 0.0120834 0.338918 55.684 24.5272 159.427 1377.88 1617.52
3.352 0.352001 0.000217617 20 323.635 0.0121074 0.339894 55.6362 24.5272 159.427 1377.93 1617.52
3.353 0.353001 0.000218235 20 323.803 0.0121314 0.34087 55.5884 24.5272 159.427 1377.98 1617.52
3.354 0.354001 0.000218853 20 323.972 0.0121553 0.341846 55.5408 24.5272 159.427 1378.03 1617.53
3.355 0.355001 0.000219471 20 324.141 0.0121792 0.342822 55.4932 24.5272 159.427 1378.08 1617.53
3.356 0.356001 0.000220089 20 324.31 0.012203 0.343798 55.4456 24.5272 159.427 1378.13 1617.53
3.357 0.357001 0.000220707 20 324.48 0.0122268 0.344774 55.3982 24.5272 159.427 1378.18 1617.53
3.358 0.358001 0.000221325 20 324.65 0.0122505 0.345751 55.3508 24.5272 159.427 1378.23 1617.54
3.359 0.359001 0.000221943 20 324.821 0.0122742 0.346727 55.3034 24.5272 159.427 1378.28 1617.54
3.36 0.360001 0.000222561 20 324.992 0.0122978 0.347703 55.2562 24.5272 159.427 1378.33 1617.54
3.361 0.361001 0.000223178 20 325.163 0.0123214 0.34868 55.209 24.5272 159.427 1378.38 1617.54
3.362 0.362001 0.000223796 20 325.335 0.012345 0.349656 55.1618 24.5272 159.427 1378.43 1617.55
3.363 0.363001 0.000224414 20 325.508 0.0123685 0.350632 55.1148 24.5272 159.427 1378.48 1617.55
3.364 0.364001 0.000225031 20 325.68 0.012392 0.351609 55.0678 24.5272 159.427 1378.53 1617.56
3.365 0.365001 0.000225649 20 325.854 0.0124154 0.352586 55.0208 24.5272 159.427 1378.59 1617.56
3.366 0.366001 0.000226267 20 326.027 0.0124388 0.353562 54.974 24.5272 159.427 1378.64 1617.56
3.367 0.367001 0.000226884 20 326.201 0.0124621 0.354539 54.9271 24.5272 159.427 1378.69 1617.57
3.368 0.368001 0.000227502 20 326.376 0.0124854 0.355516 54.8804 24.5272 159.427 1378.74 1617.57
3.369 0.369001 0.000228119 20 326.551 0.0125086 0.356492 54.8337 24.5272 159.427 1378.79 1617.58
3.37 0.370001 0.000228737 20 326.726 0.0125318 0.357469 54.7871 24.5272 159.427 1378.84 1617.58
3.371 0.371001 0.000229354 20 326.902 0.012555 0.358446 54.7406 24.5272 159.427 1378.89 1617.59
3.372 0.372001 0.000229972 20 327.078 0.0125781 0.359423 54.6941 24.5272 159.427 1378.95 1617.59
3.373 0.373001 0.000230589 20 327.254 0.0126012 0.3604 54.6477 24.5272 159.427 1379 1617.6
3.374 0.374001 0.000231206 20 327.431 0.0126242 0.361377 54.6013 24.5272 159.427 1379.05 1617.61
3.375 0.375001 0.000231824 20 327.609 0.0126472 0.362354 54.555 24.5272 159.427 1379.1 1617.61
3.376 0.376001 0.000232441 20 327.786 0.0126701 0.363331 54.5088 24.5272 159.427 1379.16 1617.62
3.377 0.377001 0.000233058 20 327.965 0.012693 0.364308 54.4626 24.5272 159.427 1379.21 1617.63
3.378 0.378001 0.000233675 20 328.143 0.0127158 0.365285 54.4166 24.5272 159.427 1379.26 1617.63
3.379 0.379001 0.000234293 20 328.322 0.0127386 0.366262 54.3705 24.5272 159.427 1379.31 1617.64
3.38 0.380001 0.00023491 20 328.502 0.0127614 0.36724 54.3246 24.5272 159.427 1379.37 1617.65
3.381 0.381001 0.000235527 20 328.682 0.0127841 0.368217 54.2787 24.5272 159.427 1379.42 1617.65
3.382 0.382001 0.000236144 20 328.862 0.0128068 0.369194 54.2328 24.5272 159.427 1379.47 1617.66
3.383 0.383001 0.000236761 20 329.043 0.0128294 0.370172 54.187 24.5272 159.427 1379.53 1617.67
3.384 0.384001 0.000237378 20 329.224 0.012852 0.371149 54.1413 24.5272 159.427 1379.58 1617.68
3.385 0.385001 0.000237995 20 329.406 0.0128745 0.372126 54.0957 24.5272 159.427 1379.64 1617.69
3.386 0.386001 0.000238612 20 329.588 0.012897 0.373104 54.0501 24.5272 159.427 1379.69 1617.69
3.387 0.387001 0.000239229 20 329.77 0.0129195 0.374082 54.0046 24.5272 159.427 1379.74 1617.7
3.388 0.388001 0.000239846 20 329.953 0.0129419 0.375059 53.9591 24.5272 159.427 1379.8 1617.71
3.389 0.389001 0.000240463 20 330.136 0.0129642 0.376037 53.9137 24.5272 159.427 1379.85 1617.72
3.39 0.390001 0.000241079 20 330.32 0.0129866 0.377014 53.8684 24.5272 159.427 1379.91 1617.73
3.391 0.391001 0.000241696 20 330.504 0.0130088 0.377992 53.8231 24.5272 159.427 1379.96 1617.74
3.392 0.392001 0.000242313 20 330.688 0.0130311 0.37897 53.7779 24.5272 159.427 1380.02 1617.75
3.393 0.393001 0.000242929 20 330.873 0.0130533 0.379948 53.7328 24.5272 159.427 1380.07 1617.76
3.394 0.394001 0.000243546 20 331.058 0.0130754 0.380926 53.6877 24.5272 159.427 1380.13 1617.77
3.395 0.395001 0.000244163 20 331.244 0.0130975 0.381903 53.6427 24.5272 159.427 1380.18 1617.78
3.396 0.396001 0.000244779 20 331.43 0.0131196 0.382881 53.5977 24.5272 159.427 1380.24 1617.79
3.397 0.397001 0.000245396 20 331.617 0.0131416 0.383859 53.5529 24.5272 159.427 1380.29 1617.8
3.398 0.398001 0.000246012 20 331.804 0.0131636 0.384837 53.508 24.5272 159.427 1380.35 1617.81
3.399 0.399001 0.000246629 20 331.991 0.0131856 0.385815 53.4633 24.5272 159.427 1380.4 1617.82
3.4 0.400001 0.000247245 20 332.179 0.0132075 0.386794 53.4186 24.5272 159.427 1380.46 1617.83
3.401 0.401001 0.000247862 20 332.367 0.0132293 0.387772 53.3739 24.5272 159.427 1380.51 1617.84
3.402 0.402001 0.000248478 20 332.555 0.0132512 0.38875 53.3293 24.5272 159.427 1380.57 1617.85
3.403 0.403001 0.000249094 20 332.744 0.0132729 0.389728 53.2848 24.5272 159.427 1380.63 1617.87
3.404 0.404001 0.00024971 20 332.934 0.0132947 0.390706 53.2403 24.5272 159.427 1380.68 1617.88
3.405 0.405001 0.000250327 20 333.124 0.0133164 0.391685 53.196 24.5272 159.427 1380.74 1617.89
3.406 0.406001 0.000250943 20 333.314 0.013338 0.392663 53.1516 24.5272 159.427 1380.8 1617.9
3.407 0.407001 0.000251559 20 333.505 0.0133596 0.393641 53.1073 24.5272 159.427 1380.85 1617.92
3.408 0.408001 0.000252175 20 333.696 0.0133812 0.39462 53.0631 24.5272 159.427 1380.91 1617.93
3.409 0.409001 0.000252791 20 333.887 0.0134027 0.395598 53.019 24.5272 159.427 1380.97 1617.94
3.41 0.410001 0.000253407 20 334.079 0.0134242 0.396577 52.9749 24.5272 159.427 1381.02 1617.95
3.411 0.411001 0.000254023 20 334.271 0.0134457 0.397555 52.9309 24.5272 159.427 1381.08 1617.97
3.412 0.412001 0.000254639 20 334.464 0.0134671 0.398534 52.8869 24.5272 159.427 1381.14 1617.98
3.413 0.413001 0.000255255 20 334.657 0.0134884 0.399513 52.843 24.5272 159.427 1381.2 1617.99
3.414 0.414001 0.000255871 20 334.851 0.0135098 0.400491 52.7991 24.5272 159.427 1381.26 1618.01
3.415 0.415001 0.000256487 20 335.044 0.013531 0.40147 52.7553 24.5272 159.427 1381.31 1618.02
3.416 0.416001 0.000257102 20 335.239 0.0135523 0.402449 52.7116 24.5272 159.427 1381.37 1618.04
3.417 0.417001 0.000257718 20 335.433 0.0135735 0.403427 52.668 24.5272 159.427 1381.43 1618.05
3.418 0.418001 0.000258334 20 335.629 0.0135946 0.404406 52.6243 24.5272 159.427 1381.49 1618.07
3.419 0.419001 0.000258949 20 335.824 0.0136158 0.405385 52.5808 24.5272 159.427 1381.55 1618.08
3.42 0.420001 0.000259565 20 336.02 0.0136368 0.406364 52.5373 24.5272 159.427 1381.6 1618.1
3.421 0.421001 0.00026018 20 336.216 0.0136579 0.407343 52.4939 24.5272 159.427 1381.66 1618.11
3.422 0.422001 0.000260796 20 336.413 0.0136789 0.408322 52.4505 24.5272 159.427 1381.72 1618.13
3.423 0.423001 0.000261411 20 336.61 0.0136998 0.409301 52.4072 24.5272 159.427 1381.78 1618.14
3.424 0.424001 0.000262027 20 336.808 0.0137208 0.41028 52.364 24.5272 159.427 1381.84 1618.16
3.425 0.425001 0.000262642 20 337.006 0.0137416 0.411259 52.3208 24.5272 159.427 1381.9 1618.17
3.426 0.426001 0.000263258 20 337.204 0.0137625 0.412238 52.2777 24.5272 159.427 1381.96 1618.19
3.427 0.427001 0.000263873 20 337.403 0.0137833 0.413218 52.2346 24.5272 159.427 1382.02 1618.21
3.428 0.428001 0.000264488 20 337.602 0.0138041 0.414197 52.1916 24.5272 159.427 1382.08 1618.22
3.429 0.429001 0.000265103 20 337.802 0.0138248 0.415176 52.1486 24.5272 159.427 1382.14 1618.24
3.43 0.430001 0.000265719 20 338.002 0.0138455 0.416155 52.1057 24.5272 159.427 1382.2 1618.26
3.431 0.431001 0.000266334 20 338.202 0.0138661 0.417135 52.0629 24.5272 159.427 1382.26 1618.27
3.432 0.432001 0.000266949 20 338.403 0.0138867 0.418114 52.0201 24.5272 159.427 1382.32 1618.29
3.433 0.433001 0.000267564 20 338.604 0.0139073 0.419094 51.9774 24.5272 159.427 1382.38 1618.31
3.434 0.434001 0.000268179 20 338.806 0.0139278 0.420073 51.9347 24.5272 159.427 1382.44 1618.33
3.435 0.435001 0.000268794 20 339.008 0.0139483 0.421053 51.8921 24.5272 159.427 1382.5 1618.35
3.436 0.436001 0.000269409 20 339.21 0.0139687 0.422032 51.8496 24.5272 159.427 1382.56 1618.36
3.437 0.437001 0.000270023 20 339.413 0.0139891 0.423012 51.8071 24.5272 159.427 1382.62 1618.38
3.438 0.438001 0.000270638 20 339.616 0.0140095 0.423991 51.7647 24.5272 159.427 1382.68 1618.4
3.439 0.439001 0.000271253 20 339.82 0.0140298 0.424971 51.7223 24.5272 159.427 1382.74 1618.42
3.44 0.440001 0.000271868 20 340.024 0.0140501 0.425951 51.68 24.5272 159.427 1382.8 1618.44
3.441 0.441001 0.000272482 20 340.228 0.0140704 0.426931 51.6378 24.5272 159.427 1382.87 1618.46
3.442 0.442001 0.000273097 20 340.433 0.0140906 0.42791 51.5956 24.5272 159.427 1382.93 1618.48
3.443 0.443001 0.000273711 20 340.638 0.0141108 0.42889 51.5534 24.5272 159.427 1382.99 1618.5
3.444 0.444001 0.000274326 20 340.844 0.0141309 0.42987 51.5114 24.5272 159.427 1383.05 1618.52
3.445 0.445001 0.00027494 20 341.05 0.014151 0.43085 51.4693 24.5272 159.427 1383.11 1618.54
3.446 0.446001 0.000275555 20 341.256 0.0141711 0.43183 51.4274 24.5272 159.427 1383.17 1618.56
3.447 0.447001 0.000276169 20 341.463 0.0141911 0.43281 51.3855 24.5272 159.427 1383.24 1618.58
3.448 0.448001 0.000276784 20 341.67 0.0142111 0.43379 51.3436 24.5272 159.427 1383.3 1618.6
3.449 0.449001 0.000277398 20 341.878 0.014231 0.43477 51.3018 24.5272 159.427 1383.36 1618.62
3.45 0.450001 0.000278012 20 342.086 0.0142509 0.43575 51.2601 24.5272 159.427 1383.42 1618.64
3.451 0.451001 0.000278626 20 342.294 0.0142708 0.43673 51.2184 24.5272 159.427 1383.49 1618.66
3.452 0.452001 0.00027924 20 342.503 0.0142906 0.43771 51.1768 24.5272 159.427 1383.55 1618.68
3.453 0.453001 0.000279854 20 342.712 0.0143104 0.438691 51.1352 24.5272 159.427 1383.61 1618.7
3.454 0.454001 0.000280469 20 342.922 0.0143302 0.439671 51.0937 24.5272 159.427 1383.68 1618.72
3.455 0.455001 0.000281083 20 343.132 0.0143499 0.440651 51.0523 24.5272 159.427 1383.74 1618.75
3.456 0.456001 0.000281696 20 343.342 0.0143696 0.441631 51.0109 24.5272 159.427 1383.8 1618.77
3.457 0.457001 0.00028231 20 343.553 0.0143892 0.442612 50.9695 24.5272 159.427 1383.87 1618.79
3.458 0.458001 0.000282924 20 343.764 0.0144088 0.443592 50.9282 24.5272 159.427 1383.93 1618.81
3.459 0.459001 0.000283538 20 343.975 0.0144284 0.444573 50.887 24.5272 159.427 1383.99 1618.83
3.46 0.460001 0.000284152 20 344.187 0.0144479 0.445553 50.8458 24.5272 159.427 1384.06 1618.86
3.461 0.461001 0.000284765 20 344.4 0.0144674 0.446533 50.8047 24.5272 159.427 1384.12 1618.88
3.462 0.462001 0.000285379 20 344.612 0.0144869 0.447514 50.7637 24.5272 159.427 1384.19 1618.9
3.463 0.463001 0.000285993 20 344.826 0.0145063 0.448495 50.7227 24.5272 159.427 1384.25 1618.93
3.464 0.464001 0.000286606 20 345.039 0.0145257 0.449475 50.6817 24.5272 159.427 1384.31 1618.95
3.465 0.465001 0.00028722 20 345.253 0.014545 0.450456 50.6408 24.5272 159.427 1384.38 1618.97
3.466 0.466001 0.000287833 20 345.467 0.0145643 0.451437 50.6 24.5272 159.427 1384.44 1619
3.467 0.467001 0.000288446 20 345.682 0.0145836 0.452417 50.5592 24.5272 159.427 1384.51 1619.02
3.468 0.468001 0.00028906 20 345.897 0.0146029 0.453398 50.5185 24.5272 159.427 1384.57 1619.05
3.469 0.469001 0.000289673 20 346.112 0.0146221 0.454379 50.4778 24.5272 159.427 1384.64 1619.07
3.47 0.470001 0.000290286 20 346.328 0.0146412 0.45536 50.4372 24.5272 159.427 1384.7 1619.09
3.471 0.471001 0.000290899 20 346.545 0.0146603 0.456341 50.3966 24.5272 159.427 1384.77 1619.12
3.472 0.472001 0.000291513 20 346.761 0.0146794 0.457321 50.3561 24.5272 159.427 1384.83 1619.14
3.473 0.473001 0.000292126 20 346.978 0.0146985 0.458302 50.3156 24.5272 159.427 1384.9 1619.17
3.474 0.474001 0.000292739 20 347.196 0.0147175 0.459283 50.2752 24.5272 159.427 1384.97 1619.2
3.475 0.475001 0.000293352 20 347.414 0.0147365 0.460264 50.2349 24.5272 159.427 1385.03 1619.22
3.476 0.476001 0.000293964 20 347.632 0.0147554 0.461245 50.1946 24.5272 159.427 1385.1 1619.25
3.477 0.477001 0.000294577 20 347.85 0.0147743 0.462227 50.1544 24.5272 159.427 1385.16 1619.27
3.478 0.478001 0.00029519 20 348.069 0.0147932 0.463208 50.1142 24.5272 159.427 1385.23 1619.3
3.479 0.479001 0.000295803 20 348.289 0.014812 0.464189 50.074 24.5272 159.427 1385.3 1619.32
3.48 0.480001 0.000296416 20 348.509 0.0148308 0.46517 50.034 24.5272 159.427 1385.36 1619.35
3.481 0.481001 0.000297028 20 348.729 0.0148496 0.466151 49.9939 24.5272 159.427 1385.43 1619.38
3.482 0.482001 0.000297641 20 348.949 0.0148683 0.467133 49.954 24.5272 159.427 1385.5 1619.4
3.483 0.483001 0.000298253 20 349.17 0.014887 0.468114 49.914 24.5272 159.427 1385.56 1619.43
3.484 0.484001 0.000298866 20 349.391 0.0149057 0.469095 49.8742 24.5272 159.427 1385.63 1619.46
3.485 0.485001 0.000299478 20 349.613 0.0149243 0.470077 49.8344 24.5272 159.427 1385.7 1619.49
3.486 0.486001 0.000300091 20 349.835 0.0149429 0.471058 49.7946 24.5272 159.427 1385.77 1619.51
3.487 0.487001 0.000300703 20 350.058 0.0149614 0.472039 49.7549 24.5272 159.427 1385.83 1619.54
3.488 0.488001 0.000301315 20 350.281 0.01498 0.473021 49.7153 24.5272 159.427 1385.9 1619.57
3.489 0.489001 0.000301927 20 350.504 0.0149984 0.474002 49.6757 24.5272 159.427 1385.97 1619.6
3.49 0.490001 0.000302539 20 350.727 0.0150169 0.474984 49.6361 24.5272 159.427 1386.04 1619.63
3.491 0.491001 0.000303152 20 350.952 0.0150353 0.475966 49.5966 24.5272 159.427 1386.1 1619.65
3.492 0.492001 0.000303764 20 351.176 0.0150537 0.476947 49.5572 24.5272 159.427 1386.17 1619.68
3.493 0.493001 0.000304376 20 351.401 0.015072 0.477929 49.5178 24.5272 159.427 1386.24 1619.71
3.494 0.494001 0.000304987 20 351.626 0.0150903 0.478911 49.4785 24.5272 159.427 1386.31 1619.74
3.495 0.495001 0.000305599 20 351.851 0.0151086 0.479892 49.4392 24.5272 159.427 1386.38 1619.77
3.496 0.496001 0.000306211 20 352.077 0.0151268 0.480874 49.4 24.5272 159.427 1386.45 1619.8
3.497 0.497001 0.000306823 20 352.304 0.015145 0.481856 49.3608 24.5272 159.427 1386.52 1619.83
3.498 0.498001 0.000307435 20 352.53 0.0151632 0.482838 49.3217 24.5272 159.427 1386.58 1619.86
3.499 0.499001 0.000308046 20 352.758 0.0151813 0.48382 49.2826 24.5272 159.427 1386.65 1619.89
3.5 0.500001 0.000308658 20 352.985 0.0151994 0.484801 49.2436 24.5272 159.427 1386.72 1619.92
3.501 0.501001 0.000309269 20 353.213 0.0152175 0.485783 49.2046 24.5272 159.427 1386.79 1619.95
3.502 0.502001 0.000309881 20 353.441 0.0152355 0.486765 49.1657 24.5272 159.427 1386.86 1619.98
3.503 0.503001 0.000310492 20 353.67 0.0152535 0.487747 49.1268 24.5272 159.427 1386.93 1620.01
3.504 0.504001 0.000311104 20 353.899 0.0152714 0.488729 49.088 24.5272 159.427 1387 1620.04
3.505 0.505001 0.000311715 20 354.128 0.0152894 0.489712 49.0492 24.5272 159.427 1387.07 1620.07
3.506 0.506001 0.000312326 20 354.358 0.0153073 0.490694 49.0105 24.5272 159.427 1387.14 1620.1
3.507 0.507001 0.000312937 20 354.588 0.0153251 0.491676 48.9719 24.5272 159.427 1387.21 1620.14
3.508 0.508001 0.000313548 20 354.819 0.0153429 0.492658 48.9332 24.5272 159.427 1387.28 1620.17
3.509 0.509001 0.000314159 20 355.049 0.0153607 0.49364 48.8947 24.5272 159.427 1387.35 1620.2
3.51 0.510001 0.00031477 20 355.281 0.0153785 0.494622 48.8562 24.5272 159.427 1387.42 1620.23
3.511 0.511001 0.000315381 20 355.512 0.0153962 0.495605 48.8177 24.5272 159.427 1387.49 1620.26
3.512 0.512001 0.000315992 20 355.744 0.0154139 0.496587 48.7793 24.5272 159.427 1387.56 1620.3
3.513 0.513001 0.000316603 20 355.977 0.0154315 0.497569 48.741 24.5272 159.427 1387.63 1620.33
3.514 0.514001 0.000317214 20 356.21 0.0154491 0.498552 48.7026 24.5272 159.427 1387.7 1620.36
3.515 0.515001 0.000317824 20 356.443 0.0154667 0.499534 48.6644 24.5272 159.427 1387.78 1620.39
3.516 0.516001 0.000318435 20 356.676 0.0154843 0.500517 48.6262 24.5272 159.427 1387.85 1620.43
3.517 0.517001 0.000319046 20 356.91 0.0155018 0.501499 48.588 24.5272 159.427 1387.92 1620.46
3.518 0.518001 0.000319656 20 357.145 0.0155193 0.502482 48.5499 24.5272 159.427 1387.99 1620.49
3.519 0.519001 0.000320267 20 357.379 0.0155367 0.503464 48.5119 24.5272 159.427 1388.06 1620.53
3.52 0.520001 0.000320877 20 357.614 0.0155541 0.504447 48.4739 24.5272 159.427 1388.13 1620.56
3.521 0.521001 0.000321487 20 357.85 0.0155715 0.505429 48.4359 24.5272 159.427 1388.21 1620.6
3.522 0.522001 0.000322098 20 358.086 0.0155889 0.506412 48.398 24.5272 159.427 1388.28 1620.63
3.523 0.523001 0.000322708 20 358.322 0.0156062 0.507395 48.3601 24.5272 159.427 1388.35 1620.66
3.524 0.524001 0.000323318 20 358.558 0.0156235 0.508377 48.3223 24.5272 159.427 1388.42 1620.7
3.525 0.525001 0.000323928 20 358.795 0.0156407 0.50936 48.2846 24.5272 159.427 1388.49 1620.73
3.526 0.526001 0.000324538 20 359.033 0.0156579 0.510343 48.2469 24.5272 159.427 1388.57 1620.77
3.527 0.527001 0.000325148 20 359.27 0.0156751 0.511326 48.2092 24.5272 159.427 1388.64 1620.8
3.528 0.528001 0.000325758 20 359.508 0.0156923 0.512309 48.1716 24.5272 159.427 1388.71 1620.84
3.529 0.529001 0.000326368 20 359.747 0.0157094 0.513291 48.1341 24.5272 159.427 1388.79 1620.87
3.53 0.530001 0.000326977 20 359.986 0.0157265 0.514274 48.0965 24.5272 159.427 1388.86 1620.91
3.531 0.531001 0.000327587 20 360.225 0.0157435 0.515257 48.0591 24.5272 159.427 1388.93 1620.95
3.532 0.532001 0.000328197 20 360.465 0.0157606 0.51624 48.0217 24.5272 159.427 1389.01 1620.98
3.533 0.533001 0.000328806 20 360.704 0.0157775 0.517223 47.9843 24.5272 159.427 1389.08 1621.02
3.534 0.534001 0.000329416 20 360.945 0.0157945 0.518206 47.947 24.5272 159.427 1389.15 1621.05
3.535 0.535001 0.000330025 20 361.185 0.0158114 0.519189 47.9097 24.5272 159.427 1389.23 1621.09
3.536 0.536001 0.000330635 20 361.426 0.0158283 0.520173 47.8725 24.5272 159.427 1389.3 1621.13
3.537 0.537001 0.000331244 20 361.668 0.0158452 0.521156 47.8353 24.5272 159.427 1389.37 1621.16
3.538 0.538001 0.000331853 20 361.91 0.015862 0.522139 47.7982 24.5272 159.427 1389.45 1621.2
3.539 0.539001 0.000332463 20 362.152 0.0158788 0.523122 47.7611 24.5272 159.427 1389.52 1621.24
3.54 0.540001 0.000333072 20 362.394 0.0158956 0.524105 47.7241 24.5272 159.427 1389.6 1621.27
3.541 0.541001 0.000333681 20 362.637 0.0159123 0.525089 47.6871 24.5272 159.427 1389.67 1621.31
3.542 0.542001 0.00033429 20 362.881 0.015929 0.526072 47.6502 24.5272 159.427 1389.75 1621.35
3.543 0.543001 0.000334899 20 363.124 0.0159456 0.527055 47.6133 24.5272 159.427 1389.82 1621.39
3.544 0.544001 0.000335508 20 363.368 0.0159623 0.528039 47.5765 24.5272 159.427 1389.9 1621.43
3.545 0.545001 0.000336116 20 363.613 0.0159789 0.529022 47.5397 24.5272 159.427 1389.97 1621.46
3.546 0.546001 0.000336725 20 363.857 0.0159954 0.530005 47.503 24.5272 159.427 1390.05 1621.5
3.547 0.547001 0.000337334 20 364.103 0.016012 0.530989 47.4663 24.5272 159.427 1390.12 1621.54
3.548 0.548001 0.000337943 20 364.348 0.0160285 0.531972 47.4296 24.5272 159.427 1390.2 1621.58
3.549 0.549001 0.000338551 20 364.594 0.016045 0.532956 47.393 24.5272 159.427 1390.27 1621.62
3.55 0.550001 0.00033916 20 364.84 0.0160614 0.533939 47.3565 24.5272 159.427 1390.35 1621.66
3.551 0.551001 0.000339768 20 365.087 0.0160778 0.534923 47.32 24.5272 159.427 1390.42 1621.7
3.552 0.552001 0.000340376 20 365.334 0.0160942 0.535907 47.2835 24.5272 159.427 1390.5 1621.74
3.553 0.553001 0.000340985 20 365.581 0.0161105 0.53689 47.2471 24.5272 159.427 1390.58 1621.78
3.554 0.554001 0.000341593 20 365.829 0.0161269 0.537874 47.2107 24.5272 159.427 1390.65 1621.82
3.555 0.555001 0.000342201 20 366.077 0.0161431 0.538858 47.1744 24.5272 159.427 1390.73 1621.86
3.556 0.556001 0.000342809 20 366.325 0.0161594 0.539841 47.1382 24.5272 159.427 1390.8 1621.9
3.557 0.557001 0.000343417 20 366.574 0.0161756 0.540825 47.1019 24.5272 159.427 1390.88 1621.94
3.558 0.558001 0.000344025 20 366.823 0.0161918 0.541809 47.0658 24.5272 159.427 1390.96 1621.98
3.559 0.559001 0.000344633 20 367.073 0.016208 0.542793 47.0296 24.5272 159.427 1391.03 1622.02
3.56 0.560001 0.000345241 20 367.323 0.0162241 0.543777 46.9935 24.5272 159.427 1391.11 1622.06
3.561 0.561001 0.000345849 20 367.573 0.0162402 0.544761 46.9575 24.5272 159.427 1391.19 1622.1
3.562 0.562001 0.000346456 20 367.824 0.0162563 0.545745 46.9215 24.5272 159.427 1391.27 1622.14
3.563 0.563001 0.000347064 20 368.075 0.0162723 0.546729 46.8856 24.5272 159.427 1391.34 1622.18
3.564 0.564001 0.000347671 20 368.326 0.0162883 0.547713 46.8497 24.5272 159.427 1391.42 1622.22
3.565 0.565001 0.000348279 20 368.578 0.0163043 0.548697 46.8138 24.5272 159.427 1391.5 1622.27
3.566 0.566001 0.000348886 20 368.83 0.0163202 0.549681 46.778 24.5272 159.427 1391.58 1622.31
3.567 0.567001 0.000349494 20 369.082 0.0163361 0.550665 46.7422 24.5272 159.427 1391.65 1622.35
3.568 0.568001 0.000350101 20 369.335 0.016352 0.551649 46.7065 24.5272 159.427 1391.73 1622.39
3.569 0.569001 0.000350708 20 369.588 0.0163678 0.552633 46.6709 24.5272 159.427 1391.81 1622.43
3.57 0.570001 0.000351315 20 369.842 0.0163837 0.553617 46.6352 24.5272 159.427 1391.89 1622.48
3.571 0.571001 0.000351922 20 370.096 0.0163995 0.554601 46.5996 24.5272 159.427 1391.97 1622.52
3.572 0.572001 0.000352529 20 370.35 0.0164152 0.555586 46.5641 24.5272 159.427 1392.04 1622.56
3.573 0.573001 0.000353136 20 370.605 0.0164309 0.55657 46.5286 24.5272 159.427 1392.12 1622.61
3.574 0.574001 0.000353743 20 370.859 0.0164466 0.557554 46.4932 24.5272 159.427 1392.2 1622.65
3.575 0.575001 0.00035435 20 371.115 0.0164623 0.558539 46.4578 24.5272 159.427 1392.28 1622.69
3.576 0.576001 0.000354957 20 371.371 0.0164779 0.559523 46.4224 24.5272 159.427 1392.36 1622.74
3.577 0.577001 0.000355563 20 371.627 0.0164936 0.560507 46.3871 24.5272 159.427 1392.44 1622.78
3.578 0.578001 0.00035617 20 371.883 0.0165091 0.561492 46.3518 24.5272 159.427 1392.52 1622.82
3.579 0.579001 0.000356776 20 372.14 0.0165247 0.562476 46.3166 24.5272 159.427 1392.6 1622.87
3.58 0.580001 0.000357383 20 372.397 0.0165402 0.563461 46.2815 24.5272 159.427 1392.68 1622.91
3.581 0.581001 0.000357989 20 372.654 0.0165557 0.564445 46.2463 24.5272 159.427 1392.76 1622.96
3.582 0.582001 0.000358596 20 372.912 0.0165711 0.56543 46.2112 24.5272 159.427 1392.84 1623
3.583 0.583001 0.000359202 20 373.17 0.0165866 0.566414 46.1762 24.5272 159.427 1392.92 1623.05
3.584 0.584001 0.000359808 20 373.429 0.016602 0.567399 46.1412 24.5272 159.427 1393 1623.09
3.585 0.585001 0.000360414 20 373.688 0.0166173 0.568383 46.1062 24.5272 159.427 1393.08 1623.14
3.586 0.586001 0.00036102 20 373.947 0.0166327 0.569368 46.0713 24.5272 159.427 1393.16 1623.18
3.587 0.587001 0.000361626 20 374.207 0.016648 0.570353 46.0365 24.5272 159.427 1393.24 1623.23
3.588 0.588001 0.000362232 20 374.467 0.0166633 0.571338 46.0016 24.5272 159.427 1393.32 1623.27
3.589 0.589001 0.000362838 20 374.727 0.0166785 0.572322 45.9669 24.5272 159.427 1393.4 1623.32
3.59 0.590001 0.000363443 20 374.988 0.0166937 0.573307 45.9321 24.5272 159.427 1393.48 1623.36
3.591 0.591001 0.000364049 20 375.249 0.0167089 0.574292 45.8974 24.5272 159.427 1393.56 1623.41
3.592 0.592001 0.000364655 20 375.51 0.0167241 0.575277 45.8628 24.5272 159.427 1393.64 1623.46
3.593 0.593001 0.00036526 20 375.772 0.0167392 0.576262 45.8282 24.5272 159.427 1393.72 1623.5
3.594 0.594001 0.000365866 20 376.034 0.0167543 0.577246 45.7936 24.5272 159.427 1393.8 1623.55
3.595 0.595001 0.000366471 20 376.297 0.0167694 0.578231 45.7591 24.5272 159.427 1393.88 1623.6
3.596 0.596001 0.000367076 20 376.56 0.0167844 0.579216 45.7246 24.5272 159.427 1393.96 1623.64
3.597 0.597001 0.000367681 20 376.823 0.0167994 0.580201 45.6902 24.5272 159.427 1394.05 1623.69
3.598 0.598001 0.000368287 20 377.087 0.0168144 0.581186 45.6558 24.5272 159.427 1394.13 1623.74
3.599 0.599001 0.000368892 20 377.35 0.0168294 0.582171 45.6215 24.5272 159.427 1394.21 1623.79
3.6 0.600001 0.000369497 20 377.615 0.0168443 0.583156 45.5872 24.5272 159.427 1394.29 1623.83
3.601 0.601001 0.000370102 20 377.879 0.0168592 0.584142 45.5529 24.5272 159.427 1394.37 1623.88
3.602 0.602001 0.000370706 20 378.144 0.0168741 0.585127 45.5187 24.5272 159.427 1394.46 1623.93
3.603 0.603001 0.000371311 20 378.41 0.0168889 0.586112 45.4845 24.5272 159.427 1394.54 1623.98
3.604 0.604001 0.000371916 20 378.675 0.0169037 0.587097 45.4504 24.5272 159.427 1394.62 1624.03
3.605 0.605001 0.000372521 20 378.941 0.0169185 0.588082 45.4163 24.5272 159.427 1394.7 1624.07
3.606 0.606001 0.000373125 20 379.208 0.0169333 0.589068 45.3822 24.5272 159.427 1394.79 1624.12
3.607 0.607001 0.00037373 20 379.474 0.016948 0.590053 45.3482 24.5272 159.427 1394.87 1624.17
3.608 0.608001 0.000374334 20 379.741 0.0169627 0.591038 45.3143 24.5272 159.427 1394.95 1624.22
3.609 0.609001 0.000374938 20 380.009 0.0169773 0.592023 45.2803 24.5272 159.427 1395.03 1624.27
3.61 0.610001 0.000375543 20 380.277 0.016992 0.593009 45.2465 24.5272 159.427 1395.12 1624.32
3.611 0.611001 0.000376147 20 380.545 0.0170066 0.593994 45.2126 24.5272 159.427 1395.2 1624.37
3.612 0.612001 0.000376751 20 380.813 0.0170212 0.59498 45.1788 24.5272 159.427 1395.28 1624.42
3.613 0.613001 0.000377355 20 381.082 0.0170357 0.595965 45.1451 24.5272 159.427 1395.37 1624.47
3.614 0.614001 0.000377959 20 381.351 0.0170502 0.596951 45.1114 24.5272 159.427 1395.45 1624.52
3.615 0.615001 0.000378563 20 381.621 0.0170647 0.597936 45.0777 24.5272 159.427 1395.54 1624.57
3.616 0.616001 0.000379167 20 381.891 0.0170792 0.598922 45.0441 24.5272 159.427 1395.62 1624.62
3.617 0.617001 0.00037977 20 382.161 0.0170936 0.599907 45.0105 24.5272 159.427 1395.7 1624.67
3.618 0.618001 0.000380374 20 382.431 0.0171081 0.600893 44.977 24.5272 159.427 1395.79 1624.72
3.619 0.619001 0.000380977 20 382.702 0.0171224 0.601878 44.9434 24.5272 159.427 1395.87 1624.77
3.62 0.620001 0.000381581 20 382.974 0.0171368 0.602864 44.91 24.5272 159.427 1395.96 1624.82
3.621 0.621001 0.000382184 20 383.245 0.0171511 0.60385 44.8766 24.5272 159.427 1396.04 1624.87
3.622 0.622001 0.000382788 20 383.517 0.0171654 0.604835 44.8432 24.5272 159.427 1396.13 1624.92
3.623 0.623001 0.000383391 20 383.789 0.0171797 0.605821 44.8099 24.5272 159.427 1396.21 1624.97
3.624 0.624001 0.000383994 20 384.062 0.0171939 0.606807 44.7766 24.5272 159.427 1396.3 1625.03
3.625 0.625001 0.000384597 20 384.335 0.0172082 0.607793 44.7433 24.5272 159.427 1396.38 1625.08
3.626 0.626001 0.0003852 20 384.608 0.0172223 0.608778 44.7101 24.5272 159.427 1396.47 1625.13
3.627 0.627001 0.000385803 20 384.882 0.0172365 0.609764 44.6769 24.5272 159.427 1396.55 1625.18
3.628 0.628001 0.000386406 20 385.156 0.0172506 0.61075 44.6438 24.5272 159.427 1396.64 1625.23
3.629 0.629001 0.000387009 20 385.431 0.0172647 0.611736 44.6107 24.5272 159.427 1396.72 1625.29
3.63 0.630001 0.000387612 20 385.705 0.0172788 0.612722 44.5776 24.5272 159.427 1396.81 1625.34
3.631 0.631001 0.000388214 20 385.98 0.0172929 0.613708 44.5446 24.5272 159.427 1396.89 1625.39
3.632 0.632001 0.000388817 20 386.256 0.0173069 0.614694 44.5116 24.5272 159.427 1396.98 1625.45
3.633 0.633001 0.00038942 20 386.531 0.0173209 0.61568 44.4787 24.5272 159.427 1397.07 1625.5
3.634 0.634001 0.000390022 20 386.808 0.0173348 0.616666 44.4458 24.5272 159.427 1397.15 1625.55
3.635 0.635001 0.000390624 20 387.084 0.0173488 0.617652 44.413 24.5272 159.427 1397.24 1625.61
3.636 0.636001 0.000391227 20 387.361 0.0173627 0.618638 44.3802 24.5272 159.427 1397.32 1625.66
3.637 0.637001 0.000391829 20 387.638 0.0173766 0.619624 44.3474 24.5272 159.427 1397.41 1625.71
3.638 0.638001 0.000392431 20 387.915 0.0173904 0.62061 44.3147 24.5272 159.427 1397.5 1625.77
3.639 0.639001 0.000393033 20 388.193 0.0174043 0.621597 44.282 24.5272 159.427 1397.58 1625.82
3.64 0.640001 0.000393635 20 388.471 0.0174181 0.622583 44.2493 24.5272 159.427 1397.67 1625.87
3.641 0.641001 0.000394237 20 388.75 0.0174318 0.623569 44.2167 24.5272 159.427 1397.76 1625.93
3.642 0.642001 0.000394838 20 389.029 0.0174456 0.624555 44.1841 24.5272 159.427 1397.85 1625.98
3.643 0.643001 0.00039544 20 389.308 0.0174593 0.625541 44.1516 24.5272 159.427 1397.93 1626.04
3.644 0.644001 0.000396042 20 389.587 0.017473 0.626528 44.1191 24.5272 159.427 1398.02 1626.09
3.645 0.645001 0.000396643 20 389.867 0.0174867 0.627514 44.0866 24.5272 159.427 1398.11 1626.15
3.646 0.646001 0.000397245 20 390.147 0.0175003 0.6285 44.0542 24.5272 159.427 1398.19 1626.2
3.647 0.647001 0.000397846 20 390.428 0.0175139 0.629487 44.0219 24.5272 159.427 1398.28 1626.26
3.648 0.648001 0.000398447 20 390.709 0.0175275 0.630473 43.9895 24.5272 159.427 1398.37 1626.31
3.649 0.649001 0.000399049 20 390.99 0.0175411 0.63146 43.9572 24.5272 159.427 1398.46 1626.37
3.65 0.650001 0.00039965 20 391.272 0.0175546 0.632446 43.925 24.5272 159.427 1398.55 1626.43
3.651 0.651001 0.000400251 20 391.553 0.0175681 0.633433 43.8927 24.5272 159.427 1398.63 1626.48
3.652 0.652001 0.000400852 20 391.836 0.0175816 0.634419 43.8606 24.5272 159.427 1398.72 1626.54
3.653 0.653001 0.000401453 20 392.118 0.017595 0.635406 43.8284 24.5272 159.427 1398.81 1626.59
3.654 0.654001 0.000402054 20 392.401 0.0176085 0.636392 43.7963 24.5272 159.427 1398.9 1626.65
3.655 0.655001 0.000402654 20 392.684 0.0176219 0.637379 43.7643 24.5272 159.427 1398.99 1626.71
3.656 0.656001 0.000403255 20 392.968 0.0176352 0.638366 43.7322 24.5272 159.427 1399.08 1626.76
3.657 0.657001 0.000403856 20 393.252 0.0176486 0.639352 43.7002 24.5272 159.427 1399.17 1626.82
3.658 0.658001 0.000404456 20 393.536 0.0176619 0.640339 43.6683 24.5272 159.427 1399.26 1626.88
3.659 0.659001 0.000405057 20 393.821 0.0176752 0.641326 43.6364 24.5272 159.427 1399.34 1626.94
3.66 0.660001 0.000405657 20 394.106 0.0176885 0.642312 43.6045 24.5272 159.427 1399.43 1626.99
3.661 0.661001 0.000406257 20 394.391 0.0177017 0.643299 43.5727 24.5272 159.427 1399.52 1627.05
3.662 0.662001 0.000406857 20 394.676 0.0177149 0.644286 43.5409 24.5272 159.427 1399.61 1627.11
3.663 0.663001 0.000407457 20 394.962 0.0177281 0.645273 43.5091 24.5272 159.427 1399.7 1627.17
3.664 0.664001 0.000408057 20 395.249 0.0177413 0.646259 43.4774 24.5273 159.427 1399.79 1627.22
3.665 0.665001 0.000408657 20 395.535 0.0177544 0.647246 43.4457 24.5273 159.427 1399.88 1627.28
3.666 0.666001 0.000409257 20 395.822 0.0177675 0.648233 43.4141 24.5273 159.427 1399.97 1627.34
3.667 0.667001 0.000409857 20 396.109 0.0177806 0.64922 43.3825 24.5273 159.427 1400.06 1627.4
3.668 0.668001 0.000410457 20 396.397 0.0177937 0.650207 43.3509 24.5273 159.427 1400.15 1627.46
3.669 0.669001 0.000411056 20 396.685 0.0178067 0.651194 43.3194 24.5273 159.427 1400.24 1627.52
3.67 0.670001 0.000411656 20 396.973 0.0178197 0.652181 43.2879 24.5273 159.427 1400.33 1627.58
3.671 0.671001 0.000412255 20 397.262 0.0178327 0.653168 43.2564 24.5273 159.427 1400.42 1627.63
3.672 0.672001 0.000412854 20 397.551 0.0178456 0.654155 43.225 24.5273 159.427 1400.51 1627.69
3.673 0.673001 0.000413454 20 397.84 0.0178586 0.655142 43.1936 24.5273 159.427 1400.61 1627.75
3.674 0.674001 0.000414053 20 398.129 0.0178715 0.656129 43.1623 24.5273 159.427 1400.7 1627.81
3.675 0.675001 0.000414652 20 398.419 0.0178844 0.657116 43.131 24.5273 159.427 1400.79 1627.87
3.676 0.676001 0.000415251 20 398.71 0.0178972 0.658104 43.0997 24.5273 159.427 1400.88 1627.93
3.677 0.677001 0.00041585 20 399 0.01791 0.659091 43.0685 24.5273 159.427 1400.97 1627.99
3.678 0.678001 0.000416449 20 399.291 0.0179228 0.660078 43.0373 24.5273 159.427 1401.06 1628.05
3.679 0.679001 0.000417048 20 399.582 0.0179356 0.661065 43.0062 24.5273 159.427 1401.15 1628.11
3.68 0.680001 0.000417646 20 399.874 0.0179484 0.662052 42.975 24.5273 159.427 1401.24 1628.17
3.681 0.681001 0.000418245 20 400.166 0.0179611 0.66304 42.944 24.5273 159.427 1401.34 1628.23
3.682 0.682001 0.000418843 20 400.458 0.0179738 0.664027 42.9129 24.5273 159.427 1401.43 1628.3
3.683 0.683001 0.000419442 20 400.75 0.0179865 0.665014 42.8819 24.5273 159.427 1401.52 1628.36
3.684 0.684001 0.00042004 20 401.043 0.0179991 0.666002 42.8509 24.5273 159.427 1401.61 1628.42
3.685 0.685001 0.000420638 20 401.337 0.0180117 0.666989 42.82 24.5273 159.427 1401.71 1628.48
3.686 0.686001 0.000421236 20 401.63 0.0180243 0.667976 42.7891 24.5273 159.427 1401.8 1628.54
3.687 0.687001 0.000421835 20 401.924 0.0180369 0.668964 42.7582 24.5273 159.427 1401.89 1628.6
3.688 0.688001 0.000422433 20 402.218 0.0180494 0.669951 42.7274 24.5273 159.427 1401.98 1628.66
3.689 0.689001 0.00042303 20 402.513 0.018062 0.670939 42.6966 24.5273 159.427 1402.08 1628.73
3.69 0.690001 0.000423628 19.9999 402.807 0.0180745 0.671926 42.6659 24.5273 159.427 1402.17 1628.79
3.691 0.691001 0.000424226 19.9999 403.103 0.0180869 0.672914 42.6351 24.5273 159.427 1402.26 1628.85
3.692 0.692001 0.000424824 19.9999 403.398 0.0180994 0.673901 42.6045 24.5273 159.427 1402.35 1628.91
3.693 0.693001 0.000425421 19.9999 403.694 0.0181118 0.674889 42.5738 24.5273 159.427 1402.45 1628.98
3.694 0.694001 0.000426019 19.9999 403.99 0.0181242 0.675877 42.5432 24.5273 159.427 1402.54 1629.04
3.695 0.695001 0.000426616 19.9999 404.287 0.0181366 0.676864 42.5126 24.5273 159.427 1402.63 1629.1
3.696 0.696001 0.000427213 19.9999 404.583 0.0181489 0.677852 42.4821 24.5273 159.427 1402.73 1629.16
3.697 0.697001 0.000427811 19.9999 404.881 0.0181612 0.678839 42.4516 24.5273 159.427 1402.82 1629.23
3.698 0.698001 0.000428408 19.9999 405.178 0.0181735 0.679827 42.4211 24.5273 159.427 1402.92 1629.29
3.699 0.699001 0.000429005 19.9999 405.476 0.0181858 0.680815 42.3907 24.5273 159.427 1403.01 1629.35
3.7 0.700001 0.000429602 19.9999 405.774 0.0181981 0.681803 42.3603 24.5273 159.427 1403.1 1629.42
3.701 0.701001 0.000430199 19.9999 406.072 0.0182103 0.68279 42.3299 24.5273 159.427 1403.2 1629.48
3.702 0.702001 0.000430795 19.9999 406.371 0.0182225 0.683778 42.2996 24.5273 159.427 1403.29 1629.55
3.703 0.703001 0.000431392 19.9999 406.67 0.0182347 0.684766 42.2693 24.5273 159.427 1403.39 1629.61
3.704 0.704001 0.000431989 19.9999 406.969 0.0182468 0.685754 42.2391 24.5273 159.427 1403.48 1629.67
3.705 0.705001 0.000432585 19.9999 407.269 0.0182589 0.686742 42.2089 24.5273 159.427 1403.58 1629.74
3.706 0.706001 0.000433182 19.9999 407.569 0.018271 0.68773 42.1787 24.5273 159.427 1403.67 1629.8
3.707 0.707001 0.000433778 19.9999 407.869 0.0182831 0.688718 42.1485 24.5273 159.427 1403.76 1629.87
3.708 0.708001 0.000434374 19.9999 408.17 0.0182952 0.689706 42.1184 24.5273 159.427 1403.86 1629.93
3.709 0.709001 0.00043497 19.9999 408.471 0.0183072 0.690694 42.0883 24.5273 159.427 1403.95 1630
3.71 0.710001 0.000435567 19.9999 408.772 0.0183192 0.691682 42.0583 24.5273 159.427 1404.05 1630.06
3.711 0.711001 0.000436163 19.9999 409.074 0.0183312 0.69267 42.0283 24.5273 159.427 1404.15 1630.13
3.712 0.712001 0.000436758 19.9999 409.376 0.0183431 0.693658 41.9983 24.5273 159.427 1404.24 1630.19
3.713 0.713001 0.000437354 19.9999 409.678 0.018355 0.694646 41.9684 24.5273 159.427 1404.34 1630.26
3.714 0.714001 0.00043795 19.9999 409.981 0.018367 0.695634 41.9385 24.5273 159.427 1404.43 1630.32
3.715 0.715001 0.000438546 19.9999 410.284 0.0183788 0.696622 41.9086 24.5273 159.427 1404.53 1630.39
3.716 0.716001 0.000439141 19.9999 410.587 0.0183907 0.69761 41.8788 24.5274 159.427 1404.62 1630.46
3.717 0.717001 0.000439737 19.9999 410.891 0.0184025 0.698598 41.849 24.5274 159.427 1404.72 1630.52
3.718 0.718001 0.000440332 19.9999 411.194 0.0184143 0.699586 41.8192 24.5274 159.427 1404.82 1630.59
3.719 0.719001 0.000440927 19.9999 411.499 0.0184261 0.700575 41.7895 24.5274 159.427 1404.91 1630.66
3.72 0.720001 0.000441522 19.9999 411.803 0.0184379 0.701563 41.7598 24.5274 159.427 1405.01 1630.72
3.721 0.721001 0.000442118 19.9999 412.108 0.0184496 0.702551 41.7301 24.5274 159.427 1405.1 1630.79
3.722 0.722001 0.000442713 19.9999 412.413 0.0184613 0.703539 41.7005 24.5274 159.427 1405.2 1630.86
3.723 0.723001 0.000443308 19.9999 412.719 0.018473 0.704528 41.6709 24.5274 159.427 1405.3 1630.92
3.724 0.724001 0.000443902 19.9999 413.024 0.0184847 0.705516 41.6413 24.5274 159.427 1405.4 1630.99
3.725 0.725001 0.000444497 19.9999 413.33 0.0184963 0.706504 41.6118 24.5274 159.427 1405.49 1631.06
3.726 0.726001 0.000445092 19.9999 413.637 0.018508 0.707493 41.5823 24.5274 159.427 1405.59 1631.13
3.727 0.727001 0.000445686 19.9999 413.944 0.0185195 0.708481 41.5529 24.5274 159.427 1405.69 1631.19
3.728 0.728001 0.000446281 19.9998 414.251 0.0185311 0.70947 41.5234 24.5274 159.427 1405.78 1631.26
3.729 0.729001 0.000446875 19.9998 414.558 0.0185427 0.710458 41.4941 24.5274 159.427 1405.88 1631.33
3.73 0.730001 0.00044747 19.9998 414.866 0.0185542 0.711446 41.4647 24.5274 159.427 1405.98 1631.4
3.731 0.731001 0.000448064 19.9998 415.174 0.0185657 0.712435 41.4354 24.5274 159.427 1406.08 1631.47
3.732 0.732001 0.000448658 19.9998 415.482 0.0185772 0.713424 41.4061 24.5274 159.427 1406.17 1631.53
3.733 0.733001 0.000449252 19.9998 415.791 0.0185886 0.714412 41.3768 24.5274 159.427 1406.27 1631.6
3.734 0.734001 0.000449846 19.9998 416.099 0.0186001 0.715401 41.3476 24.5274 159.427 1406.37 1631.67
3.735 0.735001 0.00045044 19.9998 416.409 0.0186115 0.716389 41.3184 24.5274 159.427 1406.47 1631.74
3.736 0.736001 0.000451033 19.9998 416.718 0.0186228 0.717378 41.2893 24.5275 159.427 1406.57 1631.81
3.737 0.737001 0.000451627 19.9998 417.028 0.0186342 0.718366 41.2601 24.5275 159.427 1406.66 1631.88
3.738 0.738001 0.000452221 19.9998 417.338 0.0186455 0.719355 41.2311 24.5275 159.427 1406.76 1631.95
3.739 0.739001 0.000452814 19.9998 417.649 0.0186569 0.720344 41.202 24.5275 159.427 1406.86 1632.02
3.74 0.740001 0.000453408 19.9998 417.96 0.0186681 0.721333 41.173 24.5275 159.427 1406.96 1632.09
3.741 0.741001 0.000454001 19.9998 418.271 0.0186794 0.722321 41.144 24.5275 159.427 1407.06 1632.16
3.742 0.742001 0.000454594 19.9998 418.582 0.0186907 0.72331 41.115 24.5275 159.427 1407.16 1632.23
3.743 0.743001 0.000455187 19.9998 418.894 0.0187019 0.724299 41.0861 24.5275 159.427 1407.26 1632.3
3.744 0.744001 0.00045578 19.9998 419.206 0.0187131 0.725288 41.0572 24.5275 159.427 1407.36 1632.37
3.745 0.745001 0.000456373 19.9998 419.518 0.0187242 0.726276 41.0284 24.5275 159.427 1407.45 1632.44
3.746 0.746001 0.000456966 19.9997 419.831 0.0187354 0.727265 40.9995 24.5275 159.427 1407.55 1632.51
3.747 0.747001 0.000457559 19.9997 420.144 0.0187465 0.728254 40.9708 24.5275 159.427 1407.65 1632.58
3.748 0.748001 0.000458151 19.9997 420.457 0.0187576 0.729243 40.942 24.5275 159.427 1407.75 1632.65
3.749 0.749001 0.000458744 19.9997 420.771 0.0187687 0.730232 40.9133 24.5276 159.427 1407.85 1632.72
3.75 0.750001 0.000459336 19.9997 421.085 0.0187798 0.731221 40.8846 24.5276 159.427 1407.95 1632.79
3.751 0.751001 0.000459929 19.9997 421.399 0.0187908 0.73221 40.8559 24.5276 159.427 1408.05 1632.86
3.752 0.752001 0.000460521 19.9997 421.713 0.0188018 0.733199 40.8273 24.5276 159.427 1408.15 1632.93
3.753 0.753001 0.000461113 19.9997 422.028 0.0188128 0.734188 40.7987 24.5276 159.427 1408.25 1633.01
3.754 0.754001 0.000461705 19.9997 422.343 0.0188238 0.735177 40.7701 24.5276 159.427 1408.35 1633.08
3.755 0.755001 0.000462297 19.9997 422.659 0.0188347 0.736166 40.7416 24.5276 159.427 1408.45 1633.15
3.756 0.756001 0.000462889 19.9997 422.975 0.0188457 0.737155 40.7131 24.5276 159.427 1408.55 1633.22
3.757 0.757001 0.000463481 19.9996 423.291 0.0188566 0.738144 40.6846 24.5276 159.427 1408.65 1633.29
3.758 0.758001 0.000464073 19.9996 423.607 0.0188674 0.739133 40.6562 24.5277 159.427 1408.76 1633.37
3.759 0.759001 0.000464664 19.9996 423.924 0.0188783 0.740122 40.6278 24.5277 159.427 1408.86 1633.44
3.76 0.760001 0.000465256 19.9996 424.241 0.0188891 0.741112 40.5994 24.5277 159.427 1408.96 1633.51
3.761 0.761001 0.000465847 19.9996 424.558 0.0188999 0.742101 40.5711 24.5277 159.427 1409.06 1633.58
3.762 0.762001 0.000466439 19.9996 424.876 0.0189107 0.74309 40.5428 24.5277 159.427 1409.16 1633.66
3.763 0.763001 0.00046703 19.9996 425.193 0.0189215 0.744079 40.5145 24.5277 159.427 1409.26 1633.73
3.764 0.764001 0.000467621 19.9996 425.512 0.0189322 0.745068 40.4863 24.5277 159.427 1409.36 1633.8
3.765 0.765001 0.000468212 19.9996 425.83 0.018943 0.746058 40.4581 24.5277 159.427 1409.46 1633.88
3.766 0.766001 0.000468803 19.9995 426.149 0.0189537 0.747047 40.4299 24.5278 159.427 1409.56 1633.95
3.767 0.767001 0.000469394 19.9995 426.468 0.0189643 0.748036 40.4017 24.5278 159.427 1409.67 1634.02
3.768 0.768001 0.000469985 19.9995 426.788 0.018975 0.749026 40.3736 24.5278 159.427 1409.77 1634.1
3.769 0.769001 0.000470576 19.9995 427.107 0.0189856 0.750015 40.3455 24.5278 159.427 1409.87 1634.17
3.77 0.770001 0.000471166 19.9995 427.427 0.0189962 0.751004 40.3175 24.5278 159.427 1409.97 1634.24
3.771 0.771001 0.000471757 19.9995 427.748 0.0190068 0.751994 40.2894 24.5278 159.427 1410.07 1634.32
3.772 0.772001 0.000472347 19.9995 428.068 0.0190174 0.752983 40.2615 24.5279 159.427 1410.18 1634.39
3.773 0.773001 0.000472937 19.9994 428.389 0.0190279 0.753973 40.2335 24.5279 159.427 1410.28 1634.47
3.774 0.774001 0.000473528 19.9994 428.71 0.0190384 0.754962 40.2056 24.5279 159.427 1410.38 1634.54
3.775 0.775001 0.000474118 19.9994 429.032 0.0190489 0.755952 40.1777 24.5279 159.427 1410.48 1634.62
3.776 0.776001 0.000474708 19.9994 429.354 0.0190594 0.756941 40.1498 24.5279 159.427 1410.59 1634.69
3.777 0.777001 0.000475298 19.9994 429.676 0.0190699 0.757931 40.122 24.528 159.427 1410.69 1634.77
3.778 0.778001 0.000475887 19.9994 429.998 0.0190803 0.75892 40.0942 24.528 159.427 1410.79 1634.84
3.779 0.779001 0.000476477 19.9993 430.321 0.0190907 0.75991 40.0664 24.528 159.427 1410.9 1634.92
3.78 0.780001 0.000477067 19.9993 430.644 0.0191011 0.7609 40.0387 24.528 159.427 1411 1634.99
3.781 0.781001 0.000477656 19.9993 430.968 0.0191115 0.761889 40.0109 24.528 159.427 1411.1 1635.07
3.782 0.782001 0.000478246 19.9993 431.291 0.0191218 0.762879 39.9833 24.5281 159.427 1411.21 1635.14
3.783 0.783001 0.000478835 19.9993 431.615 0.0191322 0.763868 39.9556 24.5281 159.427 1411.31 1635.22
3.784 0.784001 0.000479424 19.9992 431.939 0.0191425 0.764858 39.928 24.5281 159.427 1411.41 1635.3
3.785 0.785001 0.000480014 19.9992 432.264 0.0191527 0.765848 39.9004 24.5281 159.427 1411.52 1635.37
3.786 0.786001 0.000480603 19.9992 432.589 0.019163 0.766838 39.8728 24.5282 159.427 1411.62 1635.45
3.787 0.787001 0.000481192 19.9992 432.914 0.0191732 0.767827 39.8453 24.5282 159.427 1411.72 1635.52
3.788 0.788001 0.000481781 19.9992 433.239 0.0191835 0.768817 39.8178 24.5282 159.427 1411.83 1635.6
3.789 0.789001 0.000482369 19.9991 433.565 0.0191936 0.769807 39.7904 24.5283 159.427 1411.93 1635.68
3.79 0.790001 0.000482958 19.9991 433.891 0.0192038 0.770797 39.7629 24.5283 159.427 1412.04 1635.75
3.791 0.791001 0.000483547 19.9991 434.217 0.019214 0.771787 39.7355 24.5283 159.427 1412.14 1635.83
3.792 0.792001 0.000484135 19.9991 434.544 0.0192241 0.772777 39.7081 24.5283 159.427 1412.25 1635.91
3.793 0.793001 0.000484723 19.999 434.871 0.0192342 0.773766 39.6808 24.5284 159.427 1412.35 1635.99
3.794 0.794001 0.000485312 19.999 435.198 0.0192443 0.774756 39.6535 24.5284 159.427 1412.45 1636.06
3.795 0.795001 0.0004859 19.999 435.526 0.0192544 0.775746 39.6262 24.5284 159.427 1412.56 1636.14
3.796 0.796001 0.000486488 19.9989 435.854 0.0192644 0.776736 39.5989 24.5285 159.427 1412.66 1636.22
3.797 0.797001 0.000487076 19.9989 436.182 0.0192744 0.777726 39.5717 24.5285 159.427 1412.77 1636.3
3.798 0.798001 0.000487664 19.9989 436.51 0.0192844 0.778716 39.5445 24.5286 159.427 1412.87 1636.37
3.799 0.799001 0.000488252 19.9989 436.839 0.0192944 0.779706 39.5174 24.5286 159.427 1412.98 1636.45
3.8 0.800001 0.000488839 19.9988 437.168 0.0193044 0.780696 39.4902 24.5286 159.427 1413.08 1636.53
3.801 0.801001 0.000489427 19.9988 437.497 0.0193143 0.781686 39.4631 24.5287 159.427 1413.19 1636.61
3.802 0.802001 0.000490014 19.9988 437.827 0.0193242 0.782676 39.436 24.5287 159.427 1413.3 1636.69
3.803 0.803001 0.000490602 19.9987 438.157 0.0193341 0.783666 39.409 24.5288 159.427 1413.4 1636.77
3.804 0.804001 0.000491189 19.9987 438.487 0.019344 0.784657 39.382 24.5288 159.427 1413.51 1636.85
3.805 0.805001 0.000491776 19.9986 438.817 0.0193539 0.785647 39.355 24.5288 159.427 1413.61 1636.92
3.806 0.806001 0.000492364 19.9986 439.148 0.0193637 0.786637 39.328 24.5289 159.427 1413.72 1637
3.807 0.807001 0.000492951 19.9986 439.479 0.0193735 0.787627 39.3011 24.5289 159.427 1413.83 1637.08
3.808 0.808001 0.000493537 19.9985 439.81 0.0193833 0.788617 39.2742 24.529 159.427 1413.93 1637.16
3.809 0.809001 0.000494124 19.9985 440.142 0.0193931 0.789608 39.2473 24.529 159.427 1414.04 1637.24
3.81 0.810001 0.000494711 19.9984 440.474 0.0194028 0.790598 39.2205 24.5291 159.427 1414.14 1637.32
3.811 0.811001 0.000495298 19.9984 440.806 0.0194125 0.791588 39.1937 24.5291 159.427 1414.25 1637.4
3.812 0.812001 0.000495884 19.9984 441.139 0.0194223 0.792578 39.1669 24.5292 159.427 1414.36 1637.48
3.813 0.813001 0.000496471 19.9983 441.472 0.0194319 0.793569 39.1402 24.5292 159.427 1414.46 1637.56
3.814 0.814001 0.000497057 19.9983 441.805 0.0194416 0.794559 39.1134 24.5293 159.427 1414.57 1637.64
3.815 0.815001 0.000497643 19.9982 442.138 0.0194513 0.795549 39.0868 24.5294 159.427 1414.68 1637.72
3.816 0.816001 0.000498229 19.9982 442.472 0.0194609 0.79654 39.0601 24.5294 159.427 1414.79 1637.8
3.817 0.817001 0.000498815 19.9981 442.806 0.0194705 0.79753 39.0335 24.5295 159.427 1414.89 1637.88
3.818 0.818001 0.000499401 19.9981 443.14 0.0194801 0.798521 39.0069 24.5295 159.427 1415 1637.96
3.819 0.819001 0.000499987 19.998 443.474 0.0194896 0.799511 38.9803 24.5296 159.427 1415.11 1638.04
3.82 0.820001 0.000500573 19.9979 443.809 0.0194992 0.800501 38.9537 24.5297 159.427 1415.21 1638.13
3.821 0.821001 0.000501158 19.9979 444.144 0.0195087 0.801492 38.9272 24.5297 159.427 1415.32 1638.21
3.822 0.822001 0.000501744 19.9978 444.48 0.0195182 0.802482 38.9007 24.5298 159.427 1415.43 1638.29
3.823 0.823001 0.000502329 19.9978 444.816 0.0195277 0.803473 38.8743 24.5299 159.427 1415.54 1638.37
3.824 0.824001 0.000502915 19.9977 445.152 0.0195371 0.804463 38.8478 24.53 159.427 1415.65 1638.45
3.825 0.825001 0.0005035 19.9976 445.488 0.0195466 0.805454 38.8214 24.53 159.427 1415.75 1638.53
3.826 0.826001 0.000504085 19.9976 445.824 0.019556 0.806445 38.795 24.5301 159.427 1415.86 1638.61
3.827 0.827001 0.00050467 19.9975 446.161 0.0195654 0.807435 38.7687 24.5302 159.427 1415.97 1638.7
3.828 0.828001 0.000505255 19.9974 446.498 0.0195748 0.808426 38.7424 24.5303 159.427 1416.08 1638.78
3.829 0.829001 0.00050584 19.9974 446.836 0.0195841 0.809416 38.7161 24.5304 159.427 1416.19 1638.86
3.83 0.830001 0.000506424 19.9973 447.174 0.0195935 0.810407 38.6898 24.5304 159.427 1416.3 1638.94
3.831 0.831001 0.000507009 19.9972 447.512 0.0196028 0.811398 38.6636 24.5305 159.427 1416.4 1639.03
3.832 0.832001 0.000507593 19.9971 447.85 0.0196121 0.812389 38.6374 24.5306 159.427 1416.51 1639.11
3.833 0.833001 0.000508178 19.9971 448.189 0.0196214 0.813379 38.6112 24.5307 159.427 1416.62 1639.19
3.834 0.834001 0.000508762 19.997 448.527 0.0196306 0.81437 38.5851 24.5308 159.427 1416.73 1639.27
3.835 0.835001 0.000509346 19.9969 448.867 0.0196399 0.815361 38.5589 24.5309 159.427 1416.84 1639.36
3.836 0.836001 0.00050993 19.9968 449.206 0.0196491 0.816352 38.5329 24.531 159.427 1416.95 1639.44
3.837 0.837001 0.000510514 19.9967 449.546 0.0196583 0.817342 38.5068 24.5311 159.427 1417.06 1639.52
3.838 0.838001 0.000511098 19.9966 449.886 0.0196675 0.818333 38.4808 24.5312 159.427 1417.17 1639.61
3.839 0.839001 0.000511682 19.9965 450.226 0.0196766 0.819324 38.4547 24.5313 159.427 1417.28 1639.69
3.84 0.840001 0.000512266 19.9964 450.567 0.0196857 0.820315 38.4288 24.5315 159.427 1417.39 1639.77
3.841 0.841001 0.000512849 19.9963 450.908 0.0196949 0.821306 38.4028 24.5316 159.427 1417.5 1639.86
3.842 0.842001 0.000513433 19.9962 451.249 0.019704 0.822297 38.3769 24.5317 159.427 1417.61 1639.94
3.843 0.843001 0.000514016 19.9961 451.59 0.019713 0.823288 38.351 24.5318 159.427 1417.72 1640.03
3.844 0.844001 0.0005146 19.996 451.932 0.0197221 0.824278 38.3251 24.532 159.427 1417.83 1640.11
3.845 0.845001 0.000515183 19.9959 452.274 0.0197311 0.825269 38.2993 24.5321 159.427 1417.94 1640.2
3.846 0.846001 0.000515766 19.9958 452.616 0.0197401 0.82626 38.2735 24.5322 159.427 1418.05 1640.28
3.847 0.847001 0.000516349 19.9957 452.959 0.0197491 0.827251 38.2477 24.5324 159.427 1418.16 1640.37
3.848 0.848001 0.000516932 19.9956 453.302 0.0197581 0.828242 38.2219 24.5325 159.427 1418.27 1640.45
3.849 0.849001 0.000517514 19.9955 453.645 0.0197671 0.829233 38.1962 24.5326 159.427 1418.38 1640.53
3.85 0.850001 0.000518097 19.9953 453.988 0.019776 0.830225 38.1705 24.5328 159.427 1418.49 1640.62
3.851 0.851001 0.00051868 19.9952 454.332 0.0197849 0.831216 38.1448 24.5329 159.427 1418.6 1640.71
3.852 0.852001 0.000519262 19.9951 454.676 0.0197938 0.832207 38.1192 24.5331 159.427 1418.71 1640.79
3.853 0.853001 0.000519845 19.9949 455.02 0.0198027 0.833198 38.0935 24.5333 159.427 1418.82 1640.88
3.854 0.854001 0.000520427 19.9948 455.365 0.0198116 0.834189 38.068 24.5334 159.427 1418.93 1640.96
3.855 0.855001 0.000521009 19.9947 455.709 0.0198204 0.83518 38.0424 24.5336 159.427 1419.04 1641.05
3.856 0.856001 0.000521591 19.9945 456.055 0.0198292 0.836171 38.0168 24.5338 159.427 1419.16 1641.13
3.857 0.857001 0.000522173 19.9944 456.4 0.019838 0.837163 37.9913 24.5339 159.427 1419.27 1641.22
3.858 0.858001 0.000522755 19.9942 456.746 0.0198468 0.838154 37.9658 24.5341 159.427 1419.38 1641.31
3.859 0.859001 0.000523336 19.9941 457.092 0.0198556 0.839145 37.9404 24.5343 159.427 1419.49 1641.39
3.86 0.860001 0.000523918 19.9939 457.438 0.0198643 0.840136 37.915 24.5345 159.427 1419.6 1641.48
3.861 0.861001 0.0005245 19.9937 457.784 0.0198731 0.841128 37.8896 24.5347 159.427 1419.71 1641.57
3.862 0.862001 0.000525081 19.9936 458.131 0.0198818 0.842119 37.8642 24.5349 159.427 1419.83 1641.65
3.863 0.863001 0.000525662 19.9934 458.478 0.0198904 0.84311 37.8388 24.5351 159.427 1419.94 1641.74
3.864 0.864001 0.000526244 19.9932 458.826 0.0198991 0.844101 37.8135 24.5353 159.427 1420.05 1641.83
3.865 0.865001 0.000526825 19.993 459.173 0.0199078 0.845093 37.7882 24.5356 159.427 1420.16 1641.91
3.866 0.866001 0.000527406 19.9928 459.521 0.0199164 0.846084 37.7629 24.5358 159.427 1420.28 1642
3.867 0.867001 0.000527987 19.9926 459.869 0.019925 0.847076 37.7377 24.536 159.427 1420.39 1642.09
3.868 0.868001 0.000528567 19.9924 460.218 0.0199336 0.848067 37.7125 24.5363 159.427 1420.5 1642.18
3.869 0.869001 0.000529148 19.9922 460.567 0.0199421 0.849058 37.6873 24.5365 159.427 1420.61 1642.26
3.87 0.870001 0.000529729 19.992 460.916 0.0199507 0.85005 37.6621 24.5367 159.427 1420.73 1642.35
3.871 0.871001 0.000530309 19.9918 461.265 0.0199592 0.851041 37.637 24.537 159.427 1420.84 1642.44
3.872 0.872001 0.000530889 19.9916 461.614 0.0199677 0.852033 37.6119 24.5373 159.427 1420.95 1642.53
3.873 0.873001 0.00053147 19.9914 461.964 0.0199762 0.853024 37.5868 24.5375 159.427 1421.06 1642.62
3.874 0.874001 0.00053205 19.9911 462.314 0.0199847 0.854016 37.5617 24.5378 159.427 1421.18 1642.7
3.875 0.875001 0.00053263 19.9909 462.665 0.0199932 0.855007 37.5367 24.5381 159.427 1421.29 1642.79
3.876 0.876001 0.00053321 19.9906 463.016 0.0200016 0.855999 37.5117 24.5384 159.427 1421.4 1642.88
3.877 0.877001 0.00053379 19.9904 463.367 0.02001 0.856991 37.4867 24.5387 159.427 1421.52 1642.97
3.878 0.878001 0.000534369 19.9901 463.718 0.0200184 0.857982 37.4617 24.539 159.427 1421.63 1643.06
3.879 0.879001 0.000534949 19.9899 464.069 0.0200268 0.858974 37.4368 24.5393 159.427 1421.75 1643.15
3.88 0.880001 0.000535528 19.9896 464.421 0.0200351 0.859965 37.4119 24.5397 159.427 1421.86 1643.24
3.881 0.881001 0.000536108 19.9893 464.773 0.0200435 0.860957 37.387 24.54 159.427 1421.97 1643.33
3.882 0.882001 0.000536687 19.989 465.126 0.0200518 0.861949 37.3622 24.5403 159.427 1422.09 1643.42
3.883 0.883001 0.000537266 19.9887 465.478 0.0200601 0.86294 37.3374 24.5407 159.427 1422.2 1643.51
3.884 0.884001 0.000537845 19.9884 465.831 0.0200684 0.863932 37.3126 24.541 159.427 1422.32 1643.6
3.885 0.885001 0.000538424 19.9881 466.184 0.0200767 0.864924 37.2878 24.5414 159.427 1422.43 1643.69
3.886 0.886001 0.000539003 19.9878 466.538 0.0200849 0.865916 37.2631 24.5418 159.427 1422.54 1643.78
3.887 0.887001 0.000539582 19.9875 466.891 0.0200931 0.866907 37.2383 24.5422 159.427 1422.66 1643.87
3.888 0.888001 0.000540161 19.9871 467.246 0.0201013 0.867899 37.2136 24.5426 159.427 1422.77 1643.96
3.889 0.889001 0.000540739 19.9868 467.6 0.0201095 0.868891 37.189 24.543 159.427 1422.89 1644.05
3.89 0.890001 0.000541318 19.9865 467.954 0.0201177 0.869883 37.1643 24.5434 159.427 1423 1644.14
3.891 0.891001 0.000541896 19.9861 468.309 0.0201259 0.870875 37.1397 24.5438 159.427 1423.12 1644.23
3.892 0.892001 0.000542474 19.9857 468.664 0.020134 0.871867 37.1151 24.5443 159.427 1423.23 1644.32
3.893 0.893001 0.000543052 19.9853 469.02 0.0201421 0.872858 37.0905 24.5447 159.427 1423.35 1644.41
3.894 0.894001 0.00054363 19.985 469.375 0.0201502 0.87385 37.066 24.5452 159.427 1423.46 1644.5
3.895 0.895001 0.000544208 19.9846 469.731 0.0201583 0.874842 37.0415 24.5457 159.427 1423.58 1644.59
3.896 0.896001 0.000544786 19.9841 470.088 0.0201663 0.875834 37.017 24.5462 159.427 1423.69 1644.68
3.897 0.897001 0.000545363 19.9837 470.444 0.0201744 0.876826 36.9925 24.5467 159.427 1423.81 1644.78
3.898 0.898001 0.000545941 19.9833 470.801 0.0201824 0.877818 36.9681 24.5472 159.427 1423.93 1644.87
3.899 0.899001 0.000546518 19.9828 471.158 0.0201904 0.87881 36.9437 24.5477 159.427 1424.04 1644.96
3.9 0.900001 0.000547096 19.9824 471.515 0.0201984 0.879802 36.9193 24.5483 159.427 1424.16 1645.05
3.901 0.901001 0.000547673 19.9819 471.873 0.0202064 0.880794 36.8949 24.5488 159.427 1424.27 1645.14
3.902 0.902001 0.00054825 19.9815 472.231 0.0202143 0.881786 36.8706 24.5494 159.427 1424.39 1645.24
3.903 0.903001 0.000548827 19.981 472.589 0.0202222 0.882778 36.8463 24.55 159.427 1424.5 1645.33
3.904 0.904001 0.000549404 19.9805 472.947 0.0202301 0.88377 36.822 24.5506 159.427 1424.62 1645.42
3.905 0.905001 0.000549981 19.9799 473.306 0.020238 0.884762 36.7977 24.5512 159.427 1424.74 1645.51
3.906 0.906001 0.000550557 19.9794 473.665 0.0202459 0.885755 36.7735 24.5518 159.427 1424.85 1645.61
3.907 0.907001 0.000551134 19.9789 474.024 0.0202538 0.886747 36.7493 24.5525 159.427 1424.97 1645.7
3.908 0.908001 0.00055171 19.9783 474.384 0.0202616 0.887739 36.7251 24.5532 159.427 1425.09 1645.79
3.909 0.909001 0.000552287 19.9777 474.744 0.0202694 0.888731 36.7009 24.5538 159.427 1425.2 1645.89
3.91 0.910001 0.000552863 19.9772 475.104 0.0202772 0.889723 36.6768 24.5545 159.427 1425.32 1645.98
3.911 0.911001 0.000553439 19.9766 475.464 0.020285 0.890716 36.6526 24.5553 159.427 1425.44 1646.07
3.912 0.912001 0.000554015 19.9759 475.825 0.0202928 0.891708 36.6286 24.556 159.427 1425.55 1646.17
3.913 0.913001 0.000554591 19.9753 476.186 0.0203005 0.8927 36.6045 24.5568 159.427 1425.67 1646.26
3.914 0.914001 0.000555166 19.9747 476.547 0.0203082 0.893692 36.5804 24.5575 159.427 1425.79 1646.35
3.915 0.915001 0.000555742 19.974 476.908 0.0203159 0.894685 36.5564 24.5583 159.427 1425.91 1646.45
3.916 0.916001 0.000556318 19.9733 477.27 0.0203236 0.895677 36.5324 24.5591 159.427 1426.02 1646.54
3.917 0.917001 0.000556893 19.9726 477.632 0.0203313 0.896669 36.5085 24.56 159.427 1426.14 1646.64
3.918 0.918001 0.000557468 19.9719 477.994 0.020339 0.897662 36.4845 24.5608 159.427 1426.26 1646.73
3.919 0.919001 0.000558044 19.9712 478.357 0.0203466 0.898654 36.4606 24.5617 159.427 1426.38 1646.83
3.92 0.920001 0.000558619 19.9704 478.72 0.0203542 0.899646 36.4367 24.5626 159.427 1426.49 1646.92
3.921 0.921001 0.000559194 19.9697 479.083 0.0203618 0.900639 36.4128 24.5635 159.427 1426.61 1647.02
3.922 0.922001 0.000559768 19.9689 479.446 0.0203694 0.901631 36.389 24.5645 159.427 1426.73 1647.11
3.923 0.923001 0.000560343 19.9681 479.81 0.020377 0.902624 36.3651 24.5655 159.427 1426.85 1647.21
3.924 0.924001 0.000560918 19.9672 480.174 0.0203845 0.903616 36.3413 24.5665 159.427 1426.97 1647.3
3.925 0.925001 0.000561492 19.9664 480.538 0.020392 0.904608 36.3176 24.5675 159.427 1427.08 1647.4
3.926 0.926001 0.000562067 19.9655 480.903 0.0203995 0.905601 36.2938 24.5685 159.427 1427.2 1647.49
3.927 0.927001 0.000562641 19.9646 481.267 0.020407 0.906593 36.2701 24.5696 159.427 1427.32 1647.59
3.928 0.928001 0.000563215 19.9637 481.632 0.0204145 0.907586 36.2464 24.5707 159.427 1427.44 1647.68
3.929 0.929001 0.000563789 19.9628 481.998 0.020422 0.908579 36.2227 24.5718 159.427 1427.56 1647.78
3.93 0.930001 0.000564363 19.9618 482.363 0.0204294 0.909571 36.199 24.573 159.427 1427.68 1647.88
3.931 0.931001 0.000564937 19.9608 482.729 0.0204368 0.910564 36.1754 24.5742 159.427 1427.8 1647.97
3.932 0.932001 0.00056551 19.9598 483.095 0.0204442 0.911556 36.1518 24.5754 159.427 1427.92 1648.07
3.933 0.933001 0.000566084 19.9588 483.462 0.0204516 0.912549 36.1282 24.5766 159.427 1428.03 1648.17
3.934 0.934001 0.000566657 19.9577 483.829 0.020459 0.913542 36.1046 24.5779 159.427 1428.15 1648.26
3.935 0.935001 0.000567231 19.9566 484.196 0.0204663 0.914534 36.0811 24.5792 159.427 1428.27 1648.36
3.936 0.936001 0.000567804 19.9555 484.563 0.0204736 0.915527 36.0576 24.5806 159.427 1428.39 1648.46
3.937 0.937001 0.000568377 19.9543 484.931 0.0204809 0.91652 36.0341 24.5819 159.427 1428.51 1648.55
3.938 0.938001 0.00056895 19.9532 485.298 0.0204882 0.917512 36.0106 24.5833 159.427 1428.63 1648.65
3.939 0.939 0.000569523 19.952 485.667 0.0204955 0.918505 35.9872 24.5848 159.427 1428.75 1648.75
3.94 0.94 0.000570095 19.9507 486.035 0.0205028 0.919498 35.9637 24.5863 159.427 1428.87 1648.85
3.941 0.941 0.000570668 19.9495 486.404 0.02051 0.920491 35.9403 24.5878 159.427 1428.99 1648.95
3.942 0.942 0.00057124 19.9482 486.773 0.0205172 0.921483 35.9169 24.5894 159.427 1429.11 1649.04
3.943 0.943 0.000571813 19.9468 487.142 0.0205244 0.922476 35.8936 24.5909 159.427 1429.23 1649.14
3.944 0.944 0.000572385 19.9455 487.511 0.0205316 0.923469 35.8703 24.5926 159.427 1429.35 1649.24
3.945 0.945 0.000572957 19.9441 487.881 0.0205388 0.924462 35.8469 24.5943 159.427 1429.47 1649.34
3.946 0.946 0.000573529 19.9427 488.251 0.0205459 0.925455 35.8237 24.596 159.427 1429.59 1649.44
3.947 0.947 0.000574101 19.9412 488.622 0.020553 0.926447 35.8004 24.5977 159.427 1429.71 1649.54
3.948 0.948 0.000574673 19.9397 488.993 0.0205601 0.92744 35.7771 24.5996 159.427 1429.83 1649.64
3.949 0.949 0.000575244 19.9382 489.364 0.0205672 0.928433 35.7539 24.6014 159.427 1429.95 1649.74
3.95 0.95 0.000575816 19.9366 489.735 0.0205743 0.929426 35.7307 24.6033 159.427 1430.07 1649.83
3.951 0.951 0.000576387 19.935 490.106 0.0205814 0.930419 35.7075 24.6052 159.427 1430.19 1649.93
3.952 0.952 0.000576958 19.9333 490.478 0.0205884 0.931412 35.6844 24.6072 159.427 1430.32 1650.03
3.953 0.953 0.000577529 19.9316 490.85 0.0205954 0.932405 35.6613 24.6093 159.427 1430.44 1650.13
3.954 0.954 0.0005781 19.9299 491.223 0.0206024 0.933398 35.6381 24.6114 159.427 1430.56 1650.23
3.955 0.955 0.000578671 19.9281 491.596 0.0206094 0.934391 35.6151 24.6135 159.427 1430.68 1650.33
3.956 0.956 0.000579242 19.9263 491.969 0.0206164 0.935384 35.592 24.6157 159.427 1430.8 1650.43
3.957 0.957 0.000579812 19.9244 492.342 0.0206233 0.936377 35.569 24.618 159.427 1430.92 1650.53
3.958 0.958 0.000580383 19.9225 492.715 0.0206302 0.93737 35.5459 24.6203 159.427 1431.04 1650.64
3.959 0.959 0.000580953 19.9205 493.089 0.0206372 0.938363 35.5229 24.6226 159.427 1431.16 1650.74
3.96 0.96 0.000581523 19.9185 493.464 0.0206441 0.939356 35.5 24.6251 159.427 1431.29 1650.84
3.961 0.961 0.000582093 19.9165 493.838 0.0206509 0.94035 35.477 24.6275 159.427 1431.41 1650.94
3.962 0.962 0.000582663 19.9144 494.213 0.0206578 0.941343 35.4541 24.6301 159.427 1431.53 1651.04
3.963 0.963 0.000583233 19.9122 494.588 0.0206646 0.942336 35.4311 24.6327 159.427 1431.65 1651.14
3.964 0.964 0.000583803 19.91 494.963 0.0206714 0.943329 35.4083 24.6354 159.427 1431.77 1651.24
3.965 0.965 0.000584372 19.9077 495.339 0.0206782 0.944322 35.3854 24.6381 159.427 1431.89 1651.35
3.966 0.966 0.000584942 19.9054 495.715 0.020685 0.945315 35.3625 24.6409 159.427 1432.02 1651.45
3.967 0.967 0.000585511 19.903 496.091 0.0206918 0.946309 35.3397 24.6438 159.427 1432.14 1651.55
3.968 0.968 0.00058608 19.9006 496.468 0.0206985 0.947302 35.3169 24.6467 159.427 1432.26 1651.65
3.969 0.969 0.000586649 19.8981 496.845 0.0207053 0.948295 35.2941 24.6497 159.427 1432.38 1651.75
3.97 0.97 0.000587218 19.8955 497.222 0.020712 0.949289 35.2714 24.6528 159.427 1432.51 1651.86
3.971 0.971 0.000587787 19.8929 497.599 0.0207187 0.950282 35.2486 24.656 159.427 1432.63 1651.96
3.972 0.972 0.000588355 19.8903 497.977 0.0207253 0.951275 35.2259 24.6592 159.427 1432.75 1652.06
3.973 0.973 0.000588924 19.8875 498.355 0.020732 0.952268 35.2032 24.6626 159.427 1432.87 1652.17
3.974 0.974 0.000589492 19.8847 498.734 0.0207386 0.953262 35.1805 24.666 159.427 1433 1652.27
3.975 0.975 0.00059006 19.8818 499.113 0.0207452 0.954255 35.1578 24.6694 159.427 1433.12 1652.37
3.976 0.976 0.000590628 19.8789 499.492 0.0207518 0.955249 35.1352 24.673 159.427 1433.24 1652.48
3.977 0.977 0.000591196 19.8758 499.871 0.0207584 0.956242 35.1126 24.6767 159.427 1433.37 1652.58
3.978 0.978 0.000591764 19.8728 500.251 0.020765 0.957235 35.09 24.6804 159.427 1433.49 1652.69
3.979 0.979 0.000592331 19.8696 500.631 0.0207715 0.958229 35.0674 24.6843 159.427 1433.61 1652.79
3.98 0.98 0.000592899 19.8663 501.011 0.020778 0.959222 35.0448 24.6882 159.427 1433.74 1652.9
3.981 0.981 0.000593466 19.863 501.392 0.0207846 0.960216 35.0223 24.6922 159.427 1433.86 1653
3.982 0.982 0.000594033 19.8596 501.773 0.020791 0.961209 34.9998 24.6964 159.427 1433.98 1653.11
3.983 0.983 0.0005946 19.8561 502.154 0.0207975 0.962203 34.9773 24.7006 159.427 1434.11 1653.21
3.984 0.984 0.000595167 19.8526 502.536 0.020804 0.963197 34.9548 24.7049 159.427 1434.23 1653.32
3.985 0.985 0.000595734 19.8489 502.918 0.0208104 0.96419 34.9323 24.7094 159.427 1434.35 1653.42
3.986 0.986 0.000596301 19.8452 503.3 0.0208168 0.965184 34.9099 24.7139 159.427 1434.48 1653.53
3.987 0.987 0.000596867 19.8413 503.682 0.0208232 0.966177 34.8875 24.7186 159.427 1434.6 1653.64
3.988 0.988 0.000597433 19.8374 504.065 0.0208296 0.967171 34.8651 24.7234 159.427 1434.73 1653.74
3.989 0.989 0.000597999 19.8334 504.449 0.0208359 0.968165 34.8427 24.7282 159.427 1434.85 1653.85
3.99 0.99 0.000598565 19.8293 504.832 0.0208422 0.969158 34.8203 24.7333 159.427 1434.98 1653.96
3.991 0.991 0.000599131 19.8251 505.216 0.0208486 0.970152 34.798 24.7384 159.427 1435.1 1654.06
3.992 0.992 0.000599697 19.8208 505.601 0.0208549 0.971146 34.7757 24.7436 159.427 1435.22 1654.17
3.993 0.993 0.000600262 19.8163 505.985 0.0208611 0.972139 34.7534 24.749 159.427 1435.35 1654.28
3.994 0.994 0.000600828 19.8118 506.37 0.0208674 0.973133 34.7311 24.7545 159.427 1435.47 1654.39
3.995 0.995 0.000601393 19.8072 506.756 0.0208736 0.974127 34.7088 24.7602 159.427 1435.6 1654.49
3.996 0.996 0.000601958 19.8025 507.142 0.0208798 0.975121 34.6866 24.766 159.427 1435.72 1654.6
3.997 0.997 0.000602523 19.7976 507.528 0.020886 0.976114 34.6643 24.7719 159.427 1435.85 1654.71
3.998 0.998 0.000603087 19.7926 507.914 0.0208922 0.977108 34.6421 24.778 159.427 1435.97 1654.82
3.999 0.999 0.000603652 19.7876 508.301 0.0208984 0.978102 34.6199 24.7842 159.427 1436.1 1654.93
4 1 0.000604216 19.7824 508.688 0.0209045 0.979096 34.5977 24.7905 159.427 1436.22 1655.04
4.001 1.001 0.00060478 19.777 509.076 0.0209106 0.98009 34.5756 24.7971 159.427 1436.35 1655.15
4.002 1.002 0.000605344 19.7716 509.464 0.0209167 0.981084 34.5534 24.8037 159.427 1436.47 1655.26
4.003 1.003 0.000605908 19.766 509.852 0.0209228 0.982078 34.5313 24.8106 159.427 1436.6 1655.37
4.004 1.004 0.000606472 19.7603 510.241 0.0209289 0.983072 34.5092 24.8176 159.427 1436.72 1655.48
4.005 1.005 0.000607036 19.7544 510.63 0.0209349 0.984066 34.4871 24.8248 159.427 1436.85 1655.59
4.006 1.006 0.000607599 19.7485 511.019 0.0209409 0.98506 34.465 24.8321 159.427 1436.97 1655.7
4.007 1.007 0.000608162 19.7423 511.409 0.0209469 0.986054 34.443 24.8396 159.427 1437.1 1655.81
4.008 1.008 0.000608725 19.7361 511.799 0.0209529 0.987048 34.4209 24.8474 159.427 1437.23 1655.92
4.009 1.009 0.000609288 19.7296 512.19 0.0209588 0.988042 34.3989 24.8552 159.427 1437.35 1656.03
4.01 1.01 0.000609851 19.7231 512.581 0.0209648 0.989036 34.3769 24.8633 159.427 1437.48 1656.14
4.011 1.011 0.000610413 19.7163 512.972 0.0209707 0.99003 34.3549 24.8716 159.427 1437.6 1656.26
4.012 1.012 0.000610975 19.7094 513.364 0.0209766 0.991024 34.3329 24.8801 159.427 1437.73 1656.37
4.013 1.013 0.000611537 19.7024 513.756 0.0209824 0.992018 34.311 24.8888 159.427 1437.86 1656.48
4.014 1.014 0.000612099 19.6952 514.149 0.0209883 0.993012 34.289 24.8977 159.427 1437.98 1656.59
4.015 1.015 0.000612661 19.6878 514.542 0.0209941 0.994006 34.2671 24.9068 159.427 1438.11 1656.71
4.016 1.016 0.000613222 19.6802 514.936 0.0209999 0.995001 34.2452 24.9162 159.427 1438.23 1656.82
4.017 1.017 0.000613784 19.6725 515.329 0.0210057 0.995995 34.2233 24.9257 159.427 1438.36 1656.94
4.018 1.018 0.000614345 19.6646 515.724 0.0210115 0.996989 34.2014 24.9355 159.427 1438.49 1657.05
4.019 1.019 0.000614906 19.6565 516.119 0.0210172 0.997983 34.1796 24.9456 159.427 1438.61 1657.17
4.02 1.02 0.000615467 19.6482 516.514 0.0210229 0.998977 34.1577 24.9558 159.427 1438.74 1657.28
4.021 1.021 0.000616027 19.6397 516.91 0.0210286 0.999972 34.1359 24.9664 159.427 1438.87 1657.4
4.022 1.022 0.000616587 19.6311 517.306 0.0210343 1.00097 34.1141 24.9771 159.427 1438.99 1657.51
4.023 1.023 0.000617148 19.6222 517.702 0.0210399 1.00196 34.0922 24.9882 159.427 1439.12 1657.63
4.024 1.024 0.000617707 19.6131 518.1 0.0210456 1.00295 34.0705 24.9995 159.427 1439.25 1657.74
4.025 1.025 0.000618267 19.6038 518.497 0.0210512 1.00395 34.0487 25.0111 159.427 1439.37 1657.86
4.026 1.026 0.000618827 19.5943 518.895 0.0210568 1.00494 34.0269 25.023 159.427 1439.5 1657.98
4.027 1.027 0.000619386 19.5845 519.294 0.0210623 1.00594 34.0052 25.0351 159.427 1439.63 1658.09
4.028 1.028 0.000619945 19.5746 519.693 0.0210678 1.00693 33.9834 25.0476 159.427 1439.75 1658.21
4.029 1.029 0.000620504 19.5642 520.085 0.0210689 1.00793 33.9544 25.0668 159.427 1439.88 1658.33
4.03 1.03 0.000621062 19.5537 520.486 0.0210744 1.00893 33.9328 25.0802 159.427 1440.01 1658.45
4.031 1.031 0.000621621 19.5429 520.886 0.0210798 1.00992 33.911 25.0939 159.427 1440.14 1658.57
4.032 1.032 0.000622179 19.5318 521.288 0.0210851 1.01092 33.8891 25.1079 159.427 1440.26 1658.69
4.033 1.033 0.000622736 19.5205 521.689 0.0210904 1.01191 33.8673 25.1223 159.427 1440.39 1658.81
4.034 1.034 0.000623294 19.509 522.092 0.0210957 1.0129 33.8454 25.137 159.427 1440.52 1658.93
4.035 1.035 0.000623852 19.4971 522.495 0.0211009 1.0139 33.8236 25.1521 159.427 1440.65 1659.05
4.036 1.036 0.000624409 19.485 522.898 0.0211061 1.01489 33.8018 25.1676 159.427 1440.77 1659.17
4.037 1.037 0.000624966 19.4726 523.302 0.0211113 1.01589 33.78 25.1834 159.427 1440.9 1659.29
4.038 1.038 0.000625522 19.46 523.707 0.0211165 1.01688 33.7581 25.1996 159.427 1441.03 1659.41
4.039 1.039 0.000626079 19.447 524.112 0.0211216 1.01788 33.7363 25.2162 159.427 1441.16 1659.54
4.04 1.04 0.000626635 19.4337 524.518 0.0211267 1.01887 33.7145 25.2332 159.427 1441.29 1659.66
4.041 1.041 0.000627191 19.4201 524.925 0.0211318 1.01987 33.6927 25.2507 159.427 1441.41 1659.78
4.042 1.042 0.000627746 19.4062 525.332 0.0211368 1.02086 33.6709 25.2685 159.427 1441.54 1659.91
4.043 1.043 0.000628301 19.392 525.739 0.0211418 1.02186 33.6491 25.2868 159.427 1441.67 1660.03
4.044 1.044 0.000628857 19.3775 526.148 0.0211468 1.02285 33.6274 25.3056 159.427 1441.8 1660.16
4.045 1.045 0.000629411 19.3626 526.557 0.0211517 1.02385 33.6056 25.3248 159.427 1441.92 1660.28
4.046 1.046 0.000629966 19.3474 526.966 0.0211566 1.02484 33.5838 25.3445 159.427 1442.05 1660.41
4.047 1.047 0.00063052 19.3318 527.377 0.0211615 1.02584 33.562 25.3647 159.427 1442.18 1660.53
4.048 1.048 0.000631074 19.3159 527.788 0.0211664 1.02683 33.5402 25.3853 159.427 1442.31 1660.66
4.049 1.049 0.000631628 19.2996 528.199 0.0211712 1.02783 33.5184 25.4065 159.427 1442.44 1660.79
4.05 1.05 0.000632181 19.2829 528.612 0.0211759 1.02882 33.4967 25.4282 159.427 1442.57 1660.92
4.051 1.051 0.000632734 19.2658 529.025 0.0211807 1.02982 33.4749 25.4505 159.427 1442.69 1661.05
4.052 1.052 0.000633287 19.2484 529.439 0.0211854 1.03082 33.4531 25.4733 159.427 1442.82 1661.18
4.053 1.053 0.000633839 19.2305 529.853 0.0211901 1.03181 33.4313 25.4967 159.427 1442.95 1661.31
4.054 1.054 0.000634391 19.2122 530.268 0.0211947 1.03281 33.4095 25.5206 159.427 1443.08 1661.44
4.055 1.055 0.000634943 19.1936 530.685 0.0211993 1.0338 33.3877 25.5452 159.427 1443.21 1661.57
4.056 1.056 0.000635494 19.1744 531.101 0.0212039 1.0348 33.3659 25.5704 159.427 1443.34 1661.7
4.057 1.057 0.000636045 19.1549 531.519 0.0212084 1.03579 33.3441 25.5962 159.427 1443.46 1661.83
4.058 1.058 0.000636596 19.1349 531.943 0.0212089 1.03679 33.3161 25.6294 159.427 1443.59 1661.97
4.059 1.059 0.000637146 19.1143 532.363 0.021213 1.03779 33.2938 25.6568 159.427 1443.72 1662.1
4.06 1.06 0.000637696 19.0932 532.784 0.0212173 1.03878 33.2718 25.685 159.427 1443.85 1662.23
4.061 1.061 0.000638246 19.0717 533.205 0.0212215 1.03978 33.2498 25.7138 159.427 1443.98 1662.37
4.062 1.062 0.000638795 19.0496 533.627 0.0212257 1.04077 33.2278 25.7434 159.427 1444.11 1662.51
4.063 1.063 0.000639344 19.0271 534.051 0.0212299 1.04177 33.2057 25.7737 159.427 1444.24 1662.64
4.064 1.064 0.000639892 19.004 534.475 0.021234 1.04277 33.1837 25.8048 159.427 1444.36 1662.78
4.065 1.065 0.000640441 18.9804 534.9 0.021238 1.04376 33.1616 25.8367 159.427 1444.49 1662.92
4.066 1.066 0.000640988 18.9562 535.326 0.021242 1.04476 33.1395 25.8694 159.427 1444.62 1663.06
4.067 1.067 0.000641535 18.9315 535.753 0.021246 1.04575 33.1174 25.903 159.427 1444.75 1663.2
4.068 1.068 0.000642082 18.9063 536.181 0.0212499 1.04675 33.0953 25.9374 159.427 1444.88 1663.34
4.069 1.069 0.000642629 18.8804 536.61 0.0212537 1.04775 33.0731 25.9727 159.427 1445.01 1663.48
4.07 1.07 0.000643175 18.854 537.041 0.0212575 1.04874 33.051 26.0089 159.427 1445.14 1663.62
4.071 1.071 0.00064372 18.8269 537.472 0.0212613 1.04974 33.0288 26.0461 159.427 1445.27 1663.77
4.072 1.072 0.000644265 18.7992 537.905 0.021265 1.05074 33.0065 26.0842 159.427 1445.39 1663.91
4.073 1.073 0.00064481 18.7709 538.338 0.0212686 1.05173 32.9843 26.1234 159.427 1445.52 1664.06
4.074 1.074 0.000645354 18.7419 538.773 0.0212722 1.05273 32.962 26.1635 159.427 1445.65 1664.2
4.075 1.075 0.000645897 18.7122 539.209 0.0212757 1.05372 32.9397 26.2047 159.427 1445.78 1664.35
4.076 1.076 0.00064644 18.6819 539.647 0.0212791 1.05472 32.9174 26.247 159.427 1445.91 1664.5
4.077 1.077 0.000646983 18.6508 540.085 0.0212825 1.05572 32.895 26.2905 159.427 1446.04 1664.65
4.078 1.078 0.000647525 18.6191 540.525 0.0212858 1.05671 32.8726 26.335 159.427 1446.17 1664.8
4.079 1.079 0.000648067 18.5866 540.967 0.0212891 1.05771 32.8501 26.3808 159.427 1446.3 1664.95
4.08 1.08 0.000648608 18.5533 541.409 0.0212922 1.05871 32.8276 26.4278 159.427 1446.42 1665.11
4.081 1.081 0.000649148 18.5193 541.853 0.0212954 1.05971 32.8051 26.476 159.427 1446.55 1665.26
4.082 1.082 0.000649688 18.4845 542.299 0.0212984 1.0607 32.7825 26.5256 159.427 1446.68 1665.42
4.083 1.083 0.000650227 18.4489 542.746 0.0213014 1.0617 32.7599 26.5765 159.427 1446.81 1665.57
4.084 1.084 0.000650766 18.4124 543.195 0.0213042 1.0627 32.7372 26.6288 159.427 1446.94 1665.73
4.085 1.085 0.000651304 18.3751 543.645 0.0213071 1.06369 32.7145 26.6825 159.427 1447.07 1665.89
4.086 1.086 0.000651841 18.3369 544.096 0.0213098 1.06469 32.6917 26.7377 159.427 1447.19 1666.05
4.087 1.087 0.000652378 18.2979 544.55 0.0213124 1.06569 32.6689 26.7944 159.427 1447.32 1666.21
4.088 1.088 0.000652914 18.2579 545.011 0.0213106 1.06669 32.6392 26.8601 159.427 1447.45 1666.38
4.089 1.089 0.000653449 18.2168 545.469 0.0213127 1.06769 32.6157 26.9205 159.427 1447.58 1666.54
4.09 1.09 0.000653984 18.1749 545.928 0.0213149 1.06869 32.5924 26.9825 159.427 1447.71 1666.71
4.091 1.091 0.000654518 18.1319 546.389 0.0213171 1.06968 32.5691 27.0462 159.427 1447.83 1666.88
4.092 1.092 0.000655051 18.0879 546.852 0.0213191 1.07068 32.5457 27.1118 159.427 1447.96 1667.05
4.093 1.093 0.000655583 18.0428 547.317 0.021321 1.07168 32.5223 27.1793 159.427 1448.09 1667.22
4.094 1.094 0.000656114 17.9967 547.784 0.0213229 1.07268 32.4987 27.2486 159.427 1448.22 1667.39
4.095 1.095 0.000656645 17.9496 548.253 0.0213246 1.07368 32.475 27.32 159.427 1448.35 1667.57
4.096 1.096 0.000657175 17.9013 548.724 0.0213262 1.07467 32.4513 27.3935 159.427 1448.47 1667.75
4.097 1.097 0.000657704 17.8518 549.198 0.0213277 1.07567 32.4274 27.4692 159.427 1448.6 1667.92
4.098 1.098 0.000658232 17.8012 549.674 0.021329 1.07667 32.4035 27.547 159.427 1448.73 1668.11
4.099 1.099 0.000658759 17.7493 550.153 0.0213302 1.07767 32.3794 27.6272 159.427 1448.86 1668.29
4.1 1.1 0.000659285 17.6963 550.634 0.0213313 1.07867 32.3552 27.7098 159.427 1448.98 1668.47
4.101 1.101 0.00065981 17.6419 551.118 0.0213323 1.07967 32.3309 27.7949 159.427 1449.11 1668.66
4.102 1.102 0.000660334 17.5863 551.604 0.0213331 1.08067 32.3065 27.8825 159.427 1449.24 1668.85
4.103 1.103 0.000660857 17.5293 552.093 0.0213337 1.08167 32.2819 27.9729 159.427 1449.36 1669.04
4.104 1.104 0.000661379 17.4709 552.585 0.0213342 1.08267 32.2572 28.066 159.427 1449.49 1669.24
4.105 1.105 0.0006619 17.4111 553.08 0.0213346 1.08367 32.2323 28.1621 159.427 1449.62 1669.44
4.106 1.106 0.00066242 17.3499 553.579 0.0213348 1.08467 32.2073 28.2612 159.427 1449.74 1669.64
4.107 1.107 0.000662938 17.2871 554.08 0.0213347 1.08567 32.1821 28.3634 159.427 1449.87 1669.84
4.108 1.108 0.000663455 17.2228 554.585 0.0213346 1.08667 32.1567 28.4689 159.427 1449.99 1670.05
4.109 1.109 0.000663971 17.157 555.094 0.0213342 1.08767 32.1312 28.5778 159.427 1450.12 1670.25
4.11 1.11 0.000664486 17.0895 555.606 0.0213336 1.08867 32.1054 28.6902 159.427 1450.24 1670.47
4.111 1.111 0.000664999 17.0203 556.122 0.0213328 1.08967 32.0795 28.8064 159.427 1450.37 1670.68
4.112 1.112 0.00066551 16.9495 556.641 0.0213318 1.09067 32.0533 28.9264 159.427 1450.49 1670.9
4.113 1.113 0.00066602 16.8768 557.165 0.0213305 1.09167 32.0269 29.0505 159.427 1450.62 1671.12
4.114 1.114 0.000666529 16.8023 557.694 0.0213291 1.09267 32.0002 29.1788 159.427 1450.74 1671.35
4.115 1.115 0.000667035 16.726 558.226 0.0213273 1.09367 31.9733 29.3115 159.427 1450.86 1671.58
4.116 1.116 0.00066754 16.6477 558.764 0.0213253 1.09468 31.9461 29.4489 159.427 1450.99 1671.81
4.117 1.117 0.000668043 16.5673 559.314 0.0213175 1.09568 31.9103 29.6001 159.427 1451.11 1672.05
4.118 1.118 0.000668545 16.4848 559.862 0.0213144 1.09669 31.8818 29.748 159.427 1451.23 1672.29
4.119 1.119 0.000669044 16.4002 560.416 0.0213113 1.09769 31.8533 29.9013 159.427 1451.35 1672.54
4.12 1.12 0.000669541 16.3133 560.975 0.0213078 1.09869 31.8245 30.0601 159.427 1451.48 1672.79
4.121 1.121 0.000670036 16.2242 561.54 0.021304 1.0997 31.7953 30.225 159.427 1451.6 1673.04
4.122 1.122 0.000670529 16.1327 562.111 0.0212998 1.1007 31.7656 30.396 159.427 1451.72 1673.31
4.123 1.123 0.000671019 16.0388 562.689 0.0212951 1.10171 31.7355 30.5737 159.427 1451.84 1673.57
4.124 1.124 0.000671507 15.9423 563.274 0.0212901 1.10271 31.7049 30.7583 159.427 1451.96 1673.85
4.125 1.125 0.000671992 15.8433 563.866 0.0212846 1.10372 31.6738 30.9502 159.427 1452.08 1674.13
4.126 1.126 0.000672474 15.7415 564.466 0.0212786 1.10472 31.6422 31.1499 159.427 1452.19 1674.41
4.127 1.127 0.000672954 15.6369 565.074 0.021272 1.10573 31.6099 31.3578 159.427 1452.31 1674.71
4.128 1.128 0.00067343 15.5294 565.691 0.0212649 1.10674 31.577 31.5744 159.427 1452.43 1675.01
4.129 1.129 0.000673903 15.4189 566.316 0.0212572 1.10774 31.5435 31.8003 159.427 1452.55 1675.32
4.13 1.13 0.000674372 15.3052 566.952 0.0212489 1.10875 31.5091 32.036 159.427 1452.66 1675.63
4.131 1.131 0.000674838 15.1882 567.598 0.0212398 1.10976 31.474 32.2821 159.427 1452.78 1675.96
4.132 1.132 0.0006753 15.0678 568.254 0.02123 1.11077 31.4379 32.5395 159.427 1452.89 1676.29
4.133 1.133 0.000675757 14.9438 568.923 0.0212194 1.11178 31.401 32.8088 159.427 1453 1676.64
4.134 1.134 0.000676211 14.8161 569.604 0.0212079 1.11279 31.3629 33.0909 159.427 1453.11 1676.99
4.135 1.135 0.000676659 14.6845 570.298 0.0211955 1.1138 31.3237 33.3867 159.427 1453.22 1677.36
4.136 1.136 0.000677102 14.5489 571.007 0.021182 1.11482 31.2833 33.6973 159.427 1453.33 1677.74
4.137 1.137 0.00067754 14.4089 571.731 0.0211673 1.11583 31.2414 34.0238 159.427 1453.44 1678.13
4.138 1.138 0.000677972 14.2644 572.472 0.0211514 1.11685 31.1981 34.3675 159.427 1453.54 1678.54
4.139 1.139 0.000678397 14.1152 573.231 0.0211341 1.11787 31.153 34.7298 159.427 1453.65 1678.96
4.14 1.14 0.000678815 13.961 574.01 0.0211153 1.11889 31.106 35.1124 159.427 1453.75 1679.4
4.141 1.141 0.000679226 13.8015 574.821 0.0210866 1.11991 31.0451 35.53 159.427 1453.85 1679.85
4.142 1.142 0.000679629 13.6361 575.645 0.0210631 1.12094 30.9921 35.9602 159.427 1453.95 1680.33
4.143 1.143 0.000680023 13.4648 576.495 0.0210379 1.12196 30.937 36.417 159.427 1454.04 1680.83
4.144 1.144 0.000680407 13.2871 577.373 0.0210102 1.12299 30.8789 36.9032 159.427 1454.14 1681.35
4.145 1.145 0.00068078 13.1026 578.282 0.0209797 1.12402 30.8171 37.422 159.427 1454.23 1681.89
4.146 1.146 0.000681141 12.9109 579.225 0.0209459 1.12505 30.7512 37.9769 159.427 1454.32 1682.47
4.147 1.147 0.000681489 12.7112 580.207 0.0209084 1.12609 30.6805 38.5723 159.427 1454.4 1683.08
4.148 1.148 0.000681823 12.5031 581.232 0.0208666 1.12713 30.6042 39.2133 159.427 1454.48 1683.72
4.149 1.149 0.000682139 12.2857 582.306 0.0208198 1.12818 30.5213 39.9059 159.427 1454.55 1684.41
4.15 1.15 0.000682437 12.0581 583.435 0.0207669 1.12923 30.4306 40.6573 159.427 1454.62 1685.14
4.151 1.151 0.000682714 11.8195 584.627 0.020707 1.13029 30.3304 41.4764 159.427 1454.69 1685.92
4.152 1.152 0.000682966 11.5685 585.893 0.0206383 1.13136 30.2187 42.3742 159.427 1454.74 1686.76
4.153 1.153 0.000683189 11.3038 587.245 0.0205591 1.13244 30.0928 43.3642 159.427 1454.79 1687.67
4.154 1.154 0.000683379 11.0235 588.699 0.0204664 1.13353 29.9489 44.4639 159.427 1454.83 1688.67
4.155 1.155 0.000683529 10.7254 590.275 0.0203568 1.13464 29.782 45.6961 159.427 1454.85 1689.76
4.156 1.156 0.000683632 10.4066 592.021 0.0202102 1.13579 29.563 47.1145 159.427 1454.86 1690.97
4.157 1.157 0.000683676 10.0632 593.939 0.0200445 1.13696 29.3187 48.7196 159.427 1454.86 1692.32
4.158 1.158 0.000683646 9.69047 596.097 0.0198373 1.13816 29.017 50.5899 159.427 1454.83 1693.86
4.159 1.159 0.000683521 9.28149 598.576 0.0195681 1.13943 28.6283 52.8141 159.427 1454.76 1695.63
4.16 1.16 0.000683269 8.82602 601.497 0.0192026 1.1408 28.104 55.5323 159.427 1454.66 1697.72
4.161 1.161 0.000682841 8.30791 605.071 0.0186761 1.14232 27.3506 58.9843 159.427 1454.49 1700.25
4.162 1.162 0.000682153 7.69875 609.734 0.0178191 1.14418 26.1219 63.6745 159.427 1454.21 1703.43
4.163 1.163 0.000681041 6.93902 616.355 0.0162753 1.14672 23.8977 70.6252 159.427 1453.73 1707.68
4.164 1.164 0.000679122 5.8669 628.022 0.0124083 1.15159 18.2711 83.5367 159.427 1452.74 1713.98
4.165 1.165 0.000675141 2.60691 707.883 -0.0446376 1.20964 -66.1159 187.769 159.427 1444.49 1725.57
4.166 1.166 0.000640787 0.0244328 455.061 -12.2641 13.4301 -19139.2 19429.6 159.427 1369.8 1819.64
4.167 1.167 5.3428e-05 0.0230602 450.789 0.0126103 1.15439 236.024 20077.3 159.427 1369.77 21842.5
4.168 1.168 5.06649e-05 0.0220371 443.284 0.012764 1.15524 251.93 21272.4 159.427 1369.71 23053.5
4.169 1.169 4.85855e-05 0.0214411 437.621 0.0131986 1.1558 271.658 22259.9 159.427 1369.68 24060.7
4.17 1.17 4.73794e-05 0.0210496 434.37 0.0135721 1.15643 286.456 22878.7 159.427 1369.66 24694.3
4.171 1.171 4.65989e-05 0.0207432 432.302 0.0137939 1.15721 296.014 23304.3 159.427 1369.64 25129.3
4.172 1.172 4.5996e-05 0.0204812 430.726 0.0139348 1.15807 302.957 23648.5 159.427 1369.63 25480.5
4.173 1.173 4.5485e-05 0.0202488 429.405 0.0140425 1.15896 308.727 23950.9 159.427 1369.62 25788.7
4.174 1.174 4.50349e-05 0.0200387 428.252 0.0141338 1.15987 313.841 24225.8 159.427 1369.62 26068.7
4.175 1.175 4.46304e-05 0.0198463 427.224 0.0142146 1.16079 318.497 24479.8 159.427 1369.61 26327.4
4.176 1.176 4.42621e-05 0.0196684 426.296 0.0142877 1.16171 322.797 24717.2 159.427 1369.6 26569
4.177 1.177 4.39236e-05 0.0195028 425.451 0.0143546 1.16265 326.808 24940.7 159.427 1369.6 26796.5
4.178 1.178 4.361e-05 0.0193475 424.673 0.0144164 1.16358 330.576 25152.6 159.427 1369.59 27012.2
4.179 1.179 4.33176e-05 0.0192012 423.954 0.014474 1.16453 334.136 25354.4 159.427 1369.59 27217.6
4.18 1.18 4.30436e-05 0.0190628 423.286 0.0145279 1.16547 337.516 25547.6 159.427 1369.58 27414.1
4.181 1.181 4.27855e-05 0.0189313 422.661 0.0145787 1.16642 340.739 25733.1 159.427 1369.58 27602.8
4.182 1.182 4.25415e-05 0.018806 422.075 0.0146267 1.16737 343.823 25911.8 159.427 1369.58 27784.6
4.183 1.183 4.231e-05 0.0186861 421.523 0.0146723 1.16833 346.782 26084.5 159.427 1369.57 27960.3
4.184 1.184 4.20897e-05 0.0185713 421.001 0.0147158 1.16928 349.629 26251.8 159.427 1369.57 28130.4
4.185 1.185 4.18794e-05 0.0184609 420.508 0.0147572 1.17024 352.375 26414.2 159.427 1369.57 28295.5
4.186 1.186 4.16782e-05 0.0183546 420.039 0.014797 1.1712 355.029 26572.1 159.427 1369.56 28456.1
4.187 1.187 4.14853e-05 0.0182521 419.592 0.0148351 1.17217 357.599 26725.9 159.427 1369.56 28612.5
4.188 1.188 4.13e-05 0.018153 419.167 0.0148718 1.17313 360.092 26876.1 159.427 1369.56 28765.1
4.189 1.189 4.11216e-05 0.0180571 418.76 0.0149071 1.17409 362.514 27022.8 159.427 1369.55 28914.3
4.19 1.19 4.09495e-05 0.0179641 418.37 0.0149413 1.17506 364.87 27166.3 159.427 1369.55 29060.2
4.191 1.191 4.07833e-05 0.0178738 417.997 0.0149743 1.17603 367.166 27307 159.427 1369.55 29203.1
4.192 1.192 4.06226e-05 0.017786 417.638 0.0150062 1.17699 369.406 27444.9 159.427 1369.55 29343.3
4.193 1.193 4.04669e-05 0.0177006 417.293 0.0150372 1.17796 371.593 27580.3 159.427 1369.54 29480.9
4.194 1.194 4.03159e-05 0.0176174 416.96 0.0150673 1.17893 373.731 27713.4 159.427 1369.54 29616.1
4.195 1.195 4.01694e-05 0.0175363 416.64 0.0150965 1.1799 375.823 27844.3 159.427 1369.54 29749.1
4.196 1.196 4.00269e-05 0.0174571 416.33 0.015125 1.18088 377.871 27973.1 159.427 1369.54 29879.9
4.197 1.197 3.98883e-05 0.0173797 416.031 0.0151527 1.18185 379.879 28100 159.427 1369.54 30008.8
4.198 1.198 3.97532e-05 0.0173041 415.742 0.0151798 1.18282 381.849 28225.1 159.427 1369.53 30135.9
4.199 1.199 3.96216e-05 0.01723 415.462 0.0152061 1.18379 383.784 28348.5 159.427 1369.53 30261.2
4.2 1.2 3.94932e-05 0.0171575 415.191 0.0152319 1.18477 385.684 28470.3 159.427 1369.53 30384.9
4.201 1.201 3.93679e-05 0.0170865 414.927 0.0152571 1.18574 387.551 28590.6 159.427 1369.53 30507.1
4.202 1.202 3.92454e-05 0.0170168 414.672 0.0152817 1.18672 389.389 28709.5 159.427 1369.53 30627.8
4.203 1.203 3.91256e-05 0.0169485 414.423 0.0153058 1.18769 391.197 28827 159.427 1369.52 30747.2
4.204 1.204 3.90083e-05 0.0168814 414.182 0.0153294 1.18867 392.978 28943.3 159.427 1369.52 30865.2
4.205 1.205 3.88936e-05 0.0168155 413.947 0.0153526 1.18965 394.734 29058.3 159.427 1369.52 30982
4.206 1.206 3.87811e-05 0.0167507 413.718 0.0153753 1.19062 396.464 29172.2 159.427 1369.52 31097.6
4.207 1.207 3.86708e-05 0.016687 413.495 0.0153976 1.1916 398.17 29285.1 159.427 1369.52 31212.2
4.208 1.208 3.85627e-05 0.0166243 413.277 0.0154195 1.19258 399.854 29396.8 159.427 1369.52 31325.6
4.209 1.209 3.84565e-05 0.0165626 413.065 0.0154409 1.19356 401.517 29507.7 159.427 1369.52 31438.1
4.21 1.21 3.83523e-05 0.0165019 412.858 0.0154621 1.19454 403.159 29617.5 159.427 1369.51 31549.6
4.211 1.211 3.82499e-05 0.0164421 412.656 0.0154828 1.19552 404.782 29726.5 159.427 1369.51 31660.3
4.212 1.212 3.81492e-05 0.0163831 412.458 0.0155033 1.1965 406.385 29834.7 159.427 1369.51 31770
4.213 1.213 3.80502e-05 0.016325 412.265 0.0155234 1.19748 407.971 29942 159.427 1369.51 31878.9
4.214 1.214 3.79528e-05 0.0162677 412.076 0.0155432 1.19846 409.54 30048.6 159.427 1369.51 31987.1
4.215 1.215 3.7857e-05 0.0162112 411.891 0.0155627 1.19944 411.092 30154.4 159.427 1369.51 32094.5
4.216 1.216 3.77626e-05 0.0161554 411.709 0.0155819 1.20042 412.628 30259.6 159.427 1369.51 32201.2
4.217 1.217 3.76697e-05 0.0161004 411.532 0.0156009 1.2014 414.149 30364.1 159.427 1369.5 32307.1
4.218 1.218 3.75781e-05 0.016046 411.358 0.0156196 1.20238 415.656 30467.9 159.427 1369.5 32412.5
4.219 1.219 3.74878e-05 0.0159923 411.187 0.015638 1.20336 417.149 30571.1 159.427 1369.5 32517.2
4.22 1.22 3.73988e-05 0.0159393 411.02 0.0156562 1.20434 418.628 30673.8 159.427 1369.5 32621.3
4.221 1.221 3.73111e-05 0.0158868 410.856 0.0156742 1.20533 420.094 30775.9 159.427 1369.5 32724.9
4.222 1.222 3.72244e-05 0.015835 410.695 0.0156919 1.20631 421.548 30877.4 159.427 1369.5 32827.9
4.223 1.223 3.7139e-05 0.0157838 410.536 0.0157094 1.20729 422.99 30978.5 159.427 1369.5 32930.4
4.224 1.224 3.70546e-05 0.0157331 410.381 0.0157267 1.20827 424.42 31079 159.427 1369.5 33032.4
4.225 1.225 3.69712e-05 0.015683 410.228 0.0157438 1.20926 425.84 31179.1 159.427 1369.49 33133.9
4.226 1.226 3.68889e-05 0.0156334 410.078 0.0157607 1.21024 427.248 31278.8 159.427 1369.49 33234.9
4.227 1.227 3.68076e-05 0.0155843 409.93 0.0157774 1.21122 428.646 31378 159.427 1369.49 33335.6
4.228 1.228 3.67272e-05 0.0155357 409.785 0.015794 1.21221 430.035 31476.8 159.427 1369.49 33435.7
4.229 1.229 3.66477e-05 0.0154877 409.642 0.0158103 1.21319 431.414 31575.2 159.427 1369.49 33535.5
4.23 1.23 3.65691e-05 0.01544 409.501 0.0158265 1.21417 432.783 31673.2 159.427 1369.49 33634.9
4.231 1.231 3.64914e-05 0.0153929 409.363 0.0158425 1.21516 434.144 31770.9 159.427 1369.49 33734
4.232 1.232 3.64145e-05 0.0153462 409.226 0.0158584 1.21614 435.496 31868.2 159.427 1369.49 33832.7
4.233 1.233 3.63385e-05 0.0152999 409.092 0.0158741 1.21713 436.84 31965.2 159.427 1369.49 33931
4.234 1.234 3.62632e-05 0.0152541 408.959 0.0158896 1.21811 438.175 32061.9 159.427 1369.48 34029
4.235 1.235 3.61887e-05 0.0152086 408.829 0.015905 1.2191 439.503 32158.3 159.427 1369.48 34126.7
4.236 1.236 3.61149e-05 0.0151636 408.7 0.0159203 1.22008 440.824 32254.4 159.427 1369.48 34224.1
4.237 1.237 3.60418e-05 0.0151189 408.573 0.0159354 1.22106 442.137 32350.2 159.427 1369.48 34321.2
4.238 1.238 3.59695e-05 0.0150746 408.448 0.0159504 1.22205 443.443 32445.7 159.427 1369.48 34418.1
4.239 1.239 3.58978e-05 0.0150307 408.324 0.0159653 1.22303 444.742 32541 159.427 1369.48 34514.7
4.24 1.24 3.58268e-05 0.0149872 408.202 0.01598 1.22402 446.035 32636.1 159.427 1369.48 34611
4.241 1.241 3.57564e-05 0.014944 408.081 0.0159946 1.22501 447.322 32730.9 159.427 1369.48 34707.1
4.242 1.242 3.56866e-05 0.0149012 407.963 0.0160091 1.22599 448.602 32825.5 159.427 1369.48 34803
4.243 1.243 3.56175e-05 0.0148587 407.845 0.0160235 1.22698 449.877 32919.8 159.427 1369.48 34898.6
4.244 1.244 3.55489e-05 0.0148165 407.729 0.0160377 1.22796 451.145 33014 159.427 1369.48 34994
4.245 1.245 3.54809e-05 0.0147747 407.614 0.0160519 1.22895 452.409 33108 159.427 1369.47 35089.3
4.246 1.246 3.54135e-05 0.0147331 407.501 0.0160659 1.22993 453.666 33201.7 159.427 1369.47 35184.3
4.247 1.247 3.53467e-05 0.0146919 407.389 0.0160799 1.23092 454.919 33295.3 159.427 1369.47 35279.2
4.248 1.248 3.52803e-05 0.014651 407.278 0.0160937 1.23191 456.167 33388.8 159.427 1369.47 35373.8
4.249 1.249 3.52145e-05 0.0146103 407.169 0.0161074 1.23289 457.409 33482 159.427 1369.47 35468.4
4.25 1.25 3.51492e-05 0.01457 407.06 0.0161211 1.23388 458.647 33575.2 159.427 1369.47 35562.7
4.251 1.251 3.50844e-05 0.0145299 406.953 0.0161346 1.23487 459.881 33668.1 159.427 1369.47 35656.9
4.252 1.252 3.502e-05 0.0144901 406.847 0.0161481 1.23585 461.11 33761 159.427 1369.47 35751
4.253 1.253 3.49562e-05 0.0144506 406.742 0.0161614 1.23684 462.334 33853.7 159.427 1369.47 35844.9
4.254 1.254 3.48928e-05 0.0144114 406.638 0.0161747 1.23783 463.555 33946.2 159.427 1369.47 35938.7
4.255 1.255 3.48298e-05 0.0143724 406.535 0.0161879 1.23881 464.771 34038.7 159.427 1369.47 36032.3
4.256 1.256 3.47673e-05 0.0143337 406.434 0.016201 1.2398 465.984 34131 159.427 1369.47 36125.9
4.257 1.257 3.47053e-05 0.0142952 406.333 0.016214 1.24079 467.193 34223.2 159.427 1369.46 36219.3
4.258 1.258 3.46436e-05 0.014257 406.233 0.016227 1.24177 468.398 34315.3 159.427 1369.46 36312.6
4.259 1.259 3.45824e-05 0.014219 406.134 0.0162399 1.24276 469.599 34407.4 159.427 1369.46 36405.9
4.26 1.26 3.45215e-05 0.0141812 406.036 0.0162526 1.24375 470.798 34499.3 159.427 1369.46 36499
4.261 1.261 3.44611e-05 0.0141437 405.939 0.0162654 1.24473 471.992 34591.1 159.427 1369.46 36592
4.262 1.262 3.4401e-05 0.0141064 405.842 0.016278 1.24572 473.184 34682.9 159.427 1369.46 36685
4.263 1.263 3.43413e-05 0.0140693 405.747 0.0162906 1.24671 474.372 34774.6 159.427 1369.46 36777.8
4.264 1.264 3.4282e-05 0.0140325 405.652 0.0163031 1.2477 475.558 34866.2 159.427 1369.46 36870.6
4.265 1.265 3.42231e-05 0.0139959 405.558 0.0163155 1.24868 476.74 34957.7 159.427 1369.46 36963.4
4.266 1.266 3.41645e-05 0.0139595 405.465 0.0163279 1.24967 477.92 35049.2 159.427 1369.46 37056
4.267 1.267 3.41062e-05 0.0139233 405.373 0.0163402 1.25066 479.097 35140.7 159.427 1369.46 37148.6
4.268 1.268 3.40483e-05 0.0138873 405.281 0.0163524 1.25165 480.271 35232 159.427 1369.46 37241.2
4.269 1.269 3.39908e-05 0.0138515 405.191 0.0163646 1.25264 481.443 35323.4 159.427 1369.46 37333.7
4.27 1.27 3.39335e-05 0.0138159 405.1 0.0163767 1.25362 482.612 35414.6 159.427 1369.45 37426.1
4.271 1.271 3.38766e-05 0.0137805 405.011 0.0163888 1.25461 483.778 35505.9 159.427 1369.45 37518.5
4.272 1.272 3.382e-05 0.0137453 404.922 0.0164008 1.2556 484.943 35597.1 159.427 1369.45 37610.9
4.273 1.273 3.37637e-05 0.0137103 404.834 0.0164127 1.25659 486.105 35688.2 159.427 1369.45 37703.2
4.274 1.274 3.37077e-05 0.0136754 404.747 0.0164246 1.25758 487.265 35779.3 159.427 1369.45 37795.5
4.275 1.275 3.3652e-05 0.0136408 404.66 0.0164364 1.25856 488.422 35870.4 159.427 1369.45 37887.8
4.276 1.276 3.35966e-05 0.0136064 404.574 0.0164482 1.25955 489.578 35961.5 159.427 1369.45 37980
4.277 1.277 3.35415e-05 0.0135721 404.488 0.0164599 1.26054 490.732 36052.6 159.427 1369.45 38072.2
4.278 1.278 3.34867e-05 0.013538 404.403 0.0164716 1.26153 491.883 36143.6 159.427 1369.45 38164.4
4.279 1.279 3.34322e-05 0.0135041 404.319 0.0164832 1.26252 493.033 36234.6 159.427 1369.45 38256.6
4.28 1.28 3.33779e-05 0.0134703 404.235 0.0164947 1.26351 494.181 36325.7 159.427 1369.45 38348.7
4.281 1.281 3.33239e-05 0.0134368 404.151 0.0165062 1.26449 495.327 36416.7 159.427 1369.45 38440.9
4.282 1.282 3.32702e-05 0.0134033 404.069 0.0165177 1.26548 496.472 36507.7 159.427 1369.45 38533
4.283 1.283 3.32167e-05 0.0133701 403.986 0.0165291 1.26647 497.614 36598.7 159.427 1369.45 38625.1
4.284 1.284 3.31635e-05 0.013337 403.905 0.0165405 1.26746 498.756 36689.6 159.427 1369.45 38717.3
4.285 1.285 3.31105e-05 0.0133041 403.823 0.0165518 1.26845 499.895 36780.6 159.427 1369.44 38809.4
4.286 1.286 3.30578e-05 0.0132714 403.743 0.0165631 1.26944 501.033 36871.6 159.427 1369.44 38901.5
4.287 1.287 3.30054e-05 0.0132388 403.662 0.0165743 1.27043 502.17 36962.6 159.427 1369.44 38993.7
4.288 1.288 3.29531e-05 0.0132063 403.583 0.0165855 1.27141 503.306 37053.7 159.427 1369.44 39085.8
4.289 1.289 3.29011e-05 0.013174 403.503 0.0165966 1.2724 504.439 37144.7 159.427 1369.44 39178
4.29 1.29 3.28494e-05 0.0131419 403.425 0.0166077 1.27339 505.572 37235.7 159.427 1369.44 39270.2
4.291 1.291 3.27979e-05 0.0131099 403.346 0.0166188 1.27438 506.704 37326.8 159.427 1369.44 39362.3
4.292 1.292 3.27466e-05 0.0130781 403.268 0.0166298 1.27537 507.834 37417.8 159.427 1369.44 39454.5
4.293 1.293 3.26955e-05 0.0130464 403.191 0.0166408 1.27636 508.963 37508.9 159.427 1369.44 39546.8
4.294 1.294 3.26446e-05 0.0130148 403.113 0.0166517 1.27735 510.09 37600 159.427 1369.44 39639
4.295 1.295 3.2594e-05 0.0129834 403.037 0.0166626 1.27834 511.217 37691.2 159.427 1369.44 39731.3
4.296 1.296 3.25436e-05 0.0129522 402.96 0.0166735 1.27933 512.343 37782.3 159.427 1369.44 39823.6
4.297 1.297 3.24933e-05 0.012921 402.885 0.0166843 1.28032 513.467 37873.5 159.427 1369.44 39915.9
4.298 1.298 3.24433e-05 0.0128901 402.809 0.0166951 1.28131 514.591 37964.8 159.427 1369.44 40008.2
4.299 1.299 3.23935e-05 0.0128592 402.734 0.0167058 1.28229 515.714 38056 159.427 1369.44 40100.6
4.3 1.3 3.2344e-05 0.0128285 402.659 0.0167165 1.28328 516.835 38147.3 159.427 1369.44 40193
4.301 1.301 3.22946e-05 0.0127979 402.585 0.0167272 1.28427 517.956 38238.6 159.427 1369.44 40285.4
4.302 1.302 3.22454e-05 0.0127675 402.511 0.0167378 1.28526 519.076 38330 159.427 1369.43 40377.9
4.303 1.303 3.21964e-05 0.0127372 402.437 0.0167484 1.28625 520.195 38421.4 159.427 1369.43 40470.4
4.304 1.304 3.21476e-05 0.012707 402.364 0.016759 1.28724 521.314 38512.8 159.427 1369.43 40563
4.305 1.305 3.20989e-05 0.012677 402.291 0.0167695 1.28823 522.431 38604.3 159.427 1369.43 40655.5
4.306 1.306 3.20505e-05 0.012647 402.218 0.01678 1.28922 523.548 38695.8 159.427 1369.43 40748.2
4.307 1.307 3.20023e-05 0.0126172 402.146 0.0167904 1.29021 524.664 38787.3 159.427 1369.43 40840.8
4.308 1.308 3.19542e-05 0.0125876 402.074 0.0168009 1.2912 525.779 38878.9 159.427 1369.43 40933.6
4.309 1.309 3.19064e-05 0.012558 402.003 0.0168113 1.29219 526.894 38970.6 159.427 1369.43 41026.3
4.31 1.31 3.18587e-05 0.0125286 401.931 0.0168216 1.29318 528.008 39062.3 159.427 1369.43 41119.1
4.311 1.311 3.18111e-05 0.0124993 401.86 0.016832 1.29417 529.121 39154 159.427 1369.43 41212
4.312 1.312 3.17638e-05 0.0124701 401.79 0.0168423 1.29516 530.234 39245.8 159.427 1369.43 41304.9
4.313 1.313 3.17166e-05 0.012441 401.719 0.0168525 1.29615 531.346 39337.6 159.427 1369.43 41397.8
4.314 1.314 3.16697e-05 0.0124121 401.649 0.0168628 1.29714 532.458 39429.5 159.427 1369.43 41490.8
4.315 1.315 3.16228e-05 0.0123833 401.579 0.016873 1.29813 533.569 39521.5 159.427 1369.43 41583.9
4.316 1.316 3.15762e-05 0.0123546 401.51 0.0168831 1.29912 534.679 39613.5 159.427 1369.43 41677
4.317 1.317 3.15297e-05 0.012326 401.441 0.0168933 1.30011 535.789 39705.5 159.427 1369.43 41770.1
4.318 1.318 3.14834e-05 0.0122975 401.372 0.0169034 1.3011 536.899 39797.6 159.427 1369.43 41863.4
4.319 1.319 3.14372e-05 0.0122691 401.303 0.0169135 1.30209 538.008 39889.8 159.427 1369.43 41956.6
4.32 1.32 3.13912e-05 0.0122409 401.235 0.0169235 1.30308 539.117 39982 159.427 1369.42 42050
4.321 1.321 3.13454e-05 0.0122127 401.167 0.0169336 1.30407 540.225 40074.3 159.427 1369.42 42143.3
4.322 1.322 3.12997e-05 0.0121847 401.099 0.0169436 1.30506 541.333 40166.6 159.427 1369.42 42236.8
4.323 1.323 3.12542e-05 0.0121568 401.031 0.0169535 1.30605 542.44 40259 159.427 1369.42 42330.3
4.324 1.324 3.12089e-05 0.012129 400.964 0.0169635 1.30704 543.547 40351.5 159.427 1369.42 42423.9
4.325 1.325 3.11637e-05 0.0121013 400.897 0.0169734 1.30803 544.653 40444 159.427 1369.42 42517.5
4.326 1.326 3.11186e-05 0.0120737 400.83 0.0169833 1.30902 545.759 40536.6 159.427 1369.42 42611.2
4.327 1.327 3.10737e-05 0.0120462 400.764 0.0169931 1.31001 546.865 40629.2 159.427 1369.42 42704.9
4.328 1.328 3.1029e-05 0.0120188 400.698 0.017003 1.311 547.971 40721.9 159.427 1369.42 42798.7
4.329 1.329 3.09844e-05 0.0119916 400.632 0.0170128 1.31199 549.076 40814.7 159.427 1369.42 42892.6
4.33 1.33 3.09399e-05 0.0119644 400.566 0.0170226 1.31298 550.181 40907.5 159.427 1369.42 42986.5
4.331 1.331 3.08956e-05 0.0119373 400.5 0.0170323 1.31397 551.285 41000.4 159.427 1369.42 43080.5
4.332 1.332 3.08515e-05 0.0119104 400.435 0.017042 1.31496 552.389 41093.3 159.427 1369.42 43174.6
4.333 1.333 3.08075e-05 0.0118835 400.37 0.0170517 1.31595 553.493 41186.4 159.427 1369.42 43268.7
4.334 1.334 3.07636e-05 0.0118567 400.305 0.0170614 1.31694 554.597 41279.5 159.427 1369.42 43362.9
4.335 1.335 3.07199e-05 0.0118301 400.241 0.0170711 1.31793 555.7 41372.6 159.427 1369.42 43457.2
4.336 1.336 3.06763e-05 0.0118035 400.176 0.0170807 1.31892 556.803 41465.8 159.427 1369.42 43551.5
4.337 1.337 3.06329e-05 0.0117771 400.112 0.0170903 1.31991 557.905 41559.1 159.427 1369.42 43645.9
4.338 1.338 3.05896e-05 0.0117507 400.048 0.0170998 1.3209 559.008 41652.5 159.427 1369.42 43740.3
4.339 1.339 3.05465e-05 0.0117245 399.985 0.0171094 1.32189 560.11 41745.9 159.427 1369.41 43834.8
4.34 1.34 3.05035e-05 0.0116983 399.921 0.0171189 1.32288 561.212 41839.4 159.427 1369.41 43929.4
4.341 1.341 3.04606e-05 0.0116722 399.858 0.0171284 1.32387 562.313 41932.9 159.427 1369.41 44024.1
4.342 1.342 3.04179e-05 0.0116463 399.795 0.0171379 1.32486 563.415 42026.6 159.427 1369.41 44118.8
4.343 1.343 3.03753e-05 0.0116204 399.732 0.0171473 1.32585 564.516 42120.3 159.427 1369.41 44213.6
4.344 1.344 3.03328e-05 0.0115946 399.67 0.0171567 1.32684 565.617 42214 159.427 1369.41 44308.5
4.345 1.345 3.02905e-05 0.011569 399.607 0.0171661 1.32783 566.717 42307.8 159.427 1369.41 44403.4
4.346 1.346 3.02483e-05 0.0115434 399.545 0.0171755 1.32882 567.818 42401.7 159.427 1369.41 44498.4
4.347 1.347 3.02062e-05 0.0115179 399.483 0.0171849 1.32982 568.918 42495.7 159.427 1369.41 44593.5
4.348 1.348 3.01643e-05 0.0114925 399.422 0.0171942 1.33081 570.018 42589.7 159.427 1369.41 44688.6
4.349 1.349 3.01225e-05 0.0114672 399.36 0.0172035 1.3318 571.117 42683.8 159.427 1369.41 44783.8
4.35 1.35 3.00808e-05 0.011442 399.299 0.0172128 1.33279 572.216 42778 159.427 1369.41 44879.1
4.351 1.351 3.00393e-05 0.0114169 399.238 0.017222 1.33378 573.315 42872.2 159.427 1369.41 44974.4
4.352 1.352 2.99979e-05 0.0113919 399.177 0.0172312 1.33477 574.414 42966.5 159.427 1369.41 45069.8
4.353 1.353 2.99566e-05 0.0113669 399.117 0.0172404 1.33576 575.513 43060.9 159.427 1369.41 45165.3
4.354 1.354 2.99155e-05 0.0113421 399.056 0.0172496 1.33675 576.611 43155.4 159.427 1369.41 45260.8
4.355 1.355 2.98745e-05 0.0113174 398.996 0.0172588 1.33774 577.709 43249.9 159.427 1369.41 45356.4
4.356 1.356 2.98336e-05 0.0112927 398.936 0.0172679 1.33873 578.807 43344.4 159.427 1369.41 45452.1
4.357 1.357 2.97929e-05 0.0112681 398.876 0.017277 1.33972 579.904 43439.1 159.427 1369.41 45547.8
4.358 1.358 2.97522e-05 0.0112437 398.817 0.0172861 1.34071 581.001 43533.8 159.427 1369.41 45643.6
4.359 1.359 2.97117e-05 0.0112193 398.757 0.0172951 1.3417 582.098 43628.6 159.427 1369.41 45739.5
4.36 1.36 2.96714e-05 0.011195 398.698 0.0173042 1.3427 583.194 43723.4 159.427 1369.41 45835.4
4.361 1.361 2.96311e-05 0.0111708 398.639 0.0173132 1.34369 584.291 43818.3 159.427 1369.4 45931.4
4.362 1.362 2.9591e-05 0.0111466 398.58 0.0173222 1.34468 585.386 43913.3 159.427 1369.4 46027.5
4.363 1.363 2.9551e-05 0.0111226 398.522 0.0173311 1.34567 586.482 44008.3 159.427 1369.4 46123.6
4.364 1.364 2.95112e-05 0.0110987 398.464 0.0173401 1.34666 587.577 44103.4 159.427 1369.4 46219.8
4.365 1.365 2.94714e-05 0.0110748 398.405 0.017349 1.34765 588.672 44198.6 159.427 1369.4 46316.1
4.366 1.366 2.94318e-05 0.011051 398.348 0.0173579 1.34864 589.767 44293.8 159.427 1369.4 46412.4
4.367 1.367 2.93923e-05 0.0110273 398.29 0.0173668 1.34963 590.861 44389.1 159.427 1369.4 46508.8
4.368 1.368 2.93529e-05 0.0110037 398.232 0.0173756 1.35062 591.954 44484.4 159.427 1369.4 46605.2
4.369 1.369 2.93137e-05 0.0109802 398.175 0.0173844 1.35162 593.048 44579.8 159.427 1369.4 46701.7
4.37 1.37 2.92746e-05 0.0109568 398.118 0.0173932 1.35261 594.14 44675.3 159.427 1369.4 46798.3
4.371 1.371 2.92356e-05 0.0109334 398.061 0.017402 1.3536 595.233 44770.8 159.427 1369.4 46894.9
4.372 1.372 2.91967e-05 0.0109102 398.005 0.0174107 1.35459 596.325 44866.4 159.427 1369.4 46991.6
4.373 1.373 2.9158e-05 0.010887 397.948 0.0174195 1.35558 597.417 44962.1 159.427 1369.4 47088.3
4.374 1.374 2.91194e-05 0.0108639 397.892 0.0174282 1.35657 598.508 45057.8 159.427 1369.4 47185.1
4.375 1.375 2.90809e-05 0.0108409 397.836 0.0174368 1.35756 599.598 45153.5 159.427 1369.4 47281.9
4.376 1.376 2.90425e-05 0.010818 397.78 0.0174455 1.35855 600.688 45249.3 159.427 1369.4 47378.8
4.377 1.377 2.90043e-05 0.0107952 397.725 0.0174541 1.35955 601.778 45345.2 159.427 1369.4 47475.8
4.378 1.378 2.89661e-05 0.0107724 397.669 0.0174627 1.36054 602.867 45441.1 159.427 1369.4 47572.8
4.379 1.379 2.89281e-05 0.0107497 397.614 0.0174713 1.36153 603.955 45537.1 159.427 1369.4 47669.9
4.38 1.38 2.88902e-05 0.0107272 397.559 0.0174798 1.36252 605.043 45633.1 159.427 1369.4 47767
4.381 1.381 2.88525e-05 0.0107047 397.504 0.0174884 1.36351 606.13 45729.2 159.427 1369.4 47864.2
4.382 1.382 2.88149e-05 0.0106822 397.45 0.0174969 1.3645 607.217 45825.3 159.427 1369.4 47961.4
4.383 1.383 2.87774e-05 0.0106599 397.396 0.0175054 1.36549 608.303 45921.5 159.427 1369.4 48058.6
4.384 1.384 2.874e-05 0.0106377 397.342 0.0175138 1.36649 609.388 46017.7 159.427 1369.4 48155.9
4.385 1.385 2.87027e-05 0.0106155 397.288 0.0175222 1.36748 610.473 46114 159.427 1369.39 48253.3
4.386 1.386 2.86656e-05 0.0105934 397.234 0.0175306 1.36847 611.557 46210.3 159.427 1369.39 48350.7
4.387 1.387 2.86286e-05 0.0105714 397.181 0.017539 1.36946 612.64 46306.6 159.427 1369.39 48448.1
4.388 1.388 2.85917e-05 0.0105495 397.128 0.0175474 1.37045 613.723 46403 159.427 1369.39 48545.6
4.389 1.389 2.85549e-05 0.0105276 397.075 0.0175557 1.37144 614.804 46499.5 159.427 1369.39 48643.1
4.39 1.39 2.85183e-05 0.0105059 397.022 0.017564 1.37244 615.885 46596 159.427 1369.39 48740.7
4.391 1.391 2.84818e-05 0.0104842 396.97 0.0175723 1.37343 616.965 46692.5 159.427 1369.39 48838.3
4.392 1.392 2.84454e-05 0.0104626 396.917 0.0175805 1.37442 618.044 46789 159.427 1369.39 48935.9
4.393 1.393 2.84091e-05 0.0104411 396.866 0.0175887 1.37541 619.122 46885.6 159.427 1369.39 49033.5
4.394 1.394 2.8373e-05 0.0104196 396.814 0.0175969 1.3764 620.199 46982.2 159.427 1369.39 49131.2
4.395 1.395 2.8337e-05 0.0103983 396.762 0.0176051 1.3774 621.276 47078.9 159.427 1369.39 49229
4.396 1.396 2.83011e-05 0.010377 396.711 0.0176132 1.37839 622.351 47175.5 159.427 1369.39 49326.7
4.397 1.397 2.82653e-05 0.0103558 396.66 0.0176213 1.37938 623.425 47272.2 159.427 1369.39 49424.5
4.398 1.398 2.82297e-05 0.0103347 396.609 0.0176294 1.38037 624.498 47369 159.427 1369.39 49522.3
4.399 1.399 2.81942e-05 0.0103137 396.559 0.0176375 1.38136 625.57 47465.7 159.427 1369.39 49620.1
4.4 1.4 2.81588e-05 0.0102927 396.509 0.0176455 1.38235 626.641 47562.5 159.427 1369.39 49718
4.401 1.401 2.81236e-05 0.0102719 396.459 0.0176535 1.38335 627.711 47659.3 159.427 1369.39 49815.8
4.402 1.402 2.80885e-05 0.0102511 396.409 0.0176615 1.38434 628.78 47756.1 159.427 1369.39 49913.7
4.403 1.403 2.80535e-05 0.0102304 396.36 0.0176694 1.38533 629.847 47853 159.427 1369.39 50011.6
4.404 1.404 2.80186e-05 0.0102098 396.31 0.0176773 1.38632 630.913 47949.8 159.427 1369.39 50109.5
4.405 1.405 2.79839e-05 0.0101892 396.262 0.0176852 1.38731 631.978 48046.7 159.427 1369.39 50207.4
4.406 1.406 2.79493e-05 0.0101687 396.213 0.0176931 1.38831 633.041 48143.5 159.427 1369.39 50305.4
4.407 1.407 2.79148e-05 0.0101484 396.165 0.0177009 1.3893 634.103 48240.4 159.427 1369.39 50403.3
4.408 1.408 2.78805e-05 0.0101281 396.116 0.0177087 1.39029 635.164 48337.3 159.427 1369.39 50501.3
4.409 1.409 2.78463e-05 0.0101078 396.069 0.0177164 1.39128 636.223 48434.2 159.427 1369.39 50599.2
4.41 1.41 2.78122e-05 0.0100877 396.021 0.0177242 1.39228 637.28 48531 159.427 1369.39 50697.1
4.411 1.411 2.77783e-05 0.0100677 395.974 0.0177319 1.39327 638.336 48627.9 159.427 1369.39 50795.1
4.412 1.412 2.77445e-05 0.0100477 395.927 0.0177396 1.39426 639.391 48724.8 159.427 1369.38 50893
4.413 1.413 2.77108e-05 0.0100278 395.88 0.0177472 1.39525 640.443 48821.7 159.427 1369.38 50990.9
4.414 1.414 2.76773e-05 0.010008 395.834 0.0177548 1.39625 641.494 48918.5 159.427 1369.38 51088.8
4.415 1.415 2.76439e-05 0.00998824 395.788 0.0177624 1.39724 642.543 49015.4 159.427 1369.38 51186.7
4.416 1.416 2.76106e-05 0.00996858 395.742 0.0177699 1.39823 643.591 49112.2 159.427 1369.38 51284.6
4.417 1.417 2.75775e-05 0.00994901 395.697 0.0177775 1.39922 644.636 49209 159.427 1369.38 51382.5
4.418 1.418 2.75445e-05 0.00992953 395.652 0.0177849 1.40022 645.68 49305.8 159.427 1369.38 51480.3
4.419 1.419 2.75117e-05 0.00991012 395.607 0.0177924 1.40121 646.722 49402.6 159.427 1369.38 51578.1
4.42 1.42 2.74789e-05 0.00989079 395.562 0.0177998 1.4022 647.761 49499.4 159.427 1369.38 51675.9
4.421 1.421 2.74464e-05 0.00987155 395.518 0.0178072 1.40319 648.799 49596.1 159.427 1369.38 51773.7
4.422 1.422 2.7414e-05 0.00985239 395.474 0.0178145 1.40419 649.834 49692.8 159.427 1369.38 51871.4
4.423 1.423 2.73817e-05 0.00983331 395.431 0.0178218 1.40518 650.868 49789.4 159.427 1369.38 51969.1
4.424 1.424 2.73495e-05 0.00981431 395.388 0.0178291 1.40617 651.899 49886 159.427 1369.38 52066.7
4.425 1.425 2.73175e-05 0.00979539 395.345 0.0178364 1.40716 652.927 49982.6 159.427 1369.38 52164.3
4.426 1.426 2.72857e-05 0.00977656 395.303 0.0178436 1.40816 653.954 50079.1 159.427 1369.38 52261.9
4.427 1.427 2.7254e-05 0.00975781 395.26 0.0178507 1.40915 654.978 50175.6 159.427 1369.38 52359.4
4.428 1.428 2.72224e-05 0.00973914 395.219 0.0178579 1.41014 655.999 50272 159.427 1369.38 52456.8
4.429 1.429 2.7191e-05 0.00972055 395.177 0.017865 1.41114 657.018 50368.4 159.427 1369.38 52554.2
4.43 1.43 2.71597e-05 0.00970205 395.136 0.017872 1.41213 658.034 50464.7 159.427 1369.38 52651.5
4.431 1.431 2.71286e-05 0.00968363 395.096 0.017879 1.41312 659.048 50560.9 159.427 1369.38 52748.8
4.432 1.432 2.70976e-05 0.00966529 395.055 0.017886 1.41411 660.059 50657.1 159.427 1369.38 52845.9
4.433 1.433 2.70668e-05 0.00964704 395.016 0.017893 1.41511 661.067 50753.2 159.427 1369.38 52943.1
4.434 1.434 2.70362e-05 0.00962887 394.976 0.0178999 1.4161 662.072 50849.2 159.427 1369.38 53040.1
4.435 1.435 2.70056e-05 0.00961079 394.937 0.0179067 1.41709 663.074 50945.2 159.427 1369.38 53137
4.436 1.436 2.69753e-05 0.00959278 394.898 0.0179136 1.41809 664.073 51041 159.427 1369.38 53233.9
4.437 1.437 2.69451e-05 0.00957487 394.86 0.0179204 1.41908 665.069 51136.8 159.427 1369.38 53330.7
4.438 1.438 2.6915e-05 0.00955704 394.822 0.0179271 1.42007 666.062 51232.5 159.427 1369.38 53427.4
4.439 1.439 2.68852e-05 0.00953929 394.784 0.0179338 1.42107 667.052 51328.1 159.427 1369.38 53524
4.44 1.44 2.68554e-05 0.00952163 394.747 0.0179405 1.42206 668.038 51423.6 159.427 1369.38 53620.4
4.441 1.441 2.68259e-05 0.00950405 394.711 0.0179471 1.42305 669.021 51519 159.427 1369.38 53716.8
4.442 1.442 2.67965e-05 0.00948656 394.675 0.0179537 1.42405 670.001 51614.3 159.427 1369.38 53813.1
4.443 1.443 2.67672e-05 0.00946915 394.639 0.0179602 1.42504 670.977 51709.4 159.427 1369.38 53909.2
4.444 1.444 2.67382e-05 0.00945183 394.603 0.0179667 1.42603 671.949 51804.5 159.427 1369.37 54005.2
4.445 1.445 2.67092e-05 0.0094346 394.569 0.0179731 1.42703 672.918 51899.4 159.427 1369.37 54101.1
4.446 1.446 2.66805e-05 0.00941745 394.534 0.0179795 1.42802 673.882 51994.2 159.427 1369.37 54196.9
4.447 1.447 2.66519e-05 0.00940039 394.5 0.0179859 1.42901 674.843 52088.9 159.427 1369.37 54292.5
4.448 1.448 2.66235e-05 0.00938342 394.467 0.0179922 1.43001 675.8 52183.4 159.427 1369.37 54388
4.449 1.449 2.65953e-05 0.00936653 394.434 0.0179984 1.431 676.753 52277.8 159.427 1369.37 54483.3
4.45 1.45 2.65672e-05 0.00934974 394.401 0.0180046 1.432 677.701 52372 159.427 1369.37 54578.5
4.451 1.451 2.65393e-05 0.00933303 394.369 0.0180108 1.43299 678.646 52466.1 159.427 1369.37 54673.6
4.452 1.452 2.65116e-05 0.00931641 394.337 0.0180169 1.43398 679.586 52560.1 159.427 1369.37 54768.4
4.453 1.453 2.64841e-05 0.00929988 394.306 0.018023 1.43498 680.521 52653.8 159.427 1369.37 54863.1
4.454 1.454 2.64567e-05 0.00928343 394.276 0.018029 1.43597 681.453 52747.4 159.427 1369.37 54957.7
4.455 1.455 2.64296e-05 0.00926708 394.246 0.018035 1.43697 682.379 52840.8 159.427 1369.37 55052
4.456 1.456 2.64026e-05 0.00925082 394.216 0.0180409 1.43796 683.301 52934.1 159.427 1369.37 55146.2
4.457 1.457 2.63757e-05 0.00923465 394.187 0.0180467 1.43895 684.218 53027.1 159.427 1369.37 55240.2
4.458 1.458 2.63491e-05 0.00921856 394.159 0.0180526 1.43995 685.13 53120 159.427 1369.37 55333.9
4.459 1.459 2.63227e-05 0.00920257 394.131 0.0180583 1.44094 686.037 53212.7 159.427 1369.37 55427.5
4.46 1.46 2.62964e-05 0.00918667 394.104 0.018064 1.44194 686.939 53305.1 159.427 1369.37 55520.9
4.461 1.461 2.62703e-05 0.00917086 394.077 0.0180697 1.44293 687.835 53397.4 159.427 1369.37 55614
4.462 1.462 2.62445e-05 0.00915515 394.051 0.0180753 1.44392 688.726 53489.5 159.427 1369.37 55707
4.463 1.463 2.62188e-05 0.00913952 394.025 0.0180808 1.44492 689.612 53581.3 159.427 1369.37 55799.7
4.464 1.464 2.61933e-05 0.00912399 394 0.0180863 1.44591 690.493 53672.9 159.427 1369.37 55892.2
4.465 1.465 2.6168e-05 0.00910856 393.976 0.0180917 1.44691 691.367 53764.2 159.427 1369.37 55984.4
4.466 1.466 2.61429e-05 0.00909321 393.952 0.0180971 1.4479 692.236 53855.4 159.427 1369.37 56076.4
4.467 1.467 2.6118e-05 0.00907796 393.929 0.0181024 1.4489 693.099 53946.2 159.427 1369.37 56168.1
4.468 1.468 2.60933e-05 0.00906281 393.906 0.0181076 1.44989 693.956 54036.8 159.427 1369.37 56259.6
4.469 1.469 2.60688e-05 0.00904775 393.884 0.0181128 1.45089 694.807 54127.2 159.427 1369.37 56350.8
4.47 1.47 2.60446e-05 0.00903278 393.863 0.018118 1.45188 695.652 54217.3 159.427 1369.37 56441.8
4.471 1.471 2.60205e-05 0.00901791 393.842 0.018123 1.45288 696.491 54307.1 159.427 1369.37 56532.4
4.472 1.472 2.59966e-05 0.00900314 393.822 0.018128 1.45387 697.323 54396.7 159.427 1369.37 56622.8
4.473 1.473 2.59729e-05 0.00898847 393.803 0.018133 1.45487 698.148 54485.9 159.427 1369.37 56712.9
4.474 1.474 2.59495e-05 0.00897389 393.784 0.0181378 1.45586 698.967 54574.9 159.427 1369.37 56802.6
4.475 1.475 2.59263e-05 0.00895941 393.766 0.0181427 1.45686 699.779 54663.5 159.427 1369.37 56892.1
4.476 1.476 2.59032e-05 0.00894502 393.749 0.0181474 1.45785 700.584 54751.9 159.427 1369.37 56981.3
4.477 1.477 2.58805e-05 0.00893074 393.732 0.0181521 1.45885 701.382 54839.9 159.427 1369.37 57070.1
4.478 1.478 2.58579e-05 0.00891655 393.716 0.0181567 1.45984 702.173 54927.6 159.427 1369.37 57158.6
4.479 1.479 2.58355e-05 0.00890247 393.701 0.0181612 1.46084 702.957 55015 159.427 1369.37 57246.8
4.48 1.48 2.58134e-05 0.00888848 393.687 0.0181657 1.46183 703.733 55102.1 159.427 1369.37 57334.6
4.481 1.481 2.57915e-05 0.0088746 393.673 0.0181701 1.46283 704.501 55188.8 159.427 1369.37 57422.1
4.482 1.482 2.57698e-05 0.00886082 393.66 0.0181745 1.46383 705.262 55275.1 159.427 1369.37 57509.2
4.483 1.483 2.57484e-05 0.00884713 393.648 0.0181787 1.46482 706.015 55361.1 159.427 1369.37 57595.9
4.484 1.484 2.57271e-05 0.00883355 393.636 0.0181829 1.46582 706.761 55446.7 159.427 1369.37 57682.3
4.485 1.485 2.57062e-05 0.00882007 393.626 0.0181871 1.46681 707.498 55532 159.427 1369.36 57768.2
4.486 1.486 2.56854e-05 0.0088067 393.616 0.0181911 1.46781 708.227 55616.8 159.427 1369.36 57853.8
4.487 1.487 2.56649e-05 0.00879343 393.607 0.0181951 1.4688 708.948 55701.3 159.427 1369.36 57939
4.488 1.488 2.56446e-05 0.00878026 393.598 0.018199 1.4698 709.66 55785.4 159.427 1369.36 58023.8
4.489 1.489 2.56246e-05 0.0087672 393.591 0.0182028 1.4708 710.364 55869 159.427 1369.36 58108.2
4.49 1.49 2.56048e-05 0.00875424 393.584 0.0182066 1.47179 711.059 55952.3 159.427 1369.36 58192.1
4.491 1.491 2.55853e-05 0.00874139 393.579 0.0182102 1.47279 711.745 56035.1 159.427 1369.36 58275.6
4.492 1.492 2.5566e-05 0.00872864 393.574 0.0182138 1.47379 712.422 56117.5 159.427 1369.36 58358.7
4.493 1.493 2.5547e-05 0.008716 393.569 0.0182173 1.47478 713.09 56199.4 159.427 1369.36 58441.3
4.494 1.494 2.55282e-05 0.00870347 393.566 0.0182207 1.47578 713.749 56280.9 159.427 1369.36 58523.5
4.495 1.495 2.55097e-05 0.00869104 393.564 0.0182241 1.47678 714.399 56362 159.427 1369.36 58605.2
4.496 1.496 2.54914e-05 0.00867872 393.562 0.0182274 1.47777 715.039 56442.6 159.427 1369.36 58686.4
4.497 1.497 2.54734e-05 0.00866651 393.562 0.0182305 1.47877 715.669 56522.7 159.427 1369.36 58767.1
4.498 1.498 2.54557e-05 0.00865441 393.562 0.0182336 1.47977 716.29 56602.3 159.427 1369.36 58847.4
4.499 1.499 2.54382e-05 0.00864242 393.564 0.0182367 1.48076 716.9 56681.4 159.427 1369.36 58927.1
4.5 1.5 2.5421e-05 0.008 393.566 0.0182396 1.48176 717.501 56760.1 159.427 1369.36 59006.4
4.501 1.501 2.36001e-05 0.008 386.585 0.0178086 1.48319 754.6 61318.1 159.427 1369.35 63601.4
4.502 1.5 2.35677e-05 0.008 386.396 0.0188419 1.48116 799.479 61318.1 159.427 1369.35 63646.3
4.503 1.499 2.35515e-05 0.008 386.269 0.0188601 1.48014 800.801 61318.1 159.427 1369.35 63647.6
4.504 1.498 2.35354e-05 0.008 386.143 0.0188685 1.47913 801.705 61318.1 159.427 1369.35 63648.5
4.505 1.49699 2.35194e-05 0.008 386.017 0.0188768 1.47812 802.606 61318.1 159.427 1369.35 63649.4
4.506 1.49599 2.35033e-05 0.008 385.892 0.0188851 1.47711 803.509 61318.1 159.427 1369.35 63650.3
4.507 1.49499 2.34872e-05 0.008 385.766 0.0188934 1.4761 804.412 61318.1 159.427 1369.34 63651.2
4.508 1.49399 2.34712e-05 0.008 385.641 0.0189017 1.47509 805.316 61318.1 159.427 1369.34 63652.1
4.509 1.49299 2.34551e-05 0.008 385.515 0.01891 1.47408 806.221 61318.1 159.427 1369.34 63653
4.51 1.49199 2.3439e-05 0.008 385.39 0.0189183 1.47307 807.127 61318.1 159.427 1369.34 63654
4.511 1.49099 2.3423e-05 0.008 385.265 0.0189265 1.47206 808.033 61318.1 159.427 1369.34 63654.9
4.512 1.48999 2.34069e-05 0.008 385.139 0.0189348 1.47105 808.941 61318.1 159.427 1369.34 63655.8
4.513 1.48898 2.33909e-05 0.008 385.014 0.0189431 1.47004 809.849 61318.1 159.427 1369.34 63656.7
4.514 1.48798 2.33748e-05 0.008 384.889 0.0189513 1.46903 810.759 61318.1 159.427 1369.34 63657.6
4.515 1.48698 2.33587e-05 0.008 384.764 0.0189596 1.46802 811.669 61318.1 159.427 1369.34 63658.5
4.516 1.48598 2.33427e-05 0.008 384.64 0.0189678 1.46701 812.581 61318.1 159.427 1369.34 63659.4
4.517 1.48498 2.33266e-05 0.008 384.515 0.018976 1.466 813.493 61318.1 159.427 1369.34 63660.3
4.518 1.48398 2.33105e-05 0.008 384.39 0.0189842 1.46499 814.406 61318.1 159.427 1369.34 63661.2
4.519 1.48298 2.32945e-05 0.008 384.266 0.0189924 1.46398 815.32 61318.1 159.427 1369.34 63662.1
4.52 1.48197 2.32784e-05 0.008 384.141 0.0190006 1.46297 816.235 61318.1 159.427 1369.34 63663.1
4.521 1.48097 2.32623e-05 0.008 384.017 0.0190088 1.46196 817.151 61318.1 159.427 1369.34 63664
4.522 1.47997 2.32463e-05 0.008 383.892 0.019017 1.46095 818.068 61318.1 159.427 1369.34 63664.9
4.523 1.47897 2.32302e-05 0.008 383.768 0.0190252 1.45995 818.985 61318.1 159.427 1369.34 63665.8
4.524 1.47797 2.32142e-05 0.008 383.644 0.0190334 1.45894 819.904 61318.1 159.427 1369.34 63666.7
4.525 1.47697 2.31981e-05 0.008 383.52 0.0190415 1.45793 820.823 61318.1 159.427 1369.34 63667.6
4.526 1.47597 2.3182e-05 0.008 383.396 0.0190497 1.45692 821.744 61318.1 159.427 1369.34 63668.6
4.527 1.47497 2.3166e-05 0.008 383.272 0.0190578 1.45591 822.665 61318.1 159.427 1369.34 63669.5
4.528 1.47396 2.31499e-05 0.008 383.148 0.019066 1.4549 823.587 61318.1 159.427 1369.34 63670.4
4.529 1.47296 2.31338e-05 0.008 383.025 0.0190741 1.45389 824.511 61318.1 159.427 1369.34 63671.3
4.53 1.47196 2.31178e-05 0.008 382.901 0.0190822 1.45288 825.435 61318.1 159.427 1369.34 63672.3
4.531 1.47096 2.31017e-05 0.008 382.777 0.0190903 1.45187 826.36 61318.1 159.427 1369.34 63673.2
4.532 1.46996 2.30857e-05 0.008 382.654 0.0190984 1.45086 827.286 61318.1 159.427 1369.34 63674.1
4.533 1.46896 2.30696e-05 0.008 382.531 0.0191065 1.44985 828.212 61318.1 159.427 1369.34 63675
4.534 1.46796 2.30535e-05 0.008 382.407 0.0191146 1.44884 829.14 61318.1 159.427 1369.34 63676
4.535 1.46695 2.30375e-05 0.008 382.284 0.0191227 1.44783 830.069 61318.1 159.427 1369.34 63676.9
4.536 1.46595 2.30214e-05 0.008 382.161 0.0191308 1.44682 830.998 61318.1 159.427 1369.34 63677.8
4.537 1.46495 2.30053e-05 0.008 382.038 0.0191388 1.44581 831.929 61318.1 159.427 1369.34 63678.8
4.538 1.46395 2.29893e-05 0.008 381.915 0.0191469 1.4448 832.86 61318.1 159.427 1369.34 63679.7
4.539 1.46295 2.29732e-05 0.008 381.792 0.0191549 1.44379 833.793 61318.1 159.427 1369.34 63680.6
4.54 1.46195 2.29572e-05 0.008 381.669 0.0191629 1.44279 834.726 61318.1 159.427 1369.34 63681.6
4.541 1.46095 2.29411e-05 0.008 381.547 0.019171 1.44178 835.66 61318.1 159.427 1369.34 63682.5
4.542 1.45995 2.2925e-05 0.008 381.424 0.019179 1.44077 836.595 61318.1 159.427 1369.34 63683.4
4.543 1.45894 2.2909e-05 0.008 381.302 0.019187 1.43976 837.531 61318.1 159.427 1369.34 63684.4
4.544 1.45794 2.28929e-05 0.008 381.179 0.019195 1.43875 838.468 61318.1 159.427 1369.34 63685.3
4.545 1.45694 2.28769e-05 0.008 381.057 0.019203 1.43774 839.406 61318.1 159.427 1369.34 63686.2
4.546 1.45594 2.28608e-05 0.008 380.934 0.019211 1.43673 840.345 61318.1 159.427 1369.34 63687.2
4.547 1.45494 2.28447e-05 0.008 380.812 0.0192189 1.43572 841.285 61318.1 159.427 1369.34 63688.1
4.548 1.45394 2.28287e-05 0.008 380.69 0.0192269 1.43471 842.225 61318.1 159.427 1369.34 63689
4.549 1.45294 2.28126e-05 0.008 380.568 0.0192348 1.4337 843.167 61318.1 159.427 1369.34 63690
4.55 1.45193 2.27966e-05 0.008 380.446 0.0192428 1.43269 844.109 61318.1 159.427 1369.34 63690.9
4.551 1.45093 2.27805e-05 0.008 380.324 0.0192507 1.43168 845.053 61318.1 159.427 1369.34 63691.9
4.552 1.44993 2.27644e-05 0.008 380.203 0.0192587 1.43067 845.997 61318.1 159.427 1369.34 63692.8
4.553 1.44893 2.27484e-05 0.008 380.081 0.0192666 1.42966 846.942 61318.1 159.427 1369.34 63693.8
4.554 1.44793 2.27323e-05 0.008 379.959 0.0192745 1.42865 847.888 61318.1 159.427 1369.34 63694.7
4.555 1.44693 2.27163e-05 0.008 379.838 0.0192824 1.42765 848.836 61318.1 159.427 1369.34 63695.7
4.556 1.44593 2.27002e-05 0.008 379.717 0.0192903 1.42664 849.784 61318.1 159.427 1369.34 63696.6
4.557 1.44493 2.26842e-05 0.008 379.595 0.0192981 1.42563 850.733 61318.1 159.427 1369.34 63697.6
4.558 1.44392 2.26681e-05 0.008 379.474 0.019306 1.42462 851.682 61318.1 159.427 1369.34 63698.5
4.559 1.44292 2.2652e-05 0.008 379.353 0.0193139 1.42361 852.633 61318.1 159.427 1369.34 63699.5
4.56 1.44192 2.2636e-05 0.008 379.232 0.0193217 1.4226 853.585 61318.1 159.427 1369.34 63700.4
4.561 1.44092 2.26199e-05 0.008 379.111 0.0193296 1.42159 854.538 61318.1 159.427 1369.34 63701.4
4.562 1.43992 2.26039e-05 0.008 378.99 0.0193374 1.42058 855.491 61318.1 159.427 1369.34 63702.3
4.563 1.43892 2.25878e-05 0.008 378.869 0.0193452 1.41957 856.446 61318.1 159.427 1369.34 63703.3
4.564 1.43792 2.25718e-05 0.008 378.748 0.019353 1.41856 857.401 61318.1 159.427 1369.34 63704.2
4.565 1.43691 2.25557e-05 0.008 378.628 0.0193609 1.41755 858.358 61318.1 159.427 1369.34 63705.2
4.566 1.43591 2.25396e-05 0.008 378.507 0.0193686 1.41654 859.315 61318.1 159.427 1369.34 63706.1
4.567 1.43491 2.25236e-05 0.008 378.387 0.0193764 1.41554 860.273 61318.1 159.427 1369.34 63707.1
4.568 1.43391 2.25075e-05 0.008 378.266 0.0193842 1.41453 861.232 61318.1 159.427 1369.34 63708.1
4.569 1.43291 2.24915e-05 0.008 378.146 0.019392 1.41352 862.192 61318.1 159.427 1369.34 63709
4.57 1.43191 2.24754e-05 0.008 378.026 0.0193997 1.41251 863.153 61318.1 159.427 1369.34 63710
4.571 1.43091 2.24594e-05 0.008 377.906 0.0194075 1.4115 864.115 61318.1 159.427 1369.34 63710.9
4.572 1.42991 2.24433e-05 0.008 377.786 0.0194152 1.41049 865.078 61318.1 159.427 1369.34 63711.9
4.573 1.4289 2.24272e-05 0.008 377.666 0.0194229 1.40948 866.042 61318.1 159.427 1369.34 63712.9
4.574 1.4279 2.24112e-05 0.008 377.546 0.0194306 1.40847 867.007 61318.1 159.427 1369.34 63713.8
4.575 1.4269 2.23951e-05 0.008 377.426 0.0194384 1.40746 867.972 61318.1 159.427 1369.34 63714.8
4.576 1.4259 2.23791e-05 0.008 377.306 0.0194461 1.40645 868.939 61318.1 159.427 1369.34 63715.8
4.577 1.4249 2.2363e-05 0.008 377.187 0.0194537 1.40544 869.906 61318.1 159.427 1369.34 63716.7
4.578 1.4239 2.2347e-05 0.008 377.067 0.0194614 1.40444 870.875 61318.1 159.427 1369.34 63717.7
4.579 1.4229 2.23309e-05 0.008 376.948 0.0194691 1.40343 871.844 61318.1 159.427 1369.34 63718.7
4.58 1.42189 2.23149e-05 0.008 376.828 0.0194767 1.40242 872.815 61318.1 159.427 1369.34 63719.6
4.581 1.42089 2.22988e-05 0.008 376.709 0.0194844 1.40141 873.786 61318.1 159.427 1369.33 63720.6
4.582 1.41989 2.22827e-05 0.008 376.59 0.019492 1.4004 874.758 61318.1 159.427 1369.33 63721.6
4.583 1.41889 2.22667e-05 0.008 376.471 0.0194996 1.39939 875.731 61318.1 159.427 1369.33 63722.5
4.584 1.41789 2.22506e-05 0.008 376.352 0.0195073 1.39838 876.705 61318.1 159.427 1369.33 63723.5
4.585 1.41689 2.22346e-05 0.008 376.233 0.0195149 1.39737 877.68 61318.1 159.427 1369.33 63724.5
4.586 1.41589 2.22185e-05 0.008 376.114 0.0195224 1.39636 878.656 61318.1 159.427 1369.33 63725.5
4.587 1.41489 2.22025e-05 0.008 375.995 0.01953 1.39536 879.633 61318.1 159.427 1369.33 63726.5
4.588 1.41388 2.21864e-05 0.008 375.876 0.0195376 1.39435 880.611 61318.1 159.427 1369.33 63727.4
4.589 1.41288 2.21704e-05 0.008 375.758 0.0195452 1.39334 881.589 61318.1 159.427 1369.33 63728.4
4.59 1.41188 2.21543e-05 0.008 375.639 0.0195527 1.39233 882.569 61318.1 159.427 1369.33 63729.4
4.591 1.41088 2.21383e-05 0.008 375.521 0.0195603 1.39132 883.55 61318.1 159.427 1369.33 63730.4
4.592 1.40988 2.21222e-05 0.008 375.403 0.0195678 1.39031 884.531 61318.1 159.427 1369.33 63731.3
4.593 1.40888 2.21062e-05 0.008 375.284 0.0195753 1.3893 885.514 61318.1 159.427 1369.33 63732.3
4.594 1.40788 2.20901e-05 0.008 375.166 0.0195828 1.38829 886.497 61318.1 159.427 1369.33 63733.3
4.595 1.40687 2.20741e-05 0.008 375.048 0.0195903 1.38728 887.481 61318.1 159.427 1369.33 63734.3
4.596 1.40587 2.2058e-05 0.008 374.93 0.0195978 1.38628 888.467 61318.1 159.427 1369.33 63735.3
4.597 1.40487 2.2042e-05 0.008 374.812 0.0196053 1.38527 889.453 61318.1 159.427 1369.33 63736.3
4.598 1.40387 2.20259e-05 0.008 374.694 0.0196127 1.38426 890.44 61318.1 159.427 1369.33 63737.3
4.599 1.40287 2.20099e-05 0.008 374.577 0.0196202 1.38325 891.428 61318.1 159.427 1369.33 63738.2
4.6 1.40187 2.19938e-05 0.008 374.459 0.0196276 1.38224 892.417 61318.1 159.427 1369.33 63739.2
4.601 1.40087 2.19777e-05 0.008 374.341 0.0196351 1.38123 893.407 61318.1 159.427 1369.33 63740.2
4.602 1.39987 2.19617e-05 0.008 374.224 0.0196425 1.38022 894.398 61318.1 159.427 1369.33 63741.2
4.603 1.39886 2.19456e-05 0.008 374.107 0.0196499 1.37921 895.39 61318.1 159.427 1369.33 63742.2
4.604 1.39786 2.19296e-05 0.008 373.989 0.0196573 1.37821 896.382 61318.1 159.427 1369.33 63743.2
4.605 1.39686 2.19135e-05 0.008 373.872 0.0196647 1.3772 897.376 61318.1 159.427 1369.33 63744.2
4.606 1.39586 2.18975e-05 0.008 373.755 0.0196721 1.37619 898.371 61318.1 159.427 1369.33 63745.2
4.607 1.39486 2.18814e-05 0.008 373.638 0.0196794 1.37518 899.366 61318.1 159.427 1369.33 63746.2
4.608 1.39386 2.18654e-05 0.008 373.521 0.0196868 1.37417 900.363 61318.1 159.427 1369.33 63747.2
4.609 1.39286 2.18493e-05 0.008 373.404 0.0196941 1.37316 901.36 61318.1 159.427 1369.33 63748.2
4.61 1.39185 2.18333e-05 0.008 373.287 0.0197015 1.37215 902.359 61318.1 159.427 1369.33 63749.2
4.611 1.39085 2.18172e-05 0.008 373.171 0.0197088 1.37114 903.358 61318.1 159.427 1369.33 63750.2
4.612 1.38985 2.18012e-05 0.008 373.054 0.0197161 1.37014 904.358 61318.1 159.427 1369.33 63751.2
4.613 1.38885 2.17851e-05 0.008 372.937 0.0197234 1.36913 905.36 61318.1 159.427 1369.33 63752.2
4.614 1.38785 2.17691e-05 0.008 372.821 0.0197307 1.36812 906.362 61318.1 159.427 1369.33 63753.2
4.615 1.38685 2.17531e-05 0.008 372.705 0.019738 1.36711 907.365 61318.1 159.427 1369.33 63754.2
4.616 1.38585 2.1737e-05 0.008 372.588 0.0197452 1.3661 908.369 61318.1 159.427 1369.33 63755.2
4.617 1.38485 2.1721e-05 0.008 372.472 0.0197525 1.36509 909.374 61318.1 159.427 1369.33 63756.2
4.618 1.38384 2.17049e-05 0.008 372.356 0.0197597 1.36408 910.38 61318.1 159.427 1369.33 63757.2
4.619 1.38284 2.16889e-05 0.008 372.24 0.0197669 1.36308 911.387 61318.1 159.427 1369.33 63758.2
4.62 1.38184 2.16728e-05 0.008 372.124 0.0197742 1.36207 912.394 61318.1 159.427 1369.33 63759.2
4.621 1.38084 2.16568e-05 0.008 372.008 0.0197814 1.36106 913.403 61318.1 159.427 1369.33 63760.2
4.622 1.37984 2.16407e-05 0.008 371.892 0.0197885 1.36005 914.413 61318.1 159.427 1369.33 63761.2
4.623 1.37884 2.16247e-05 0.008 371.777 0.0197957 1.35904 915.423 61318.1 159.427 1369.33 63762.2
4.624 1.37784 2.16086e-05 0.008 371.661 0.0198029 1.35803 916.435 61318.1 159.427 1369.33 63763.2
4.625 1.37683 2.15926e-05 0.008 371.546 0.0198101 1.35702 917.448 61318.1 159.427 1369.33 63764.3
4.626 1.37583 2.15765e-05 0.008 371.43 0.0198172 1.35602 918.461 61318.1 159.427 1369.33 63765.3
4.627 1.37483 2.15605e-05 0.008 371.315 0.0198243 1.35501 919.475 61318.1 159.427 1369.33 63766.3
4.628 1.37383 2.15444e-05 0.008 371.2 0.0198315 1.354 920.491 61318.1 159.427 1369.33 63767.3
4.629 1.37283 2.15284e-05 0.008 371.084 0.0198386 1.35299 921.507 61318.1 159.427 1369.33 63768.3
4.63 1.37183 2.15123e-05 0.008 370.969 0.0198457 1.35198 922.524 61318.1 159.427 1369.33 63769.3
4.631 1.37083 2.14963e-05 0.008 370.854 0.0198527 1.35097 923.542 61318.1 159.427 1369.33 63770.4
4.632 1.36983 2.14803e-05 0.008 370.739 0.0198598 1.34997 924.562 61318.1 159.427 1369.33 63771.4
4.633 1.36882 2.14642e-05 0.008 370.625 0.0198669 1.34896 925.582 61318.1 159.427 1369.33 63772.4
4.634 1.36782 2.14482e-05 0.008 370.51 0.0198739 1.34795 926.603 61318.1 159.427 1369.33 63773.4
4.635 1.36682 2.14321e-05 0.008 370.395 0.019881 1.34694 927.625 61318.1 159.427 1369.33 63774.4
4.636 1.36582 2.14161e-05 0.008 370.281 0.019888 1.34593 928.648 61318.1 159.427 1369.33 63775.5
4.637 1.36482 2.14e-05 0.008 370.166 0.019895 1.34492 929.671 61318.1 159.427 1369.33 63776.5
4.638 1.36382 2.1384e-05 0.008 370.052 0.019902 1.34392 930.696 61318.1 159.427 1369.33 63777.5
4.639 1.36282 2.13679e-05 0.008 369.937 0.019909 1.34291 931.722 61318.1 159.427 1369.33 63778.5
4.64 1.36181 2.13519e-05 0.008 369.823 0.019916 1.3419 932.749 61318.1 159.427 1369.33 63779.6
4.641 1.36081 2.13359e-05 0.008 369.709 0.0199229 1.34089 933.776 61318.1 159.427 1369.33 63780.6
4.642 1.35981 2.13198e-05 0.008 369.595 0.0199299 1.33988 934.805 61318.1 159.427 1369.33 63781.6
4.643 1.35881 2.13038e-05 0.008 369.481 0.0199368 1.33887 935.834 61318.1 159.427 1369.33 63782.6
4.644 1.35781 2.12877e-05 0.008 369.367 0.0199437 1.33787 936.865 61318.1 159.427 1369.33 63783.7
4.645 1.35681 2.12717e-05 0.008 369.253 0.0199506 1.33686 937.896 61318.1 159.427 1369.33 63784.7
4.646 1.35581 2.12556e-05 0.008 369.14 0.0199575 1.33585 938.929 61318.1 159.427 1369.33 63785.7
4.647 1.35481 2.12396e-05 0.008 369.026 0.0199644 1.33484 939.962 61318.1 159.427 1369.33 63786.8
4.648 1.3538 2.12236e-05 0.008 368.912 0.0199713 1.33383 940.996 61318.1 159.427 1369.33 63787.8
4.649 1.3528 2.12075e-05 0.008 368.799 0.0199781 1.33282 942.031 61318.1 159.427 1369.33 63788.8
4.65 1.3518 2.11915e-05 0.008 368.686 0.019985 1.33182 943.067 61318.1 159.427 1369.33 63789.9
4.651 1.3508 2.11754e-05 0.008 368.572 0.0199918 1.33081 944.105 61318.1 159.427 1369.33 63790.9
4.652 1.3498 2.11594e-05 0.008 368.459 0.0199986 1.3298 945.143 61318.1 159.427 1369.33 63792
4.653 1.3488 2.11433e-05 0.008 368.346 0.0200054 1.32879 946.182 61318.1 159.427 1369.33 63793
4.654 1.3478 2.11273e-05 0.008 368.233 0.0200122 1.32778 947.222 61318.1 159.427 1369.33 63794
4.655 1.34679 2.11113e-05 0.008 368.12 0.020019 1.32678 948.262 61318.1 159.427 1369.33 63795.1
4.656 1.34579 2.10952e-05 0.008 368.007 0.0200258 1.32577 949.304 61318.1 159.427 1369.33 63796.1
4.657 1.34479 2.10792e-05 0.008 367.894 0.0200325 1.32476 950.347 61318.1 159.427 1369.33 63797.2
4.658 1.34379 2.10631e-05 0.008 367.782 0.0200393 1.32375 951.391 61318.1 159.427 1369.33 63798.2
4.659 1.34279 2.10471e-05 0.008 367.669 0.020046 1.32274 952.435 61318.1 159.427 1369.32 63799.2
4.66 1.34179 2.10311e-05 0.008 367.557 0.0200527 1.32174 953.481 61318.1 159.427 1369.32 63800.3
4.661 1.34079 2.1015e-05 0.008 367.444 0.0200594 1.32073 954.528 61318.1 159.427 1369.32 63801.3
4.662 1.33979 2.0999e-05 0.008 367.332 0.0200661 1.31972 955.575 61318.1 159.427 1369.32 63802.4
4.663 1.33878 2.09829e-05 0.008 367.22 0.0200728 1.31871 956.624 61318.1 159.427 1369.32 63803.4
4.664 1.33778 2.09669e-05 0.008 367.107 0.0200794 1.3177 957.673 61318.1 159.427 1369.32 63804.5
4.665 1.33678 2.09509e-05 0.008 366.995 0.0200861 1.3167 958.723 61318.1 159.427 1369.32 63805.5
4.666 1.33578 2.09348e-05 0.008 366.883 0.0200927 1.31569 959.775 61318.1 159.427 1369.32 63806.6
4.667 1.33478 2.09188e-05 0.008 366.771 0.0200993 1.31468 960.827 61318.1 159.427 1369.32 63807.6
4.668 1.33378 2.09028e-05 0.008 366.66 0.0201059 1.31367 961.88 61318.1 159.427 1369.32 63808.7
4.669 1.33278 2.08867e-05 0.008 366.548 0.0201125 1.31266 962.934 61318.1 159.427 1369.32 63809.7
4.67 1.33177 2.08707e-05 0.008 366.436 0.0201191 1.31166 963.99 61318.1 159.427 1369.32 63810.8
4.671 1.33077 2.08546e-05 0.008 366.325 0.0201257 1.31065 965.046 61318.1 159.427 1369.32 63811.9
4.672 1.32977 2.08386e-05 0.008 366.213 0.0201322 1.30964 966.103 61318.1 159.427 1369.32 63812.9
4.673 1.32877 2.08226e-05 0.008 366.102 0.0201388 1.30863 967.161 61318.1 159.427 1369.32 63814
4.674 1.32777 2.08065e-05 0.008 365.99 0.0201453 1.30762 968.22 61318.1 159.427 1369.32 63815
4.675 1.32677 2.07905e-05 0.008 365.879 0.0201518 1.30662 969.279 61318.1 159.427 1369.32 63816.1
4.676 1.32577 2.07745e-05 0.008 365.768 0.0201583 1.30561 970.34 61318.1 159.427 1369.32 63817.1
4.677 1.32477 2.07584e-05 0.008 365.657 0.0201648 1.3046 971.402 61318.1 159.427 1369.32 63818.2
4.678 1.32376 2.07424e-05 0.008 365.546 0.0201712 1.30359 972.465 61318.1 159.427 1369.32 63819.3
4.679 1.32276 2.07263e-05 0.008 365.435 0.0201777 1.30258 973.528 61318.1 159.427 1369.32 63820.3
4.68 1.32176 2.07103e-05 0.008 365.324 0.0201841 1.30158 974.593 61318.1 159.427 1369.32 63821.4
4.681 1.32076 2.06943e-05 0.008 365.214 0.0201905 1.30057 975.659 61318.1 159.427 1369.32 63822.5
4.682 1.31976 2.06782e-05 0.008 365.103 0.020197 1.29956 976.725 61318.1 159.427 1369.32 63823.5
4.683 1.31876 2.06622e-05 0.008 364.992 0.0202034 1.29855 977.793 61318.1 159.427 1369.32 63824.6
4.684 1.31776 2.06462e-05 0.008 364.882 0.0202097 1.29755 978.861 61318.1 159.427 1369.32 63825.7
4.685 1.31675 2.06301e-05 0.008 364.772 0.0202161 1.29654 979.93 61318.1 159.427 1369.32 63826.7
4.686 1.31575 2.06141e-05 0.008 364.661 0.0202225 1.29553 981.001 61318.1 159.427 1369.32 63827.8
4.687 1.31475 2.05981e-05 0.008 364.551 0.0202288 1.29452 982.072 61318.1 159.427 1369.32 63828.9
4.688 1.31375 2.0582e-05 0.008 364.441 0.0202351 1.29352 983.144 61318.1 159.427 1369.32 63829.9
4.689 1.31275 2.0566e-05 0.008 364.331 0.0202414 1.29251 984.217 61318.1 159.427 1369.32 63831
4.69 1.31175 2.055e-05 0.008 364.221 0.0202477 1.2915 985.292 61318.1 159.427 1369.32 63832.1
4.691 1.31075 2.05339e-05 0.008 364.111 0.020254 1.29049 986.367 61318.1 159.427 1369.32 63833.2
4.692 1.30975 2.05179e-05 0.008 364.001 0.0202603 1.28948 987.443 61318.1 159.427 1369.32 63834.2
4.693 1.30874 2.05019e-05 0.008 363.892 0.0202665 1.28848 988.52 61318.1 159.427 1369.32 63835.3
4.694 1.30774 2.04858e-05 0.008 363.782 0.0202727 1.28747 989.598 61318.1 159.427 1369.32 63836.4
4.695 1.30674 2.04698e-05 0.008 363.672 0.020279 1.28646 990.677 61318.1 159.427 1369.32 63837.5
4.696 1.30574 2.04538e-05 0.008 363.563 0.0202852 1.28545 991.756 61318.1 159.427 1369.32 63838.6
4.697 1.30474 2.04377e-05 0.008 363.454 0.0202914 1.28445 992.837 61318.1 159.427 1369.32 63839.6
4.698 1.30374 2.04217e-05 0.008 363.344 0.0202975 1.28344 993.919 61318.1 159.427 1369.32 63840.7
4.699 1.30274 2.04057e-05 0.008 363.235 0.0203037 1.28243 995.002 61318.1 159.427 1369.32 63841.8
4.7 1.30173 2.03897e-05 0.008 363.126 0.0203098 1.28142 996.085 61318.1 159.427 1369.32 63842.9
4.701 1.30073 2.03736e-05 0.008 363.017 0.020316 1.28042 997.17 61318.1 159.427 1369.32 63844
4.702 1.29973 2.03576e-05 0.008 362.908 0.0203221 1.27941 998.255 61318.1 159.427 1369.32 63845.1
4.703 1.29873 2.03416e-05 0.008 362.799 0.0203282 1.2784 999.342 61318.1 159.427 1369.32 63846.1
4.704 1.29773 2.03255e-05 0.008 362.691 0.0203343 1.27739 1000.43 61318.1 159.427 1369.32 63847.2
4.705 1.29673 2.03095e-05 0.008 362.582 0.0203403 1.27639 1001.52 61318.1 159.427 1369.32 63848.3
4.706 1.29573 2.02935e-05 0.008 362.473 0.0203464 1.27538 1002.61 61318.1 159.427 1369.32 63849.4
4.707 1.29473 2.02774e-05 0.008 362.365 0.0203524 1.27437 1003.7 61318.1 159.427 1369.32 63850.5
4.708 1.29372 2.02614e-05 0.008 362.256 0.0203584 1.27337 1004.79 61318.1 159.427 1369.32 63851.6
4.709 1.29272 2.02454e-05 0.008 362.148 0.0203645 1.27236 1005.88 61318.1 159.427 1369.32 63852.7
4.71 1.29172 2.02294e-05 0.008 362.04 0.0203704 1.27135 1006.97 61318.1 159.427 1369.32 63853.8
4.711 1.29072 2.02133e-05 0.008 361.932 0.0203764 1.27034 1008.07 61318.1 159.427 1369.32 63854.9
4.712 1.28972 2.01973e-05 0.008 361.824 0.0203824 1.26934 1009.16 61318.1 159.427 1369.32 63856
4.713 1.28872 2.01813e-05 0.008 361.716 0.0203883 1.26833 1010.26 61318.1 159.427 1369.32 63857.1
4.714 1.28772 2.01653e-05 0.008 361.608 0.0203943 1.26732 1011.36 61318.1 159.427 1369.32 63858.2
4.715 1.28671 2.01492e-05 0.008 361.5 0.0204002 1.26631 1012.45 61318.1 159.427 1369.32 63859.3
4.716 1.28571 2.01332e-05 0.008 361.392 0.0204061 1.26531 1013.55 61318.1 159.427 1369.32 63860.4
4.717 1.28471 2.01172e-05 0.008 361.285 0.020412 1.2643 1014.65 61318.1 159.427 1369.32 63861.5
4.718 1.28371 2.01011e-05 0.008 361.177 0.0204178 1.26329 1015.75 61318.1 159.427 1369.32 63862.6
4.719 1.28271 2.00851e-05 0.008 361.07 0.0204237 1.26229 1016.86 61318.1 159.427 1369.32 63863.7
4.72 1.28171 2.00691e-05 0.008 360.962 0.0204295 1.26128 1017.96 61318.1 159.427 1369.32 63864.8
4.721 1.28071 2.00531e-05 0.008 360.855 0.0204353 1.26027 1019.06 61318.1 159.427 1369.32 63865.9
4.722 1.27971 2.0037e-05 0.008 360.748 0.0204411 1.25926 1020.17 61318.1 159.427 1369.32 63867
4.723 1.2787 2.0021e-05 0.008 360.641 0.0204469 1.25826 1021.27 61318.1 159.427 1369.32 63868.1
4.724 1.2777 2.0005e-05 0.008 360.534 0.0204527 1.25725 1022.38 61318.1 159.427 1369.32 63869.2
4.725 1.2767 1.9989e-05 0.008 360.427 0.0204584 1.25624 1023.49 61318.1 159.427 1369.32 63870.3
4.726 1.2757 1.99729e-05 0.008 360.32 0.0204642 1.25524 1024.59 61318.1 159.427 1369.32 63871.4
4.727 1.2747 1.99569e-05 0.008 360.213 0.0204699 1.25423 1025.7 61318.1 159.427 1369.32 63872.5
4.728 1.2737 1.99409e-05 0.008 360.106 0.0204756 1.25322 1026.81 61318.1 159.427 1369.32 63873.6
4.729 1.2727 1.99249e-05 0.008 360 0.0204813 1.25221 1027.93 61318.1 159.427 1369.32 63874.7
4.73 1.27169 1.99088e-05 0.008 359.893 0.020487 1.25121 1029.04 61318.1 159.427 1369.32 63875.8
4.731 1.27069 1.98928e-05 0.008 359.787 0.0204926 1.2502 1030.15 61318.1 159.427 1369.32 63877
4.732 1.26969 1.98768e-05 0.008 359.68 0.0204983 1.24919 1031.27 61318.1 159.427 1369.32 63878.1
4.733 1.26869 1.98608e-05 0.008 359.574 0.0205039 1.24819 1032.38 61318.1 159.427 1369.32 63879.2
4.734 1.26769 1.98448e-05 0.008 359.468 0.0205095 1.24718 1033.5 61318.1 159.427 1369.32 63880.3
4.735 1.26669 1.98287e-05 0.008 359.362 0.0205151 1.24617 1034.61 61318.1 159.427 1369.32 63881.4
4.736 1.26569 1.98127e-05 0.008 359.256 0.0205207 1.24517 1035.73 61318.1 159.427 1369.32 63882.5
4.737 1.26469 1.97967e-05 0.008 359.15 0.0205262 1.24416 1036.85 61318.1 159.427 1369.32 63883.6
4.738 1.26368 1.97807e-05 0.008 359.044 0.0205318 1.24315 1037.97 61318.1 159.427 1369.32 63884.8
4.739 1.26268 1.97647e-05 0.008 358.938 0.0205373 1.24215 1039.09 61318.1 159.427 1369.32 63885.9
4.74 1.26168 1.97486e-05 0.008 358.833 0.0205428 1.24114 1040.21 61318.1 159.427 1369.32 63887
4.741 1.26068 1.97326e-05 0.008 358.727 0.0205483 1.24013 1041.34 61318.1 159.427 1369.32 63888.1
4.742 1.25968 1.97166e-05 0.008 358.621 0.0205537 1.23912 1042.46 61318.1 159.427 1369.32 63889.3
4.743 1.25868 1.97006e-05 0.008 358.516 0.0205592 1.23812 1043.58 61318.1 159.427 1369.31 63890.4
4.744 1.25768 1.96846e-05 0.008 358.411 0.0205646 1.23711 1044.71 61318.1 159.427 1369.31 63891.5
4.745 1.25667 1.96685e-05 0.008 358.306 0.0205701 1.2361 1045.84 61318.1 159.427 1369.31 63892.6
4.746 1.25567 1.96525e-05 0.008 358.2 0.0205755 1.2351 1046.96 61318.1 159.427 1369.31 63893.8
4.747 1.25467 1.96365e-05 0.008 358.095 0.0205809 1.23409 1048.09 61318.1 159.427 1369.31 63894.9
4.748 1.25367 1.96205e-05 0.008 357.99 0.0205862 1.23308 1049.22 61318.1 159.427 1369.31 63896
4.749 1.25267 1.96045e-05 0.008 357.885 0.0205916 1.23208 1050.35 61318.1 159.427 1369.31 63897.1
4.75 1.25167 1.95884e-05 0.008 357.781 0.0205969 1.23107 1051.48 61318.1 159.427 1369.31 63898.3
4.751 1.25067 1.95724e-05 0.008 357.676 0.0206022 1.23006 1052.62 61318.1 159.427 1369.31 63899.4
4.752 1.24967 1.95564e-05 0.008 357.571 0.0206075 1.22906 1053.75 61318.1 159.427 1369.31 63900.5
4.753 1.24866 1.95404e-05 0.008 357.467 0.0206128 1.22805 1054.88 61318.1 159.427 1369.31 63901.7
4.754 1.24766 1.95244e-05 0.008 357.362 0.0206181 1.22704 1056.02 61318.1 159.427 1369.31 63902.8
4.755 1.24666 1.95084e-05 0.008 357.258 0.0206233 1.22604 1057.15 61318.1 159.427 1369.31 63904
4.756 1.24566 1.94923e-05 0.008 357.153 0.0206286 1.22503 1058.29 61318.1 159.427 1369.31 63905.1
4.757 1.24466 1.94763e-05 0.008 357.049 0.0206338 1.22402 1059.43 61318.1 159.427 1369.31 63906.2
4.758 1.24366 1.94603e-05 0.008 356.945 0.020639 1.22302 1060.57 61318.1 159.427 1369.31 63907.4
4.759 1.24266 1.94443e-05 0.008 356.841 0.0206441 1.22201 1061.71 61318.1 159.427 1369.31 63908.5
4.76 1.24165 1.94283e-05 0.008 356.737 0.0206493 1.22101 1062.85 61318.1 159.427 1369.31 63909.6
4.761 1.24065 1.94123e-05 0.008 356.633 0.0206545 1.22 1063.99 61318.1 159.427 1369.31 63910.8
4.762 1.23965 1.93963e-05 0.008 356.529 0.0206596 1.21899 1065.13 61318.1 159.427 1369.31 63911.9
4.763 1.23865 1.93802e-05 0.008 356.426 0.0206647 1.21799 1066.28 61318.1 159.427 1369.31 63913.1
4.764 1.23765 1.93642e-05 0.008 356.322 0.0206698 1.21698 1067.42 61318.1 159.427 1369.31 63914.2
4.765 1.23665 1.93482e-05 0.008 356.219 0.0206748 1.21597 1068.57 61318.1 159.427 1369.31 63915.4
4.766 1.23565 1.93322e-05 0.008 356.115 0.0206799 1.21497 1069.71 61318.1 159.427 1369.31 63916.5
4.767 1.23465 1.93162e-05 0.008 356.012 0.0206849 1.21396 1070.86 61318.1 159.427 1369.31 63917.7
4.768 1.23364 1.93002e-05 0.008 355.909 0.02069 1.21295 1072.01 61318.1 159.427 1369.31 63918.8
4.769 1.23264 1.92842e-05 0.008 355.805 0.020695 1.21195 1073.16 61318.1 159.427 1369.31 63920
4.77 1.23164 1.92681e-05 0.008 355.702 0.0206999 1.21094 1074.31 61318.1 159.427 1369.31 63921.1
4.771 1.23064 1.92521e-05 0.008 355.599 0.0207049 1.20993 1075.46 61318.1 159.427 1369.31 63922.3
4.772 1.22964 1.92361e-05 0.008 355.496 0.0207098 1.20893 1076.61 61318.1 159.427 1369.31 63923.4
4.773 1.22864 1.92201e-05 0.008 355.393 0.0207148 1.20792 1077.77 61318.1 159.427 1369.31 63924.6
4.774 1.22764 1.92041e-05 0.008 355.291 0.0207197 1.20692 1078.92 61318.1 159.427 1369.31 63925.7
4.775 1.22663 1.91881e-05 0.008 355.188 0.0207246 1.20591 1080.07 61318.1 159.427 1369.31 63926.9
4.776 1.22563 1.91721e-05 0.008 355.085 0.0207294 1.2049 1081.23 61318.1 159.427 1369.31 63928
4.777 1.22463 1.91561e-05 0.008 354.983 0.0207343 1.2039 1082.39 61318.1 159.427 1369.31 63929.2
4.778 1.22363 1.91401e-05 0.008 354.881 0.0207391 1.20289 1083.55 61318.1 159.427 1369.31 63930.3
4.779 1.22263 1.9124e-05 0.008 354.778 0.0207439 1.20189 1084.7 61318.1 159.427 1369.31 63931.5
4.78 1.22163 1.9108e-05 0.008 354.676 0.0207487 1.20088 1085.86 61318.1 159.427 1369.31 63932.7
4.781 1.22063 1.9092e-05 0.008 354.574 0.0207535 1.19987 1087.02 61318.1 159.427 1369.31 63933.8
4.782 1.21963 1.9076e-05 0.008 354.472 0.0207583 1.19887 1088.19 61318.1 159.427 1369.31 63935
4.783 1.21862 1.906e-05 0.008 354.37 0.020763 1.19786 1089.35 61318.1 159.427 1369.31 63936.1
4.784 1.21762 1.9044e-05 0.008 354.268 0.0207677 1.19685 1090.51 61318.1 159.427 1369.31 63937.3
4.785 1.21662 1.9028e-05 0.008 354.166 0.0207724 1.19585 1091.68 61318.1 159.427 1369.31 63938.5
4.786 1.21562 1.9012e-05 0.008 354.064 0.0207771 1.19484 1092.84 61318.1 159.427 1369.31 63939.6
4.787 1.21462 1.8996e-05 0.008 353.963 0.0207818 1.19384 1094.01 61318.1 159.427 1369.31 63940.8
4.788 1.21362 1.898e-05 0.008 353.861 0.0207864 1.19283 1095.18 61318.1 159.427 1369.31 63942
4.789 1.21262 1.8964e-05 0.008 353.76 0.0207911 1.19182 1096.35 61318.1 159.427 1369.31 63943.1
4.79 1.21161 1.8948e-05 0.008 353.658 0.0207957 1.19082 1097.51 61318.1 159.427 1369.31 63944.3
4.791 1.21061 1.8932e-05 0.008 353.557 0.0208002 1.18981 1098.68 61318.1 159.427 1369.31 63945.5
4.792 1.20961 1.8916e-05 0.008 353.456 0.0208048 1.18881 1099.86 61318.1 159.427 1369.31 63946.6
4.793 1.20861 1.88999e-05 0.008 353.355 0.0208094 1.1878 1101.03 61318.1 159.427 1369.31 63947.8
4.794 1.20761 1.88839e-05 0.008 353.254 0.0208139 1.1868 1102.2 61318.1 159.427 1369.31 63949
4.795 1.20661 1.88679e-05 0.008 353.153 0.0208184 1.18579 1103.38 61318.1 159.427 1369.31 63950.2
4.796 1.20561 1.88519e-05 0.008 353.052 0.0208229 1.18478 1104.55 61318.1 159.427 1369.31 63951.3
4.797 1.20461 1.88359e-05 0.008 352.951 0.0208274 1.18378 1105.73 61318.1 159.427 1369.31 63952.5
4.798 1.2036 1.88199e-05 0.008 352.85 0.0208318 1.18277 1106.9 61318.1 159.427 1369.31 63953.7
4.799 1.2026 1.88039e-05 0.008 352.75 0.0208363 1.18177 1108.08 61318.1 159.427 1369.31 63954.9
4.8 1.2016 1.87879e-05 0.008 352.649 0.0208407 1.18076 1109.26 61318.1 159.427 1369.31 63956.1
4.801 1.2006 1.87719e-05 0.008 352.549 0.0208451 1.17975 1110.44 61318.1 159.427 1369.31 63957.2
4.802 1.1996 1.87559e-05 0.008 352.448 0.0208494 1.17875 1111.62 61318.1 159.427 1369.31 63958.4
4.803 1.1986 1.87399e-05 0.008 352.348 0.0208538 1.17774 1112.8 61318.1 159.427 1369.31 63959.6
4.804 1.1976 1.87239e-05 0.008 352.248 0.0208581 1.17674 1113.98 61318.1 159.427 1369.31 63960.8
4.805 1.19659 1.87079e-05 0.008 352.148 0.0208625 1.17573 1115.17 61318.1 159.427 1369.31 63962
4.806 1.19559 1.86919e-05 0.008 352.048 0.0208667 1.17473 1116.35 61318.1 159.427 1369.31 63963.1
4.807 1.19459 1.86759e-05 0.008 351.948 0.020871 1.17372 1117.54 61318.1 159.427 1369.31 63964.3
4.808 1.19359 1.86599e-05 0.008 351.848 0.0208753 1.17272 1118.72 61318.1 159.427 1369.31 63965.5
4.809 1.19259 1.86439e-05 0.008 351.748 0.0208795 1.17171 1119.91 61318.1 159.427 1369.31 63966.7
4.81 1.19159 1.86279e-05 0.008 351.648 0.0208837 1.1707 1121.1 61318.1 159.427 1369.31 63967.9
4.811 1.19059 1.86119e-05 0.008 351.549 0.0208879 1.1697 1122.29 61318.1 159.427 1369.31 63969.1
4.812 1.18959 1.85959e-05 0.008 351.449 0.0208921 1.16869 1123.48 61318.1 159.427 1369.31 63970.3
4.813 1.18858 1.85799e-05 0.008 351.35 0.0208963 1.16769 1124.67 61318.1 159.427 1369.31 63971.5
4.814 1.18758 1.85639e-05 0.008 351.251 0.0209004 1.16668 1125.86 61318.1 159.427 1369.31 63972.7
4.815 1.18658 1.85479e-05 0.008 351.151 0.0209045 1.16568 1127.05 61318.1 159.427 1369.31 63973.8
4.816 1.18558 1.85319e-05 0.008 351.052 0.0209086 1.16467 1128.25 61318.1 159.427 1369.31 63975
4.817 1.18458 1.85159e-05 0.008 350.953 0.0209127 1.16367 1129.44 61318.1 159.427 1369.31 63976.2
4.818 1.18358 1.84999e-05 0.008 350.854 0.0209167 1.16266 1130.64 61318.1 159.427 1369.31 63977.4
4.819 1.18258 1.84839e-05 0.008 350.755 0.0209208 1.16165 1131.84 61318.1 159.427 1369.31 63978.6
4.82 1.18157 1.84679e-05 0.008 350.656 0.0209248 1.16065 1133.03 61318.1 159.427 1369.31 63979.8
4.821 1.18057 1.84519e-05 0.008 350.558 0.0209288 1.15964 1134.23 61318.1 159.427 1369.31 63981
4.822 1.17957 1.84359e-05 0.008 350.459 0.0209327 1.15864 1135.43 61318.1 159.427 1369.31 63982.2
4.823 1.17857 1.84199e-05 0.008 350.36 0.0209367 1.15763 1136.63 61318.1 159.427 1369.31 63983.4
4.824 1.17757 1.84039e-05 0.008 350.262 0.0209406 1.15663 1137.83 61318.1 159.427 1369.31 63984.6
4.825 1.17657 1.83879e-05 0.008 350.164 0.0209445 1.15562 1139.04 61318.1 159.427 1369.31 63985.8
4.826 1.17557 1.83719e-05 0.008 350.065 0.0209484 1.15462 1140.24 61318.1 159.427 1369.31 63987
4.827 1.17457 1.8356e-05 0.008 349.967 0.0209523 1.15361 1141.44 61318.1 159.427 1369.31 63988.2
4.828 1.17356 1.834e-05 0.008 349.869 0.0209561 1.15261 1142.65 61318.1 159.427 1369.31 63989.4
4.829 1.17256 1.8324e-05 0.008 349.771 0.02096 1.1516 1143.85 61318.1 159.427 1369.31 63990.6
4.83 1.17156 1.8308e-05 0.008 349.673 0.0209638 1.1506 1145.06 61318.1 159.427 1369.31 63991.9
4.831 1.17056 1.8292e-05 0.008 349.575 0.0209675 1.14959 1146.27 61318.1 159.427 1369.31 63993.1
4.832 1.16956 1.8276e-05 0.008 349.477 0.0209713 1.14859 1147.48 61318.1 159.427 1369.3 63994.3
4.833 1.16856 1.826e-05 0.008 349.379 0.020975 1.14758 1148.69 61318.1 159.427 1369.3 63995.5
4.834 1.16756 1.8244e-05 0.008 349.282 0.0209788 1.14658 1149.9 61318.1 159.427 1369.3 63996.7
4.835 1.16655 1.8228e-05 0.008 349.184 0.0209825 1.14557 1151.11 61318.1 159.427 1369.3 63997.9
4.836 1.16555 1.8212e-05 0.008 349.087 0.0209861 1.14457 1152.32 61318.1 159.427 1369.3 63999.1
4.837 1.16455 1.8196e-05 0.008 348.989 0.0209898 1.14356 1153.54 61318.1 159.427 1369.3 64000.3
4.838 1.16355 1.818e-05 0.008 348.892 0.0209934 1.14256 1154.75 61318.1 159.427 1369.3 64001.5
4.839 1.16255 1.8164e-05 0.008 348.795 0.020997 1.14155 1155.97 61318.1 159.427 1369.3 64002.8
4.84 1.16155 1.81481e-05 0.008 348.698 0.0210006 1.14055 1157.18 61318.1 159.427 1369.3 64004
4.841 1.16055 1.81321e-05 0.008 348.601 0.0210042 1.13954 1158.4 61318.1 159.427 1369.3 64005.2
4.842 1.15955 1.81161e-05 0.008 348.504 0.0210078 1.13854 1159.62 61318.1 159.427 1369.3 64006.4
4.843 1.15854 1.81001e-05 0.008 348.407 0.0210113 1.13753 1160.84 61318.1 159.427 1369.3 64007.6
4.844 1.15754 1.80841e-05 0.008 348.31 0.0210148 1.13653 1162.06 61318.1 159.427 1369.3 64008.8
4.845 1.15654 1.80681e-05 0.008 348.214 0.0210183 1.13552 1163.28 61318.1 159.427 1369.3 64010.1
4.846 1.15554 1.80521e-05 0.008 348.117 0.0210217 1.13452 1164.5 61318.1 159.427 1369.3 64011.3
4.847 1.15454 1.80361e-05 0.008 348.021 0.0210252 1.13351 1165.73 61318.1 159.427 1369.3 64012.5
4.848 1.15354 1.80201e-05 0.008 347.924 0.0210286 1.13251 1166.95 61318.1 159.427 1369.3 64013.7
4.849 1.15254 1.80042e-05 0.008 347.828 0.021032 1.1315 1168.17 61318.1 159.427 1369.3 64015
4.85 1.15153 1.79882e-05 0.008 347.732 0.0210354 1.1305 1169.4 61318.1 159.427 1369.3 64016.2
4.851 1.15053 1.79722e-05 0.008 347.635 0.0210387 1.12949 1170.63 61318.1 159.427 1369.3 64017.4
4.852 1.14953 1.79562e-05 0.008 347.539 0.0210421 1.12849 1171.85 61318.1 159.427 1369.3 64018.6
4.853 1.14853 1.79402e-05 0.008 347.443 0.0210454 1.12748 1173.08 61318.1 159.427 1369.3 64019.9
4.854 1.14753 1.79242e-05 0.008 347.347 0.0210486 1.12648 1174.31 61318.1 159.427 1369.3 64021.1
4.855 1.14653 1.79082e-05 0.008 347.252 0.0210519 1.12548 1175.54 61318.1 159.427 1369.3 64022.3
4.856 1.14553 1.78923e-05 0.008 347.156 0.0210552 1.12447 1176.77 61318.1 159.427 1369.3 64023.6
4.857 1.14453 1.78763e-05 0.008 347.06 0.0210584 1.12347 1178.01 61318.1 159.427 1369.3 64024.8
4.858 1.14352 1.78603e-05 0.008 346.965 0.0210616 1.12246 1179.24 61318.1 159.427 1369.3 64026
4.859 1.14252 1.78443e-05 0.008 346.869 0.0210647 1.12146 1180.47 61318.1 159.427 1369.3 64027.3
4.86 1.14152 1.78283e-05 0.008 346.774 0.0210679 1.12045 1181.71 61318.1 159.427 1369.3 64028.5
4.861 1.14052 1.78123e-05 0.008 346.678 0.021071 1.11945 1182.95 61318.1 159.427 1369.3 64029.7
4.862 1.13952 1.77964e-05 0.008 346.583 0.0210741 1.11844 1184.18 61318.1 159.427 1369.3 64031
4.863 1.13852 1.77804e-05 0.008 346.488 0.0210772 1.11744 1185.42 61318.1 159.427 1369.3 64032.2
4.864 1.13752 1.77644e-05 0.008 346.393 0.0210803 1.11644 1186.66 61318.1 159.427 1369.3 64033.4
4.865 1.13651 1.77484e-05 0.008 346.298 0.0210833 1.11543 1187.9 61318.1 159.427 1369.3 64034.7
4.866 1.13551 1.77324e-05 0.008 346.203 0.0210863 1.11443 1189.14 61318.1 159.427 1369.3 64035.9
4.867 1.13451 1.77165e-05 0.008 346.108 0.0210893 1.11342 1190.38 61318.1 159.427 1369.3 64037.2
4.868 1.13351 1.77005e-05 0.008 346.014 0.0210923 1.11242 1191.62 61318.1 159.427 1369.3 64038.4
4.869 1.13251 1.76845e-05 0.008 345.919 0.0210953 1.11141 1192.87 61318.1 159.427 1369.3 64039.7
4.87 1.13151 1.76685e-05 0.008 345.824 0.0210982 1.11041 1194.11 61318.1 159.427 1369.3 64040.9
4.871 1.13051 1.76525e-05 0.008 345.73 0.0211011 1.10941 1195.36 61318.1 159.427 1369.3 64042.1
4.872 1.12951 1.76366e-05 0.008 345.636 0.021104 1.1084 1196.6 61318.1 159.427 1369.3 64043.4
4.873 1.1285 1.76206e-05 0.008 345.541 0.0211068 1.1074 1197.85 61318.1 159.427 1369.3 64044.6
4.874 1.1275 1.76046e-05 0.008 345.447 0.0211097 1.10639 1199.1 61318.1 159.427 1369.3 64045.9
4.875 1.1265 1.75886e-05 0.008 345.353 0.0211125 1.10539 1200.35 61318.1 159.427 1369.3 64047.1
4.876 1.1255 1.75726e-05 0.008 345.259 0.0211153 1.10438 1201.6 61318.1 159.427 1369.3 64048.4
4.877 1.1245 1.75567e-05 0.008 345.165 0.021118 1.10338 1202.85 61318.1 159.427 1369.3 64049.6
4.878 1.1235 1.75407e-05 0.008 345.071 0.0211208 1.10238 1204.1 61318.1 159.427 1369.3 64050.9
4.879 1.1225 1.75247e-05 0.008 344.977 0.0211235 1.10137 1205.35 61318.1 159.427 1369.3 64052.1
4.88 1.12149 1.75087e-05 0.008 344.884 0.0211262 1.10037 1206.61 61318.1 159.427 1369.3 64053.4
4.881 1.12049 1.74928e-05 0.008 344.79 0.0211288 1.09936 1207.86 61318.1 159.427 1369.3 64054.6
4.882 1.11949 1.74768e-05 0.008 344.697 0.0211315 1.09836 1209.12 61318.1 159.427 1369.3 64055.9
4.883 1.11849 1.74608e-05 0.008 344.603 0.0211341 1.09736 1210.37 61318.1 159.427 1369.3 64057.2
4.884 1.11749 1.74448e-05 0.008 344.51 0.0211367 1.09635 1211.63 61318.1 159.427 1369.3 64058.4
4.885 1.11649 1.74289e-05 0.008 344.417 0.0211393 1.09535 1212.89 61318.1 159.427 1369.3 64059.7
4.886 1.11549 1.74129e-05 0.008 344.323 0.0211418 1.09434 1214.15 61318.1 159.427 1369.3 64060.9
4.887 1.11448 1.73969e-05 0.008 344.23 0.0211444 1.09334 1215.41 61318.1 159.427 1369.3 64062.2
4.888 1.11348 1.73809e-05 0.008 344.137 0.0211469 1.09234 1216.67 61318.1 159.427 1369.3 64063.5
4.889 1.11248 1.7365e-05 0.008 344.044 0.0211493 1.09133 1217.93 61318.1 159.427 1369.3 64064.7
4.89 1.11148 1.7349e-05 0.008 343.952 0.0211518 1.09033 1219.19 61318.1 159.427 1369.3 64066
4.891 1.11048 1.7333e-05 0.008 343.859 0.0211542 1.08933 1220.46 61318.1 159.427 1369.3 64067.2
4.892 1.10948 1.73171e-05 0.008 343.766 0.0211566 1.08832 1221.72 61318.1 159.427 1369.3 64068.5
4.893 1.10848 1.73011e-05 0.008 343.674 0.021159 1.08732 1222.99 61318.1 159.427 1369.3 64069.8
4.894 1.10748 1.72851e-05 0.008 343.581 0.0211614 1.08631 1224.25 61318.1 159.427 1369.3 64071
4.895 1.10647 1.72692e-05 0.008 343.489 0.0211637 1.08531 1225.52 61318.1 159.427 1369.3 64072.3
4.896 1.10547 1.72532e-05 0.008 343.396 0.021166 1.08431 1226.79 61318.1 159.427 1369.3 64073.6
4.897 1.10447 1.72372e-05 0.008 343.304 0.0211683 1.0833 1228.06 61318.1 159.427 1369.3 64074.8
4.898 1.10347 1.72212e-05 0.008 343.212 0.0211706 1.0823 1229.33 61318.1 159.427 1369.3 64076.1
4.899 1.10247 1.72053e-05 0.008 343.12 0.0211728 1.0813 1230.6 61318.1 159.427 1369.3 64077.4
4.9 1.10147 1.71893e-05 0.008 343.028 0.0211751 1.08029 1231.87 61318.1 159.427 1369.3 64078.7
4.901 1.10047 1.71733e-05 0.008 342.936 0.0211772 1.07929 1233.15 61318.1 159.427 1369.3 64079.9
4.902 1.09946 1.71574e-05 0.008 342.844 0.0211794 1.07829 1234.42 61318.1 159.427 1369.3 64081.2
4.903 1.09846 1.71414e-05 0.008 342.753 0.0211815 1.07728 1235.7 61318.1 159.427 1369.3 64082.5
4.904 1.09746 1.71254e-05 0.008 342.661 0.0211837 1.07628 1236.97 61318.1 159.427 1369.3 64083.8
4.905 1.09646 1.71095e-05 0.008 342.569 0.0211858 1.07528 1238.25 61318.1 159.427 1369.3 64085
4.906 1.09546 1.70935e-05 0.008 342.478 0.0211878 1.07427 1239.53 61318.1 159.427 1369.3 64086.3
4.907 1.09446 1.70775e-05 0.008 342.387 0.0211899 1.07327 1240.8 61318.1 159.427 1369.3 64087.6
4.908 1.09346 1.70616e-05 0.008 342.295 0.0211919 1.07227 1242.08 61318.1 159.427 1369.3 64088.9
4.909 1.09246 1.70456e-05 0.008 342.204 0.0211939 1.07126 1243.36 61318.1 159.427 1369.3 64090.1
4.91 1.09145 1.70296e-05 0.008 342.113 0.0211959 1.07026 1244.64 61318.1 159.427 1369.3 64091.4
4.911 1.09045 1.70137e-05 0.008 342.022 0.0211978 1.06926 1245.93 61318.1 159.427 1369.3 64092.7
4.912 1.08945 1.69977e-05 0.008 341.931 0.0211997 1.06825 1247.21 61318.1 159.427 1369.3 64094
4.913 1.08845 1.69818e-05 0.008 341.84 0.0212016 1.06725 1248.49 61318.1 159.427 1369.3 64095.3
4.914 1.08745 1.69658e-05 0.008 341.749 0.0212035 1.06625 1249.78 61318.1 159.427 1369.3 64096.6
4.915 1.08645 1.69498e-05 0.008 341.659 0.0212053 1.06524 1251.06 61318.1 159.427 1369.3 64097.8
4.916 1.08545 1.69339e-05 0.008 341.568 0.0212071 1.06424 1252.35 61318.1 159.427 1369.3 64099.1
4.917 1.08444 1.69179e-05 0.008 341.477 0.0212089 1.06324 1253.64 61318.1 159.427 1369.3 64100.4
4.918 1.08344 1.69019e-05 0.008 341.387 0.0212107 1.06223 1254.93 61318.1 159.427 1369.3 64101.7
4.919 1.08244 1.6886e-05 0.008 341.297 0.0212124 1.06123 1256.22 61318.1 159.427 1369.3 64103
4.92 1.08144 1.687e-05 0.008 341.206 0.0212142 1.06023 1257.51 61318.1 159.427 1369.3 64104.3
4.921 1.08044 1.68541e-05 0.008 341.116 0.0212159 1.05922 1258.8 61318.1 159.427 1369.3 64105.6
4.922 1.07944 1.68381e-05 0.008 341.026 0.0212175 1.05822 1260.09 61318.1 159.427 1369.3 64106.9
4.923 1.07844 1.68221e-05 0.008 340.936 0.0212192 1.05722 1261.38 61318.1 159.427 1369.3 64108.2
4.924 1.07744 1.68062e-05 0.008 340.846 0.0212208 1.05621 1262.68 61318.1 159.427 1369.3 64109.5
4.925 1.07643 1.67902e-05 0.008 340.756 0.0212224 1.05521 1263.97 61318.1 159.427 1369.3 64110.8
4.926 1.07543 1.67743e-05 0.008 340.667 0.0212239 1.05421 1265.27 61318.1 159.427 1369.3 64112
4.927 1.07443 1.67583e-05 0.008 340.577 0.0212255 1.05321 1266.56 61318.1 159.427 1369.3 64113.3
4.928 1.07343 1.67424e-05 0.008 340.487 0.021227 1.0522 1267.86 61318.1 159.427 1369.3 64114.6
4.929 1.07243 1.67264e-05 0.008 340.398 0.0212285 1.0512 1269.16 61318.1 159.427 1369.3 64115.9
4.93 1.07143 1.67104e-05 0.008 340.309 0.0212299 1.0502 1270.46 61318.1 159.427 1369.29 64117.2
4.931 1.07043 1.66945e-05 0.008 340.219 0.0212314 1.04919 1271.76 61318.1 159.427 1369.29 64118.5
4.932 1.06942 1.66785e-05 0.008 340.13 0.0212328 1.04819 1273.06 61318.1 159.427 1369.29 64119.8
4.933 1.06842 1.66626e-05 0.008 340.041 0.0212342 1.04719 1274.36 61318.1 159.427 1369.29 64121.1
4.934 1.06742 1.66466e-05 0.008 339.952 0.0212355 1.04619 1275.66 61318.1 159.427 1369.29 64122.4
4.935 1.06642 1.66307e-05 0.008 339.863 0.0212368 1.04518 1276.97 61318.1 159.427 1369.29 64123.7
4.936 1.06542 1.66147e-05 0.008 339.774 0.0212382 1.04418 1278.27 61318.1 159.427 1369.29 64125.1
4.937 1.06442 1.65988e-05 0.008 339.685 0.0212394 1.04318 1279.58 61318.1 159.427 1369.29 64126.4
4.938 1.06342 1.65828e-05 0.008 339.596 0.0212407 1.04218 1280.89 61318.1 159.427 1369.29 64127.7
4.939 1.06242 1.65669e-05 0.008 339.508 0.0212419 1.04117 1282.19 61318.1 159.427 1369.29 64129
4.94 1.06141 1.65509e-05 0.008 339.419 0.0212431 1.04017 1283.5 61318.1 159.427 1369.29 64130.3
4.941 1.06041 1.6535e-05 0.008 339.331 0.0212443 1.03917 1284.81 61318.1 159.427 1369.29 64131.6
4.942 1.05941 1.6519e-05 0.008 339.242 0.0212454 1.03817 1286.12 61318.1 159.427 1369.29 64132.9
4.943 1.05841 1.65031e-05 0.008 339.154 0.0212465 1.03716 1287.43 61318.1 159.427 1369.29 64134.2
4.944 1.05741 1.64871e-05 0.008 339.066 0.0212476 1.03616 1288.74 61318.1 159.427 1369.29 64135.5
4.945 1.05641 1.64712e-05 0.008 338.978 0.0212487 1.03516 1290.06 61318.1 159.427 1369.29 64136.8
4.946 1.05541 1.64552e-05 0.008 338.89 0.0212497 1.03416 1291.37 61318.1 159.427 1369.29 64138.1
4.947 1.0544 1.64393e-05 0.008 338.802 0.0212508 1.03315 1292.68 61318.1 159.427 1369.29 64139.5
4.948 1.0534 1.64233e-05 0.008 338.714 0.0212518 1.03215 1294 61318.1 159.427 1369.29 64140.8
4.949 1.0524 1.64074e-05 0.008 338.626 0.0212527 1.03115 1295.32 61318.1 159.427 1369.29 64142.1
4.95 1.0514 1.63914e-05 0.008 338.538 0.0212536 1.03015 1296.63 61318.1 159.427 1369.29 64143.4
4.951 1.0504 1.63755e-05 0.008 338.451 0.0212546 1.02915 1297.95 61318.1 159.427 1369.29 64144.7
4.952 1.0494 1.63595e-05 0.008 338.363 0.0212554 1.02814 1299.27 61318.1 159.427 1369.29 64146
4.953 1.0484 1.63436e-05 0.008 338.276 0.0212563 1.02714 1300.59 61318.1 159.427 1369.29 64147.4
4.954 1.0474 1.63276e-05 0.008 338.188 0.0212571 1.02614 1301.91 61318.1 159.427 1369.29 64148.7
4.955 1.04639 1.63117e-05 0.008 338.101 0.0212579 1.02514 1303.23 61318.1 159.427 1369.29 64150
4.956 1.04539 1.62957e-05 0.008 338.014 0.0212587 1.02413 1304.55 61318.1 159.427 1369.29 64151.3
4.957 1.04439 1.62798e-05 0.008 337.927 0.0212594 1.02313 1305.88 61318.1 159.427 1369.29 64152.7
4.958 1.04339 1.62638e-05 0.008 337.84 0.0212601 1.02213 1307.2 61318.1 159.427 1369.29 64154
4.959 1.04239 1.62479e-05 0.008 337.753 0.0212608 1.02113 1308.53 61318.1 159.427 1369.29 64155.3
4.96 1.04139 1.6232e-05 0.008 337.666 0.0212615 1.02013 1309.85 61318.1 159.427 1369.29 64156.6
4.961 1.04039 1.6216e-05 0.008 337.579 0.0212621 1.01912 1311.18 61318.1 159.427 1369.29 64158
4.962 1.03938 1.62001e-05 0.008 337.493 0.0212627 1.01812 1312.51 61318.1 159.427 1369.29 64159.3
4.963 1.03838 1.61841e-05 0.008 337.406 0.0212633 1.01712 1313.84 61318.1 159.427 1369.29 64160.6
4.964 1.03738 1.61682e-05 0.008 337.32 0.0212639 1.01612 1315.17 61318.1 159.427 1369.29 64161.9
4.965 1.03638 1.61522e-05 0.008 337.233 0.0212644 1.01512 1316.5 61318.1 159.427 1369.29 64163.3
4.966 1.03538 1.61363e-05 0.008 337.147 0.0212649 1.01411 1317.83 61318.1 159.427 1369.29 64164.6
4.967 1.03438 1.61204e-05 0.008 337.061 0.0212654 1.01311 1319.16 61318.1 159.427 1369.29 64165.9
4.968 1.03338 1.61044e-05 0.008 336.974 0.0212658 1.01211 1320.49 61318.1 159.427 1369.29 64167.3
4.969 1.03238 1.60885e-05 0.008 336.888 0.0212662 1.01111 1321.83 61318.1 159.427 1369.29 64168.6
4.97 1.03137 1.60725e-05 0.008 336.802 0.0212666 1.01011 1323.16 61318.1 159.427 1369.29 64169.9
4.971 1.03037 1.60566e-05 0.008 336.716 0.021267 1.00911 1324.5 61318.1 159.427 1369.29 64171.3
4.972 1.02937 1.60407e-05 0.008 336.631 0.0212673 1.0081 1325.84 61318.1 159.427 1369.29 64172.6
4.973 1.02837 1.60247e-05 0.008 336.545 0.0212676 1.0071 1327.17 61318.1 159.427 1369.29 64173.9
4.974 1.02737 1.60088e-05 0.008 336.459 0.0212679 1.0061 1328.51 61318.1 159.427 1369.29 64175.3
4.975 1.02637 1.59929e-05 0.008 336.374 0.0212681 1.0051 1329.85 61318.1 159.427 1369.29 64176.6
4.976 1.02537 1.59769e-05 0.008 336.288 0.0212683 1.0041 1331.19 61318.1 159.427 1369.29 64178
4.977 1.02436 1.5961e-05 0.008 336.203 0.0212685 1.0031 1332.53 61318.1 159.427 1369.29 64179.3
4.978 1.02336 1.5945e-05 0.008 336.118 0.0212687 1.00209 1333.87 61318.1 159.427 1369.29 64180.6
4.979 1.02236 1.59291e-05 0.008 336.032 0.0212688 1.00109 1335.22 61318.1 159.427 1369.29 64182
4.98 1.02136 1.59132e-05 0.008 335.947 0.0212689 1.00009 1336.56 61318.1 159.427 1369.29 64183.3
4.981 1.02036 1.58972e-05 0.008 335.862 0.021269 0.999091 1337.9 61318.1 159.427 1369.29 64184.7
4.982 1.01936 1.58813e-05 0.008 335.777 0.021269 0.998089 1339.25 61318.1 159.427 1369.29 64186
4.983 1.01836 1.58654e-05 0.008 335.692 0.0212691 0.997088 1340.6 61318.1 159.427 1369.29 64187.4
4.984 1.01736 1.58494e-05 0.008 335.607 0.0212691 0.996087 1341.94 61318.1 159.427 1369.29 64188.7
4.985 1.01635 1.58335e-05 0.008 335.523 0.021269 0.995085 1343.29 61318.1 159.427 1369.29 64190.1
4.986 1.01535 1.58176e-05 0.008 335.438 0.021269 0.994084 1344.64 61318.1 159.427 1369.29 64191.4
4.987 1.01435 1.58016e-05 0.008 335.354 0.0212689 0.993083 1345.99 61318.1 159.427 1369.29 64192.8
4.988 1.01335 1.57857e-05 0.008 335.269 0.0212687 0.992082 1347.34 61318.1 159.427 1369.29 64194.1
4.989 1.01235 1.57698e-05 0.008 335.185 0.0212686 0.99108 1348.69 61318.1 159.427 1369.29 64195.5
4.99 1.01135 1.57539e-05 0.008 335.101 0.0212684 0.990079 1350.04 61318.1 159.427 1369.29 64196.8
4.991 1.01035 1.57379e-05 0.008 335.016 0.0212682 0.989078 1351.4 61318.1 159.427 1369.29 64198.2
4.992 1.00934 1.5722e-05 0.008 334.932 0.021268 0.988077 1352.75 61318.1 159.427 1369.29 64199.5
4.993 1.00834 1.57061e-05 0.008 334.848 0.0212677 0.987076 1354.11 61318.1 159.427 1369.29 64200.9
4.994 1.00734 1.56901e-05 0.008 334.764 0.0212674 0.986075 1355.46 61318.1 159.427 1369.29 64202.2
4.995 1.00634 1.56742e-05 0.008 334.68 0.0212671 0.985074 1356.82 61318.1 159.427 1369.29 64203.6
4.996 1.00534 1.56583e-05 0.008 334.597 0.0212667 0.984073 1358.18 61318.1 159.427 1369.29 64204.9
4.997 1.00434 1.56424e-05 0.008 334.513 0.0212663 0.983072 1359.53 61318.1 159.427 1369.29 64206.3
4.998 1.00334 1.56264e-05 0.008 334.429 0.0212659 0.982071 1360.89 61318.1 159.427 1369.29 64207.7
4.999 1.00234 1.56105e-05 0.008 334.346 0.0212655 0.98107 1362.25 61318.1 159.427 1369.29 64209
5 1.00133 1.55946e-05 0.008 334.262 0.021265 0.980069 1363.61 61318.1 159.427 1369.29 64210.4
5.001 1.00033 1.55787e-05 0.008 334.179 0.0212645 0.979068 1364.98 61318.1 159.427 1369.29 64211.7
5.002 0.999332 1.55627e-05 0.008 334.096 0.021264 0.978068 1366.34 61318.1 159.427 1369.29 64213.1
5.003 0.99833 1.55468e-05 0.008 334.013 0.0212634 0.977067 1367.7 61318.1 159.427 1369.29 64214.5
5.004 0.997329 1.55309e-05 0.008 333.93 0.0212628 0.976066 1369.07 61318.1 159.427 1369.29 64215.8
5.005 0.996328 1.5515e-05 0.008 333.847 0.0212622 0.975065 1370.43 61318.1 159.427 1369.29 64217.2
5.006 0.995326 1.5499e-05 0.008 333.764 0.0212615 0.974065 1371.8 61318.1 159.427 1369.29 64218.6
5.007 0.994325 1.54831e-05 0.008 333.681 0.0212609 0.973064 1373.16 61318.1 159.427 1369.29 64219.9
5.008 0.993324 1.54672e-05 0.008 333.598 0.0212602 0.972063 1374.53 61318.1 159.427 1369.29 64221.3
5.009 0.992322 1.54513e-05 0.008 333.515 0.0212594 0.971063 1375.9 61318.1 159.427 1369.29 64222.7
5.01 0.991321 1.54354e-05 0.008 333.433 0.0212587 0.970062 1377.27 61318.1 159.427 1369.29 64224
5.011 0.99032 1.54194e-05 0.008 333.35 0.0212579 0.969062 1378.64 61318.1 159.427 1369.29 64225.4
5.012 0.989318 1.54035e-05 0.008 333.268 0.021257 0.968061 1380.01 61318.1 159.427 1369.29 64226.8
5.013 0.988317 1.53876e-05 0.008 333.186 0.0212562 0.967061 1381.38 61318.1 159.427 1369.29 64228.2
5.014 0.987316 1.53717e-05 0.008 333.104 0.0212553 0.96606 1382.76 61318.1 159.427 1369.29 64229.5
5.015 0.986314 1.53558e-05 0.008 333.021 0.0212544 0.96506 1384.13 61318.1 159.427 1369.29 64230.9
5.016 0.985313 1.53398e-05 0.008 332.939 0.0212534 0.964059 1385.5 61318.1 159.427 1369.29 64232.3
5.017 0.984312 1.53239e-05 0.008 332.857 0.0212524 0.963059 1386.88 61318.1 159.427 1369.29 64233.7
5.018 0.98331 1.5308e-05 0.008 332.775 0.0212514 0.962059 1388.26 61318.1 159.427 1369.29 64235
5.019 0.982309 1.52921e-05 0.008 332.694 0.0212504 0.961058 1389.63 61318.1 159.427 1369.29 64236.4
5.02 0.981308 1.52762e-05 0.008 332.612 0.0212493 0.960058 1391.01 61318.1 159.427 1369.29 64237.8
5.021 0.980306 1.52603e-05 0.008 332.53 0.0212482 0.959058 1392.39 61318.1 159.427 1369.29 64239.2
5.022 0.979305 1.52443e-05 0.008 332.449 0.0212471 0.958058 1393.77 61318.1 159.427 1369.29 64240.5
5.023 0.978304 1.52284e-05 0.008 332.367 0.0212459 0.957058 1395.15 61318.1 159.427 1369.29 64241.9
5.024 0.977302 1.52125e-05 0.008 332.286 0.0212447 0.956057 1396.53 61318.1 159.427 1369.29 64243.3
5.025 0.976301 1.51966e-05 0.008 332.205 0.0212435 0.955057 1397.91 61318.1 159.427 1369.29 64244.7
5.026 0.9753 1.51807e-05 0.008 332.123 0.0212423 0.954057 1399.3 61318.1 159.427 1369.29 64246.1
5.027 0.974298 1.51648e-05 0.008 332.042 0.021241 0.953057 1400.68 61318.1 159.427 1369.29 64247.4
5.028 0.973297 1.51489e-05 0.008 331.961 0.0212397 0.952057 1402.06 61318.1 159.427 1369.29 64248.8
5.029 0.972296 1.5133e-05 0.008 331.88 0.0212383 0.951057 1403.45 61318.1 159.427 1369.29 64250.2
5.03 0.971294 1.5117e-05 0.008 331.799 0.021237 0.950057 1404.84 61318.1 159.427 1369.29 64251.6
5.031 0.970293 1.51011e-05 0.008 331.719 0.0212356 0.949057 1406.22 61318.1 159.427 1369.29 64253
5.032 0.969292 1.50852e-05 0.008 331.638 0.0212341 0.948057 1407.61 61318.1 159.427 1369.29 64254.4
5.033 0.96829 1.50693e-05 0.008 331.557 0.0212326 0.947058 1409 61318.1 159.427 1369.29 64255.8
5.034 0.967289 1.50534e-05 0.008 331.477 0.0212311 0.946058 1410.39 61318.1 159.427 1369.29 64257.2
5.035 0.966288 1.50375e-05 0.008 331.396 0.0212296 0.945058 1411.78 61318.1 159.427 1369.29 64258.5
5.036 0.965286 1.50216e-05 0.008 331.316 0.0212281 0.944058 1413.17 61318.1 159.427 1369.29 64259.9
5.037 0.964285 1.50057e-05 0.008 331.236 0.0212265 0.943058 1414.56 61318.1 159.427 1369.29 64261.3
5.038 0.963284 1.49898e-05 0.008 331.156 0.0212248 0.942059 1415.96 61318.1 159.427 1369.28 64262.7
5.039 0.962282 1.49739e-05 0.008 331.076 0.0212232 0.941059 1417.35 61318.1 159.427 1369.28 64264.1
5.04 0.961281 1.4958e-05 0.008 330.996 0.0212215 0.940059 1418.74 61318.1 159.427 1369.28 64265.5
5.041 0.96028 1.49421e-05 0.008 330.916 0.0212198 0.93906 1420.14 61318.1 159.427 1369.28 64266.9
5.042 0.959278 1.49261e-05 0.008 330.836 0.021218 0.93806 1421.54 61318.1 159.427 1369.28 64268.3
5.043 0.958277 1.49102e-05 0.008 330.756 0.0212163 0.937061 1422.93 61318.1 159.427 1369.28 64269.7
5.044 0.957276 1.48943e-05 0.008 330.676 0.0212145 0.936061 1424.33 61318.1 159.427 1369.28 64271.1
5.045 0.956274 1.48784e-05 0.008 330.597 0.0212126 0.935062 1425.73 61318.1 159.427 1369.28 64272.5
5.046 0.955273 1.48625e-05 0.008 330.517 0.0212107 0.934062 1427.13 61318.1 159.427 1369.28 64273.9
5.047 0.954272 1.48466e-05 0.008 330.438 0.0212088 0.933063 1428.53 61318.1 159.427 1369.28 64275.3
5.048 0.95327 1.48307e-05 0.008 330.359 0.0212069 0.932063 1429.93 61318.1 159.427 1369.28 64276.7
5.049 0.952269 1.48148e-05 0.008 330.279 0.0212049 0.931064 1431.33 61318.1 159.427 1369.28 64278.1
5.05 0.951268 1.47989e-05 0.008 330.2 0.0212029 0.930065 1432.73 61318.1 159.427 1369.28 64279.5
5.051 0.950266 1.4783e-05 0.008 330.121 0.0212009 0.929065 1434.14 61318.1 159.427 1369.28 64280.9
5.052 0.949265 1.47671e-05 0.008 330.042 0.0211988 0.928066 1435.54 61318.1 159.427 1369.28 64282.3
5.053 0.948264 1.47512e-05 0.008 329.963 0.0211967 0.927067 1436.95 61318.1 159.427 1369.28 64283.7
5.054 0.947262 1.47353e-05 0.008 329.884 0.0211946 0.926068 1438.35 61318.1 159.427 1369.28 64285.1
5.055 0.946261 1.47194e-05 0.008 329.806 0.0211924 0.925068 1439.76 61318.1 159.427 1369.28 64286.5
5.056 0.94526 1.47035e-05 0.008 329.727 0.0211902 0.924069 1441.17 61318.1 159.427 1369.28 64287.9
5.057 0.944258 1.46876e-05 0.008 329.649 0.021188 0.92307 1442.58 61318.1 159.427 1369.28 64289.3
5.058 0.943257 1.46717e-05 0.008 329.57 0.0211858 0.922071 1443.99 61318.1 159.427 1369.28 64290.8
5.059 0.942256 1.46558e-05 0.008 329.492 0.0211835 0.921072 1445.4 61318.1 159.427 1369.28 64292.2
5.06 0.941254 1.46399e-05 0.008 329.413 0.0211812 0.920073 1446.81 61318.1 159.427 1369.28 64293.6
5.061 0.940253 1.4624e-05 0.008 329.335 0.0211788 0.919074 1448.22 61318.1 159.427 1369.28 64295
5.062 0.939252 1.46082e-05 0.008 329.257 0.0211764 0.918075 1449.63 61318.1 159.427 1369.28 64296.4
5.063 0.93825 1.45923e-05 0.008 329.179 0.021174 0.917076 1451.04 61318.1 159.427 1369.28 64297.8
5.064 0.937249 1.45764e-05 0.008 329.101 0.0211715 0.916077 1452.46 61318.1 159.427 1369.28 64299.2
5.065 0.936247 1.45605e-05 0.008 329.023 0.0211691 0.915078 1453.87 61318.1 159.427 1369.28 64300.6
5.066 0.935246 1.45446e-05 0.008 328.945 0.0211666 0.91408 1455.29 61318.1 159.427 1369.28 64302.1
5.067 0.934245 1.45287e-05 0.008 328.868 0.021164 0.913081 1456.7 61318.1 159.427 1369.28 64303.5
5.068 0.933243 1.45128e-05 0.008 328.79 0.0211614 0.912082 1458.12 61318.1 159.427 1369.28 64304.9
5.069 0.932242 1.44969e-05 0.008 328.713 0.0211588 0.911083 1459.54 61318.1 159.427 1369.28 64306.3
5.07 0.931241 1.4481e-05 0.008 328.635 0.0211562 0.910085 1460.96 61318.1 159.427 1369.28 64307.7
5.071 0.930239 1.44651e-05 0.008 328.558 0.0211535 0.909086 1462.38 61318.1 159.427 1369.28 64309.1
5.072 0.929238 1.44492e-05 0.008 328.48 0.0211508 0.908087 1463.8 61318.1 159.427 1369.28 64310.6
5.073 0.928237 1.44333e-05 0.008 328.403 0.021148 0.907089 1465.22 61318.1 159.427 1369.28 64312
5.074 0.927235 1.44175e-05 0.008 328.326 0.0211452 0.90609 1466.64 61318.1 159.427 1369.28 64313.4
5.075 0.926234 1.44016e-05 0.008 328.249 0.0211424 0.905092 1468.07 61318.1 159.427 1369.28 64314.8
5.076 0.925233 1.43857e-05 0.008 328.172 0.0211396 0.904093 1469.49 61318.1 159.427 1369.28 64316.3
5.077 0.924231 1.43698e-05 0.008 328.095 0.0211367 0.903095 1470.91 61318.1 159.427 1369.28 64317.7
5.078 0.92323 1.43539e-05 0.008 328.019 0.0211338 0.902096 1472.34 61318.1 159.427 1369.28 64319.1
5.079 0.922229 1.4338e-05 0.008 327.942 0.0211309 0.901098 1473.76 61318.1 159.427 1369.28 64320.5
5.08 0.921227 1.43221e-05 0.008 327.865 0.0211279 0.9001 1475.19 61318.1 159.427 1369.28 64322
5.081 0.920226 1.43062e-05 0.008 327.789 0.0211249 0.899101 1476.62 61318.1 159.427 1369.28 64323.4
5.082 0.919225 1.42904e-05 0.008 327.712 0.0211218 0.898103 1478.05 61318.1 159.427 1369.28 64324.8
5.083 0.918223 1.42745e-05 0.008 327.636 0.0211188 0.897105 1479.48 61318.1 159.427 1369.28 64326.2
5.084 0.917222 1.42586e-05 0.008 327.56 0.0211156 0.896107 1480.91 61318.1 159.427 1369.28 64327.7
5.085 0.916221 1.42427e-05 0.008 327.484 0.0211125 0.895108 1482.34 61318.1 159.427 1369.28 64329.1
5.086 0.915219 1.42268e-05 0.008 327.408 0.0211093 0.89411 1483.77 61318.1 159.427 1369.28 64330.5
5.087 0.914218 1.42109e-05 0.008 327.332 0.0211061 0.893112 1485.2 61318.1 159.427 1369.28 64332
5.088 0.913217 1.41951e-05 0.008 327.256 0.0211029 0.892114 1486.63 61318.1 159.427 1369.28 64333.4
5.089 0.912215 1.41792e-05 0.008 327.18 0.0210996 0.891116 1488.07 61318.1 159.427 1369.28 64334.8
5.09 0.911214 1.41633e-05 0.008 327.104 0.0210963 0.890118 1489.5 61318.1 159.427 1369.28 64336.3
5.091 0.910213 1.41474e-05 0.008 327.028 0.0210929 0.88912 1490.94 61318.1 159.427 1369.28 64337.7
5.092 0.909211 1.41315e-05 0.008 326.953 0.0210896 0.888122 1492.37 61318.1 159.427 1369.28 64339.1
5.093 0.90821 1.41157e-05 0.008 326.877 0.0210861 0.887124 1493.81 61318.1 159.427 1369.28 64340.6
5.094 0.907209 1.40998e-05 0.008 326.802 0.0210827 0.886126 1495.25 61318.1 159.427 1369.28 64342
5.095 0.906207 1.40839e-05 0.008 326.727 0.0210792 0.885128 1496.69 61318.1 159.427 1369.28 64343.5
5.096 0.905206 1.4068e-05 0.008 326.651 0.0210757 0.88413 1498.13 61318.1 159.427 1369.28 64344.9
5.097 0.904205 1.40522e-05 0.008 326.576 0.0210721 0.883133 1499.57 61318.1 159.427 1369.28 64346.3
5.098 0.903203 1.40363e-05 0.008 326.501 0.0210686 0.882135 1501.01 61318.1 159.427 1369.28 64347.8
5.099 0.902202 1.40204e-05 0.008 326.426 0.0210649 0.881137 1502.45 61318.1 159.427 1369.28 64349.2
5.1 0.901201 1.40045e-05 0.008 326.351 0.0210613 0.88014 1503.89 61318.1 159.427 1369.28 64350.7
5.101 0.900199 1.39887e-05 0.008 326.277 0.0210576 0.879142 1505.33 61318.1 159.427 1369.28 64352.1
5.102 0.899198 1.39728e-05 0.008 326.202 0.0210539 0.878144 1506.78 61318.1 159.427 1369.28 64353.5
5.103 0.898197 1.39569e-05 0.008 326.127 0.0210501 0.877147 1508.22 61318.1 159.427 1369.28 64355
5.104 0.897195 1.3941e-05 0.008 326.053 0.0210463 0.876149 1509.67 61318.1 159.427 1369.28 64356.4
5.105 0.896194 1.39252e-05 0.008 325.978 0.0210425 0.875152 1511.11 61318.1 159.427 1369.28 64357.9
5.106 0.895193 1.39093e-05 0.008 325.904 0.0210387 0.874154 1512.56 61318.1 159.427 1369.28 64359.3
5.107 0.894191 1.38934e-05 0.008 325.829 0.0210348 0.873157 1514.01 61318.1 159.427 1369.28 64360.8
5.108 0.89319 1.38776e-05 0.008 325.755 0.0210308 0.872159 1515.46 61318.1 159.427 1369.28 64362.2
5.109 0.892189 1.38617e-05 0.008 325.681 0.0210269 0.871162 1516.91 61318.1 159.427 1369.28 64363.7
5.11 0.891187 1.38458e-05 0.008 325.607 0.0210229 0.870165 1518.36 61318.1 159.427 1369.28 64365.1
5.111 0.890186 1.38299e-05 0.008 325.533 0.0210189 0.869167 1519.81 61318.1 159.427 1369.28 64366.6
5.112 0.889185 1.38141e-05 0.008 325.459 0.0210148 0.86817 1521.26 61318.1 159.427 1369.28 64368
5.113 0.888183 1.37982e-05 0.008 325.386 0.0210107 0.867173 1522.71 61318.1 159.427 1369.28 64369.5
5.114 0.887182 1.37823e-05 0.008 325.312 0.0210066 0.866176 1524.16 61318.1 159.427 1369.28 64370.9
5.115 0.886181 1.37665e-05 0.008 325.238 0.0210024 0.865178 1525.62 61318.1 159.427 1369.28 64372.4
5.116 0.885179 1.37506e-05 0.008 325.165 0.0209982 0.864181 1527.07 61318.1 159.427 1369.28 64373.8
5.117 0.884178 1.37347e-05 0.008 325.091 0.0209939 0.863184 1528.53 61318.1 159.427 1369.28 64375.3
5.118 0.883177 1.37189e-05 0.008 325.018 0.0209897 0.862187 1529.98 61318.1 159.427 1369.28 64376.7
5.119 0.882175 1.3703e-05 0.008 324.945 0.0209854 0.86119 1531.44 61318.1 159.427 1369.28 64378.2
5.12 0.881174 1.36872e-05 0.008 324.871 0.020981 0.860193 1532.9 61318.1 159.427 1369.28 64379.7
5.121 0.880173 1.36713e-05 0.008 324.798 0.0209766 0.859196 1534.36 61318.1 159.427 1369.28 64381.1
5.122 0.879171 1.36554e-05 0.008 324.725 0.0209722 0.858199 1535.82 61318.1 159.427 1369.28 64382.6
5.123 0.87817 1.36396e-05 0.008 324.652 0.0209678 0.857202 1537.28 61318.1 159.427 1369.28 64384
5.124 0.877169 1.36237e-05 0.008 324.58 0.0209633 0.856206 1538.74 61318.1 159.427 1369.28 64385.5
5.125 0.876167 1.36078e-05 0.008 324.507 0.0209588 0.855209 1540.2 61318.1 159.427 1369.28 64387
5.126 0.875166 1.3592e-05 0.008 324.434 0.0209542 0.854212 1541.66 61318.1 159.427 1369.28 64388.4
5.127 0.874165 1.35761e-05 0.008 324.362 0.0209496 0.853215 1543.12 61318.1 159.427 1369.28 64389.9
5.128 0.873163 1.35603e-05 0.008 324.289 0.020945 0.852218 1544.58 61318.1 159.427 1369.28 64391.3
5.129 0.872162 1.35444e-05 0.008 324.217 0.0209403 0.851222 1546.05 61318.1 159.427 1369.28 64392.8
5.13 0.871161 1.35285e-05 0.008 324.144 0.0209356 0.850225 1547.51 61318.1 159.427 1369.28 64394.3
5.131 0.870159 1.35127e-05 0.008 324.072 0.0209309 0.849229 1548.98 61318.1 159.427 1369.28 64395.7
5.132 0.869158 1.34968e-05 0.008 324 0.0209261 0.848232 1550.45 61318.1 159.427 1369.28 64397.2
5.133 0.868157 1.3481e-05 0.008 323.928 0.0209213 0.847235 1551.91 61318.1 159.427 1369.28 64398.7
5.134 0.867155 1.34651e-05 0.008 323.856 0.0209165 0.846239 1553.38 61318.1 159.427 1369.28 64400.1
5.135 0.866154 1.34493e-05 0.008 323.784 0.0209116 0.845243 1554.85 61318.1 159.427 1369.28 64401.6
5.136 0.865153 1.34334e-05 0.008 323.712 0.0209067 0.844246 1556.32 61318.1 159.427 1369.28 64403.1
5.137 0.864151 1.34176e-05 0.008 323.64 0.0209017 0.84325 1557.79 61318.1 159.427 1369.28 64404.5
5.138 0.86315 1.34017e-05 0.008 323.569 0.0208967 0.842253 1559.26 61318.1 159.427 1369.28 64406
5.139 0.862149 1.33858e-05 0.008 323.497 0.0208917 0.841257 1560.73 61318.1 159.427 1369.28 64407.5
5.14 0.861147 1.337e-05 0.008 323.426 0.0208866 0.840261 1562.2 61318.1 159.427 1369.28 64409
5.141 0.860146 1.33541e-05 0.008 323.354 0.0208816 0.839265 1563.68 61318.1 159.427 1369.28 64410.4
5.142 0.859145 1.33383e-05 0.008 323.283 0.0208764 0.838268 1565.15 61318.1 159.427 1369.28 64411.9
5.143 0.858143 1.33224e-05 0.008 323.212 0.0208713 0.837272 1566.62 61318.1 159.427 1369.28 64413.4
5.144 0.857142 1.33066e-05 0.008 323.141 0.0208661 0.836276 1568.1 61318.1 159.427 1369.28 64414.9
5.145 0.856141 1.32907e-05 0.008 323.07 0.0208608 0.83528 1569.58 61318.1 159.427 1369.28 64416.3
5.146 0.855139 1.32749e-05 0.008 322.999 0.0208555 0.834284 1571.05 61318.1 159.427 1369.28 64417.8
5.147 0.854138 1.3259e-05 0.008 322.928 0.0208502 0.833288 1572.53 61318.1 159.427 1369.28 64419.3
5.148 0.853137 1.32432e-05 0.008 322.857 0.0208449 0.832292 1574.01 61318.1 159.427 1369.28 64420.8
5.149 0.852135 1.32273e-05 0.008 322.786 0.0208395 0.831296 1575.49 61318.1 159.427 1369.28 64422.2
5.15 0.851134 1.32115e-05 0.008 322.716 0.0208341 0.8303 1576.96 61318.1 159.427 1369.28 64423.7
5.151 0.850133 1.31957e-05 0.008 322.645 0.0208286 0.829304 1578.44 61318.1 159.427 1369.28 64425.2
5.152 0.849131 1.31798e-05 0.008 322.575 0.0208231 0.828308 1579.93 61318.1 159.427 1369.28 64426.7
5.153 0.84813 1.3164e-05 0.008 322.504 0.0208176 0.827313 1581.41 61318.1 159.427 1369.28 64428.2
5.154 0.847129 1.31481e-05 0.008 322.434 0.020812 0.826317 1582.89 61318.1 159.427 1369.28 64429.6
5.155 0.846127 1.31323e-05 0.008 322.364 0.0208064 0.825321 1584.37 61318.1 159.427 1369.28 64431.1
5.156 0.845126 1.31164e-05 0.008 322.294 0.0208008 0.824325 1585.86 61318.1 159.427 1369.28 64432.6
5.157 0.844125 1.31006e-05 0.008 322.224 0.0207951 0.82333 1587.34 61318.1 159.427 1369.28 64434.1
5.158 0.843123 1.30847e-05 0.008 322.154 0.0207894 0.822334 1588.83 61318.1 159.427 1369.28 64435.6
5.159 0.842122 1.30689e-05 0.008 322.084 0.0207836 0.821338 1590.31 61318.1 159.427 1369.28 64437.1
5.16 0.841121 1.30531e-05 0.008 322.014 0.0207778 0.820343 1591.8 61318.1 159.427 1369.27 64438.6
5.161 0.840119 1.30372e-05 0.008 321.944 0.020772 0.819347 1593.28 61318.1 159.427 1369.27 64440
5.162 0.839118 1.30214e-05 0.008 321.875 0.0207661 0.818352 1594.77 61318.1 159.427 1369.27 64441.5
5.163 0.838117 1.30055e-05 0.008 321.805 0.0207602 0.817357 1596.26 61318.1 159.427 1369.27 64443
5.164 0.837115 1.29897e-05 0.008 321.736 0.0207543 0.816361 1597.75 61318.1 159.427 1369.27 64444.5
5.165 0.836114 1.29739e-05 0.008 321.666 0.0207483 0.815366 1599.24 61318.1 159.427 1369.27 64446
5.166 0.835113 1.2958e-05 0.008 321.597 0.0207423 0.81437 1600.73 61318.1 159.427 1369.27 64447.5
5.167 0.834111 1.29422e-05 0.008 321.528 0.0207363 0.813375 1602.22 61318.1 159.427 1369.27 64449
5.168 0.83311 1.29264e-05 0.008 321.459 0.0207302 0.81238 1603.71 61318.1 159.427 1369.27 64450.5
5.169 0.832109 1.29105e-05 0.008 321.39 0.0207241 0.811385 1605.21 61318.1 159.427 1369.27 64452
5.17 0.831107 1.28947e-05 0.008 321.321 0.0207179 0.81039 1606.7 61318.1 159.427 1369.27 64453.5
5.171 0.830106 1.28789e-05 0.008 321.252 0.0207117 0.809394 1608.19 61318.1 159.427 1369.27 64455
5.172 0.829105 1.2863e-05 0.008 321.183 0.0207055 0.808399 1609.69 61318.1 159.427 1369.27 64456.4
5.173 0.828103 1.28472e-05 0.008 321.115 0.0206992 0.807404 1611.18 61318.1 159.427 1369.27 64457.9
5.174 0.827102 1.28314e-05 0.008 321.046 0.0206929 0.806409 1612.68 61318.1 159.427 1369.27 64459.4
5.175 0.826101 1.28155e-05 0.008 320.977 0.0206865 0.805414 1614.18 61318.1 159.427 1369.27 64460.9
5.176 0.825099 1.27997e-05 0.008 320.909 0.0206801 0.804419 1615.67 61318.1 159.427 1369.27 64462.4
5.177 0.824098 1.27839e-05 0.008 320.841 0.0206737 0.803424 1617.17 61318.1 159.427 1369.27 64463.9
5.178 0.823097 1.2768e-05 0.008 320.772 0.0206672 0.802429 1618.67 61318.1 159.427 1369.27 64465.4
5.179 0.822095 1.27522e-05 0.008 320.704 0.0206607 0.801435 1620.17 61318.1 159.427 1369.27 64466.9
5.18 0.821094 1.27364e-05 0.008 320.636 0.0206542 0.80044 1621.67 61318.1 159.427 1369.27 64468.4
5.181 0.820093 1.27205e-05 0.008 320.568 0.0206476 0.799445 1623.17 61318.1 159.427 1369.27 64469.9
5.182 0.819091 1.27047e-05 0.008 320.5 0.020641 0.79845 1624.67 61318.1 159.427 1369.27 64471.4
5.183 0.81809 1.26889e-05 0.008 320.433 0.0206344 0.797456 1626.17 61318.1 159.427 1369.27 64472.9
5.184 0.817089 1.26731e-05 0.008 320.365 0.0206277 0.796461 1627.68 61318.1 159.427 1369.27 64474.4
5.185 0.816087 1.26572e-05 0.008 320.297 0.0206209 0.795466 1629.18 61318.1 159.427 1369.27 64475.9
5.186 0.815086 1.26414e-05 0.008 320.23 0.0206142 0.794472 1630.69 61318.1 159.427 1369.27 64477.4
5.187 0.814085 1.26256e-05 0.008 320.162 0.0206074 0.793477 1632.19 61318.1 159.427 1369.27 64478.9
5.188 0.813083 1.26098e-05 0.008 320.095 0.0206005 0.792483 1633.7 61318.1 159.427 1369.27 64480.5
5.189 0.812082 1.25939e-05 0.008 320.027 0.0205936 0.791488 1635.2 61318.1 159.427 1369.27 64482
5.19 0.811081 1.25781e-05 0.008 319.96 0.0205867 0.790494 1636.71 61318.1 159.427 1369.27 64483.5
5.191 0.810079 1.25623e-05 0.008 319.893 0.0205798 0.7895 1638.22 61318.1 159.427 1369.27 64485
5.192 0.809078 1.25465e-05 0.008 319.826 0.0205728 0.788505 1639.72 61318.1 159.427 1369.27 64486.5
5.193 0.808077 1.25307e-05 0.008 319.759 0.0205657 0.787511 1641.23 61318.1 159.427 1369.27 64488
5.194 0.807075 1.25148e-05 0.008 319.692 0.0205586 0.786517 1642.74 61318.1 159.427 1369.27 64489.5
5.195 0.806074 1.2499e-05 0.008 319.625 0.0205515 0.785523 1644.25 61318.1 159.427 1369.27 64491
5.196 0.805073 1.24832e-05 0.008 319.559 0.0205444 0.784528 1645.76 61318.1 159.427 1369.27 64492.5
5.197 0.804071 1.24674e-05 0.008 319.492 0.0205372 0.783534 1647.27 61318.1 159.427 1369.27 64494
5.198 0.80307 1.24516e-05 0.008 319.425 0.02053 0.78254 1648.79 61318.1 159.427 1369.27 64495.5
5.199 0.802069 1.24357e-05 0.008 319.359 0.0205227 0.781546 1650.3 61318.1 159.427 1369.27 64497.1
5.2 0.801067 1.24199e-05 0.008 319.293 0.0205154 0.780552 1651.81 61318.1 159.427 1369.27 64498.6
5.201 0.800066 1.24041e-05 0.008 319.226 0.020508 0.779558 1653.33 61318.1 159.427 1369.27 64500.1
5.202 0.799065 1.23883e-05 0.008 319.16 0.0205007 0.778564 1654.84 61318.1 159.427 1369.27 64501.6
5.203 0.798063 1.23725e-05 0.008 319.094 0.0204932 0.77757 1656.36 61318.1 159.427 1369.27 64503.1
5.204 0.797062 1.23567e-05 0.008 319.028 0.0204858 0.776576 1657.87 61318.1 159.427 1369.27 64504.6
5.205 0.796061 1.23409e-05 0.008 318.962 0.0204783 0.775582 1659.39 61318.1 159.427 1369.27 64506.1
5.206 0.795059 1.2325e-05 0.008 318.896 0.0204707 0.774589 1660.91 61318.1 159.427 1369.27 64507.7
5.207 0.794058 1.23092e-05 0.008 318.83 0.0204631 0.773595 1662.42 61318.1 159.427 1369.27 64509.2
5.208 0.793057 1.22934e-05 0.008 318.765 0.0204555 0.772601 1663.94 61318.1 159.427 1369.27 64510.7
5.209 0.792055 1.22776e-05 0.008 318.699 0.0204479 0.771607 1665.46 61318.1 159.427 1369.27 64512.2
5.21 0.791054 1.22618e-05 0.008 318.633 0.0204402 0.770614 1666.98 61318.1 159.427 1369.27 64513.7
5.211 0.790053 1.2246e-05 0.008 318.568 0.0204324 0.76962 1668.5 61318.1 159.427 1369.27 64515.3
5.212 0.789051 1.22302e-05 0.008 318.503 0.0204247 0.768627 1670.02 61318.1 159.427 1369.27 64516.8
5.213 0.78805 1.22144e-05 0.008 318.437 0.0204168 0.767633 1671.54 61318.1 159.427 1369.27 64518.3
5.214 0.787049 1.21986e-05 0.008 318.372 0.020409 0.76664 1673.07 61318.1 159.427 1369.27 64519.8
5.215 0.786047 1.21827e-05 0.008 318.307 0.0204011 0.765646 1674.59 61318.1 159.427 1369.27 64521.3
5.216 0.785046 1.21669e-05 0.008 318.242 0.0203932 0.764653 1676.11 61318.1 159.427 1369.27 64522.9
5.217 0.784045 1.21511e-05 0.008 318.177 0.0203852 0.76366 1677.64 61318.1 159.427 1369.27 64524.4
5.218 0.783043 1.21353e-05 0.008 318.112 0.0203772 0.762666 1679.16 61318.1 159.427 1369.27 64525.9
5.219 0.782042 1.21195e-05 0.008 318.048 0.0203691 0.761673 1680.69 61318.1 159.427 1369.27 64527.4
5.22 0.781041 1.21037e-05 0.008 317.983 0.020361 0.76068 1682.21 61318.1 159.427 1369.27 64529
5.221 0.780039 1.20879e-05 0.008 317.918 0.0203529 0.759686 1683.74 61318.1 159.427 1369.27 64530.5
5.222 0.779038 1.20721e-05 0.008 317.854 0.0203447 0.758693 1685.27 61318.1 159.427 1369.27 64532
5.223 0.778037 1.20563e-05 0.008 317.789 0.0203365 0.7577 1686.79 61318.1 159.427 1369.27 64533.5
5.224 0.777035 1.20405e-05 0.008 317.725 0.0203283 0.756707 1688.32 61318.1 159.427 1369.27 64535.1
5.225 0.776034 1.20247e-05 0.008 317.661 0.02032 0.755714 1689.85 61318.1 159.427 1369.27 64536.6
5.226 0.775033 1.20089e-05 0.008 317.597 0.0203116 0.754721 1691.38 61318.1 159.427 1369.27 64538.1
5.227 0.774031 1.19931e-05 0.008 317.532 0.0203033 0.753728 1692.91 61318.1 159.427 1369.27 64539.7
5.228 0.77303 1.19773e-05 0.008 317.468 0.0202949 0.752735 1694.44 61318.1 159.427 1369.27 64541.2
5.229 0.772029 1.19615e-05 0.008 317.405 0.0202864 0.751742 1695.97 61318.1 159.427 1369.27 64542.7
5.23 0.771027 1.19457e-05 0.008 317.341 0.0202779 0.750749 1697.51 61318.1 159.427 1369.27 64544.3
5.231 0.770026 1.19299e-05 0.008 317.277 0.0202694 0.749757 1699.04 61318.1 159.427 1369.27 64545.8
5.232 0.769025 1.19141e-05 0.008 317.213 0.0202608 0.748764 1700.57 61318.1 159.427 1369.27 64547.3
5.233 0.768023 1.18983e-05 0.008 317.15 0.0202522 0.747771 1702.11 61318.1 159.427 1369.27 64548.9
5.234 0.767022 1.18825e-05 0.008 317.086 0.0202436 0.746778 1703.64 61318.1 159.427 1369.27 64550.4
5.235 0.766021 1.18667e-05 0.008 317.023 0.0202349 0.745786 1705.17 61318.1 159.427 1369.27 64551.9
5.236 0.765019 1.18509e-05 0.008 316.96 0.0202261 0.744793 1706.71 61318.1 159.427 1369.27 64553.5
5.237 0.764018 1.18351e-05 0.008 316.896 0.0202174 0.743801 1708.25 61318.1 159.427 1369.27 64555
5.238 0.763017 1.18194e-05 0.008 316.833 0.0202085 0.742808 1709.78 61318.1 159.427 1369.27 64556.5
5.239 0.762015 1.18036e-05 0.008 316.77 0.0201997 0.741816 1711.32 61318.1 159.427 1369.27 64558.1
5.24 0.761014 1.17878e-05 0.008 316.707 0.0201908 0.740823 1712.86 61318.1 159.427 1369.27 64559.6
5.241 0.760013 1.1772e-05 0.008 316.644 0.0201819 0.739831 1714.4 61318.1 159.427 1369.27 64561.2
5.242 0.759011 1.17562e-05 0.008 316.581 0.0201729 0.738838 1715.94 61318.1 159.427 1369.27 64562.7
5.243 0.75801 1.17404e-05 0.008 316.519 0.0201639 0.737846 1717.48 61318.1 159.427 1369.27 64564.2
5.244 0.757009 1.17246e-05 0.008 316.456 0.0201548 0.736854 1719.02 61318.1 159.427 1369.27 64565.8
5.245 0.756007 1.17088e-05 0.008 316.393 0.0201457 0.735862 1720.56 61318.1 159.427 1369.27 64567.3
5.246 0.755006 1.1693e-05 0.008 316.331 0.0201366 0.734869 1722.1 61318.1 159.427 1369.27 64568.9
5.247 0.754005 1.16773e-05 0.008 316.269 0.0201274 0.733877 1723.64 61318.1 159.427 1369.27 64570.4
5.248 0.753003 1.16615e-05 0.008 316.206 0.0201182 0.732885 1725.18 61318.1 159.427 1369.27 64571.9
5.249 0.752002 1.16457e-05 0.008 316.144 0.0201089 0.731893 1726.73 61318.1 159.427 1369.27 64573.5
5.25 0.751001 1.16299e-05 0.008 316.082 0.0200996 0.730901 1728.27 61318.1 159.427 1369.27 64575
5.251 0.749999 1.16141e-05 0.008 316.02 0.0200903 0.729909 1729.82 61318.1 159.427 1369.27 64576.6
5.252 0.748998 1.15983e-05 0.008 315.958 0.0200809 0.728917 1731.36 61318.1 159.427 1369.27 64578.1
5.253 0.747997 1.15825e-05 0.008 315.896 0.0200715 0.727925 1732.91 61318.1 159.427 1369.27 64579.7
5.254 0.746995 1.15668e-05 0.008 315.834 0.020062 0.726933 1734.45 61318.1 159.427 1369.27 64581.2
5.255 0.745994 1.1551e-05 0.008 315.773 0.0200525 0.725942 1736 61318.1 159.427 1369.27 64582.8
5.256 0.744993 1.15352e-05 0.008 315.711 0.0200429 0.72495 1737.55 61318.1 159.427 1369.27 64584.3
5.257 0.743991 1.15194e-05 0.008 315.649 0.0200333 0.723958 1739.09 61318.1 159.427 1369.27 64585.8
5.258 0.74299 1.15036e-05 0.008 315.588 0.0200237 0.722966 1740.64 61318.1 159.427 1369.27 64587.4
5.259 0.741989 1.14879e-05 0.008 315.527 0.020014 0.721975 1742.19 61318.1 159.427 1369.27 64588.9
5.26 0.740987 1.14721e-05 0.008 315.465 0.0200043 0.720983 1743.74 61318.1 159.427 1369.27 64590.5
5.261 0.739986 1.14563e-05 0.008 315.404 0.0199946 0.719991 1745.29 61318.1 159.427 1369.27 64592
5.262 0.738985 1.14405e-05 0.008 315.343 0.0199848 0.719 1746.84 61318.1 159.427 1369.27 64593.6
5.263 0.737983 1.14247e-05 0.008 315.282 0.0199749 0.718008 1748.39 61318.1 159.427 1369.27 64595.1
5.264 0.736982 1.1409e-05 0.008 315.221 0.0199651 0.717017 1749.94 61318.1 159.427 1369.27 64596.7
5.265 0.735981 1.13932e-05 0.008 315.16 0.0199551 0.716026 1751.5 61318.1 159.427 1369.27 64598.2
5.266 0.734979 1.13774e-05 0.008 315.099 0.0199452 0.715034 1753.05 61318.1 159.427 1369.27 64599.8
5.267 0.733978 1.13617e-05 0.008 315.039 0.0199352 0.714043 1754.6 61318.1 159.427 1369.27 64601.4
5.268 0.732977 1.13459e-05 0.008 314.978 0.0199251 0.713052 1756.16 61318.1 159.427 1369.27 64602.9
5.269 0.731975 1.13301e-05 0.008 314.917 0.019915 0.71206 1757.71 61318.1 159.427 1369.27 64604.5
5.27 0.730974 1.13143e-05 0.008 314.857 0.0199049 0.711069 1759.27 61318.1 159.427 1369.27 64606
5.271 0.729973 1.12986e-05 0.008 314.797 0.0198947 0.710078 1760.82 61318.1 159.427 1369.27 64607.6
5.272 0.728971 1.12828e-05 0.008 314.736 0.0198845 0.709087 1762.38 61318.1 159.427 1369.27 64609.1
5.273 0.72797 1.1267e-05 0.008 314.676 0.0198743 0.708096 1763.93 61318.1 159.427 1369.27 64610.7
5.274 0.726969 1.12513e-05 0.008 314.616 0.019864 0.707105 1765.49 61318.1 159.427 1369.27 64612.2
5.275 0.725967 1.12355e-05 0.008 314.556 0.0198536 0.706114 1767.05 61318.1 159.427 1369.27 64613.8
5.276 0.724966 1.12197e-05 0.008 314.496 0.0198433 0.705123 1768.61 61318.1 159.427 1369.27 64615.4
5.277 0.723965 1.12039e-05 0.008 314.436 0.0198328 0.704132 1770.16 61318.1 159.427 1369.27 64616.9
5.278 0.722963 1.11882e-05 0.008 314.377 0.0198224 0.703141 1771.72 61318.1 159.427 1369.27 64618.5
5.279 0.721962 1.11724e-05 0.008 314.317 0.0198119 0.70215 1773.28 61318.1 159.427 1369.27 64620
5.28 0.720961 1.11567e-05 0.008 314.257 0.0198013 0.701159 1774.84 61318.1 159.427 1369.27 64621.6
5.281 0.719959 1.11409e-05 0.008 314.198 0.0197907 0.700169 1776.4 61318.1 159.427 1369.27 64623.2
5.282 0.718958 1.11251e-05 0.008 314.138 0.0197801 0.699178 1777.97 61318.1 159.427 1369.27 64624.7
5.283 0.717957 1.11094e-05 0.008 314.079 0.0197694 0.698187 1779.53 61318.1 159.427 1369.27 64626.3
5.284 0.716955 1.10936e-05 0.008 314.02 0.0197587 0.697197 1781.09 61318.1 159.427 1369.27 64627.8
5.285 0.715954 1.10778e-05 0.008 313.961 0.0197479 0.696206 1782.65 61318.1 159.427 1369.27 64629.4
5.286 0.714953 1.10621e-05 0.008 313.902 0.0197371 0.695216 1784.22 61318.1 159.427 1369.27 64631
5.287 0.713951 1.10463e-05 0.008 313.843 0.0197263 0.694225 1785.78 61318.1 159.427 1369.27 64632.5
5.288 0.71295 1.10306e-05 0.008 313.784 0.0197154 0.693235 1787.34 61318.1 159.427 1369.27 64634.1
5.289 0.711949 1.10148e-05 0.008 313.725 0.0197045 0.692244 1788.91 61318.1 159.427 1369.27 64635.7
5.29 0.710947 1.0999e-05 0.008 313.666 0.0196935 0.691254 1790.47 61318.1 159.427 1369.27 64637.2
5.291 0.709946 1.09833e-05 0.008 313.607 0.0196825 0.690263 1792.04 61318.1 159.427 1369.27 64638.8
5.292 0.708945 1.09675e-05 0.008 313.549 0.0196714 0.689273 1793.61 61318.1 159.427 1369.27 64640.4
5.293 0.707943 1.09518e-05 0.008 313.49 0.0196603 0.688283 1795.17 61318.1 159.427 1369.27 64641.9
5.294 0.706942 1.0936e-05 0.008 313.432 0.0196492 0.687293 1796.74 61318.1 159.427 1369.27 64643.5
5.295 0.705941 1.09203e-05 0.008 313.374 0.019638 0.686303 1798.31 61318.1 159.427 1369.27 64645.1
5.296 0.704939 1.09045e-05 0.008 313.315 0.0196268 0.685313 1799.88 61318.1 159.427 1369.27 64646.6
5.297 0.703938 1.08887e-05 0.008 313.257 0.0196155 0.684322 1801.45 61318.1 159.427 1369.27 64648.2
5.298 0.702937 1.0873e-05 0.008 313.199 0.0196042 0.683332 1803.02 61318.1 159.427 1369.27 64649.8
5.299 0.701935 1.08572e-05 0.008 313.141 0.0195928 0.682342 1804.59 61318.1 159.427 1369.27 64651.3
5.3 0.700934 1.08415e-05 0.008 313.083 0.0195814 0.681353 1806.16 61318.1 159.427 1369.27 64652.9
5.301 0.699933 1.08257e-05 0.008 313.025 0.01957 0.680363 1807.73 61318.1 159.427 1369.27 64654.5
5.302 0.698931 1.081e-05 0.008 312.968 0.0195585 0.679373 1809.3 61318.1 159.427 1369.27 64656
5.303 0.69793 1.07942e-05 0.008 312.91 0.019547 0.678383 1810.87 61318.1 159.427 1369.27 64657.6
5.304 0.696929 1.07785e-05 0.008 312.852 0.0195354 0.677393 1812.44 61318.1 159.427 1369.27 64659.2
5.305 0.695927 1.07627e-05 0.008 312.795 0.0195238 0.676404 1814.01 61318.1 159.427 1369.26 64660.8
5.306 0.694926 1.0747e-05 0.008 312.738 0.0195121 0.675414 1815.59 61318.1 159.427 1369.26 64662.3
5.307 0.693925 1.07313e-05 0.008 312.68 0.0195004 0.674424 1817.16 61318.1 159.427 1369.26 64663.9
5.308 0.692923 1.07155e-05 0.008 312.623 0.0194887 0.673435 1818.74 61318.1 159.427 1369.26 64665.5
5.309 0.691922 1.06998e-05 0.008 312.566 0.0194769 0.672445 1820.31 61318.1 159.427 1369.26 64667.1
5.31 0.690921 1.0684e-05 0.008 312.509 0.0194651 0.671456 1821.89 61318.1 159.427 1369.26 64668.6
5.311 0.689919 1.06683e-05 0.008 312.452 0.0194532 0.670466 1823.46 61318.1 159.427 1369.26 64670.2
5.312 0.688918 1.06525e-05 0.008 312.395 0.0194413 0.669477 1825.04 61318.1 159.427 1369.26 64671.8
5.313 0.687917 1.06368e-05 0.008 312.338 0.0194293 0.668487 1826.61 61318.1 159.427 1369.26 64673.4
5.314 0.686915 1.0621e-05 0.008 312.281 0.0194173 0.667498 1828.19 61318.1 159.427 1369.26 64674.9
5.315 0.685914 1.06053e-05 0.008 312.225 0.0194052 0.666509 1829.77 61318.1 159.427 1369.26 64676.5
5.316 0.684913 1.05896e-05 0.008 312.168 0.0193932 0.665519 1831.35 61318.1 159.427 1369.26 64678.1
5.317 0.683911 1.05738e-05 0.008 312.112 0.019381 0.66453 1832.92 61318.1 159.427 1369.26 64679.7
5.318 0.68291 1.05581e-05 0.008 312.055 0.0193688 0.663541 1834.5 61318.1 159.427 1369.26 64681.3
5.319 0.681909 1.05423e-05 0.008 311.999 0.0193566 0.662552 1836.08 61318.1 159.427 1369.26 64682.8
5.32 0.680907 1.05266e-05 0.008 311.943 0.0193443 0.661563 1837.66 61318.1 159.427 1369.26 64684.4
5.321 0.679906 1.05109e-05 0.008 311.887 0.019332 0.660574 1839.24 61318.1 159.427 1369.26 64686
5.322 0.678905 1.04951e-05 0.008 311.831 0.0193197 0.659585 1840.82 61318.1 159.427 1369.26 64687.6
5.323 0.677903 1.04794e-05 0.008 311.775 0.0193073 0.658596 1842.4 61318.1 159.427 1369.26 64689.2
5.324 0.676902 1.04637e-05 0.008 311.719 0.0192948 0.657607 1843.99 61318.1 159.427 1369.26 64690.7
5.325 0.675901 1.04479e-05 0.008 311.663 0.0192824 0.656618 1845.57 61318.1 159.427 1369.26 64692.3
5.326 0.674899 1.04322e-05 0.008 311.607 0.0192698 0.655629 1847.15 61318.1 159.427 1369.26 64693.9
5.327 0.673898 1.04165e-05 0.008 311.552 0.0192573 0.654641 1848.73 61318.1 159.427 1369.26 64695.5
5.328 0.672897 1.04007e-05 0.008 311.496 0.0192446 0.653652 1850.32 61318.1 159.427 1369.26 64697.1
5.329 0.671895 1.0385e-05 0.008 311.441 0.019232 0.652663 1851.9 61318.1 159.427 1369.26 64698.6
5.33 0.670894 1.03693e-05 0.008 311.386 0.0192193 0.651675 1853.48 61318.1 159.427 1369.26 64700.2
5.331 0.669893 1.03535e-05 0.008 311.33 0.0192065 0.650686 1855.07 61318.1 159.427 1369.26 64701.8
5.332 0.668891 1.03378e-05 0.008 311.275 0.0191937 0.649698 1856.65 61318.1 159.427 1369.26 64703.4
5.333 0.66789 1.03221e-05 0.008 311.22 0.0191809 0.648709 1858.24 61318.1 159.427 1369.26 64705
5.334 0.666889 1.03064e-05 0.008 311.165 0.019168 0.647721 1859.83 61318.1 159.427 1369.26 64706.6
5.335 0.665887 1.02906e-05 0.008 311.11 0.0191551 0.646732 1861.41 61318.1 159.427 1369.26 64708.2
5.336 0.664886 1.02749e-05 0.008 311.055 0.0191421 0.645744 1863 61318.1 159.427 1369.26 64709.7
5.337 0.663885 1.02592e-05 0.008 311 0.0191291 0.644755 1864.59 61318.1 159.427 1369.26 64711.3
5.338 0.662883 1.02434e-05 0.008 310.946 0.019116 0.643767 1866.17 61318.1 159.427 1369.26 64712.9
5.339 0.661882 1.02277e-05 0.008 310.891 0.0191029 0.642779 1867.76 61318.1 159.427 1369.26 64714.5
5.34 0.660881 1.0212e-05 0.008 310.837 0.0190898 0.641791 1869.35 61318.1 159.427 1369.26 64716.1
5.341 0.659879 1.01963e-05 0.008 310.782 0.0190766 0.640803 1870.94 61318.1 159.427 1369.26 64717.7
5.342 0.658878 1.01806e-05 0.008 310.728 0.0190634 0.639815 1872.53 61318.1 159.427 1369.26 64719.3
5.343 0.657877 1.01648e-05 0.008 310.673 0.0190501 0.638827 1874.12 61318.1 159.427 1369.26 64720.9
5.344 0.656875 1.01491e-05 0.008 310.619 0.0190368 0.637838 1875.71 61318.1 159.427 1369.26 64722.5
5.345 0.655874 1.01334e-05 0.008 310.565 0.0190234 0.636851 1877.3 61318.1 159.427 1369.26 64724
5.346 0.654873 1.01177e-05 0.008 310.511 0.01901 0.635863 1878.89 61318.1 159.427 1369.26 64725.6
5.347 0.653871 1.0102e-05 0.008 310.457 0.0189965 0.634875 1880.48 61318.1 159.427 1369.26 64727.2
5.348 0.65287 1.00862e-05 0.008 310.403 0.018983 0.633887 1882.07 61318.1 159.427 1369.26 64728.8
5.349 0.651869 1.00705e-05 0.008 310.35 0.0189695 0.632899 1883.66 61318.1 159.427 1369.26 64730.4
5.35 0.650867 1.00548e-05 0.008 310.296 0.0189559 0.631911 1885.26 61318.1 159.427 1369.26 64732
5.351 0.649866 1.00391e-05 0.008 310.242 0.0189422 0.630924 1886.85 61318.1 159.427 1369.26 64733.6
5.352 0.648865 1.00234e-05 0.008 310.189 0.0189285 0.629936 1888.44 61318.1 159.427 1369.26 64735.2
5.353 0.647863 1.00077e-05 0.008 310.135 0.0189148 0.628948 1890.04 61318.1 159.427 1369.26 64736.8
5.354 0.646862 9.99194e-06 0.008 310.082 0.018901 0.627961 1891.63 61318.1 159.427 1369.26 64738.4
5.355 0.645861 9.97623e-06 0.008 310.029 0.0188872 0.626973 1893.22 61318.1 159.427 1369.26 64740
5.356 0.644859 9.96051e-06 0.008 309.976 0.0188734 0.625986 1894.82 61318.1 159.427 1369.26 64741.6
5.357 0.643858 9.9448e-06 0.008 309.923 0.0188595 0.624998 1896.41 61318.1 159.427 1369.26 64743.2
5.358 0.642857 9.92909e-06 0.008 309.87 0.0188455 0.624011 1898.01 61318.1 159.427 1369.26 64744.8
5.359 0.641855 9.91338e-06 0.008 309.817 0.0188315 0.623024 1899.61 61318.1 159.427 1369.26 64746.4
5.36 0.640854 9.89767e-06 0.008 309.764 0.0188175 0.622036 1901.2 61318.1 159.427 1369.26 64747.9
5.361 0.639853 9.88196e-06 0.008 309.711 0.0188034 0.621049 1902.8 61318.1 159.427 1369.26 64749.5
5.362 0.638851 9.86625e-06 0.008 309.658 0.0187892 0.620062 1904.4 61318.1 159.427 1369.26 64751.1
5.363 0.63785 9.85055e-06 0.008 309.606 0.0187751 0.619075 1905.99 61318.1 159.427 1369.26 64752.7
5.364 0.636849 9.83484e-06 0.008 309.553 0.0187608 0.618088 1907.59 61318.1 159.427 1369.26 64754.3
5.365 0.635847 9.81913e-06 0.008 309.501 0.0187466 0.617101 1909.19 61318.1 159.427 1369.26 64755.9
5.366 0.634846 9.80343e-06 0.008 309.449 0.0187323 0.616114 1910.79 61318.1 159.427 1369.26 64757.5
5.367 0.633845 9.78772e-06 0.008 309.396 0.0187179 0.615127 1912.39 61318.1 159.427 1369.26 64759.1
5.368 0.632843 9.77202e-06 0.008 309.344 0.0187035 0.61414 1913.98 61318.1 159.427 1369.26 64760.7
5.369 0.631842 9.75632e-06 0.008 309.292 0.0186891 0.613153 1915.58 61318.1 159.427 1369.26 64762.3
5.37 0.630841 9.74062e-06 0.008 309.24 0.0186746 0.612166 1917.18 61318.1 159.427 1369.26 64763.9
5.371 0.629839 9.72491e-06 0.008 309.188 0.01866 0.611179 1918.78 61318.1 159.427 1369.26 64765.5
5.372 0.628838 9.70921e-06 0.008 309.136 0.0186454 0.610192 1920.39 61318.1 159.427 1369.26 64767.1
5.373 0.627837 9.69351e-06 0.008 309.085 0.0186308 0.609206 1921.99 61318.1 159.427 1369.26 64768.7
5.374 0.626835 9.67781e-06 0.008 309.033 0.0186161 0.608219 1923.59 61318.1 159.427 1369.26 64770.3
5.375 0.625834 9.66212e-06 0.008 308.981 0.0186014 0.607232 1925.19 61318.1 159.427 1369.26 64771.9
5.376 0.624833 9.64642e-06 0.008 308.93 0.0185866 0.606246 1926.79 61318.1 159.427 1369.26 64773.5
5.377 0.623831 9.63072e-06 0.008 308.879 0.0185718 0.605259 1928.39 61318.1 159.427 1369.26 64775.1
5.378 0.62283 9.61502e-06 0.008 308.827 0.018557 0.604273 1930 61318.1 159.427 1369.26 64776.7
5.379 0.621829 9.59933e-06 0.008 308.776 0.0185421 0.603286 1931.6 61318.1 159.427 1369.26 64778.3
5.38 0.620827 9.58363e-06 0.008 308.725 0.0185271 0.6023 1933.2 61318.1 159.427 1369.26 64779.9
5.381 0.619826 9.56794e-06 0.008 308.674 0.0185121 0.601314 1934.81 61318.1 159.427 1369.26 64781.6
5.382 0.618825 9.55224e-06 0.008 308.623 0.0184971 0.600327 1936.41 61318.1 159.427 1369.26 64783.2
5.383 0.617823 9.53655e-06 0.008 308.572 0.018482 0.599341 1938.01 61318.1 159.427 1369.26 64784.8
5.384 0.616822 9.52086e-06 0.008 308.521 0.0184668 0.598355 1939.62 61318.1 159.427 1369.26 64786.4
5.385 0.615821 9.50517e-06 0.008 308.47 0.0184517 0.597369 1941.22 61318.1 159.427 1369.26 64788
5.386 0.614819 9.48948e-06 0.008 308.42 0.0184364 0.596383 1942.83 61318.1 159.427 1369.26 64789.6
5.387 0.613818 9.47379e-06 0.008 308.369 0.0184212 0.595397 1944.44 61318.1 159.427 1369.26 64791.2
5.388 0.612817 9.4581e-06 0.008 308.319 0.0184058 0.594411 1946.04 61318.1 159.427 1369.26 64792.8
5.389 0.611815 9.44241e-06 0.008 308.268 0.0183905 0.593425 1947.65 61318.1 159.427 1369.26 64794.4
5.39 0.610814 9.42672e-06 0.008 308.218 0.0183751 0.592439 1949.25 61318.1 159.427 1369.26 64796
5.391 0.609813 9.41104e-06 0.008 308.168 0.0183596 0.591453 1950.86 61318.1 159.427 1369.26 64797.6
5.392 0.608811 9.39535e-06 0.008 308.118 0.0183441 0.590467 1952.47 61318.1 159.427 1369.26 64799.2
5.393 0.60781 9.37966e-06 0.008 308.068 0.0183286 0.589481 1954.08 61318.1 159.427 1369.26 64800.8
5.394 0.606809 9.36398e-06 0.008 308.018 0.018313 0.588496 1955.68 61318.1 159.427 1369.26 64802.4
5.395 0.605807 9.34829e-06 0.008 307.968 0.0182973 0.58751 1957.29 61318.1 159.427 1369.26 64804
5.396 0.604806 9.33261e-06 0.008 307.918 0.0182816 0.586524 1958.9 61318.1 159.427 1369.26 64805.6
5.397 0.603805 9.31693e-06 0.008 307.868 0.0182659 0.585539 1960.51 61318.1 159.427 1369.26 64807.3
5.398 0.602803 9.30125e-06 0.008 307.819 0.0182501 0.584553 1962.12 61318.1 159.427 1369.26 64808.9
5.399 0.601802 9.28557e-06 0.008 307.769 0.0182343 0.583568 1963.73 61318.1 159.427 1369.26 64810.5
5.4 0.600801 9.26989e-06 0.008 307.72 0.0182184 0.582582 1965.34 61318.1 159.427 1369.26 64812.1
5.401 0.599799 9.25421e-06 0.008 307.67 0.0182025 0.581597 1966.95 61318.1 159.427 1369.26 64813.7
5.402 0.598798 9.23853e-06 0.008 307.621 0.0181866 0.580611 1968.56 61318.1 159.427 1369.26 64815.3
5.403 0.597797 9.22285e-06 0.008 307.572 0.0181705 0.579626 1970.17 61318.1 159.427 1369.26 64816.9
5.404 0.596795 9.20717e-06 0.008 307.523 0.0181545 0.578641 1971.78 61318.1 159.427 1369.26 64818.5
5.405 0.595794 9.19149e-06 0.008 307.474 0.0181384 0.577655 1973.39 61318.1 159.427 1369.26 64820.1
5.406 0.594793 9.17582e-06 0.008 307.425 0.0181222 0.57667 1975 61318.1 159.427 1369.26 64821.7
5.407 0.593791 9.16014e-06 0.008 307.376 0.018106 0.575685 1976.61 61318.1 159.427 1369.26 64823.4
5.408 0.59279 9.14447e-06 0.008 307.327 0.0180898 0.5747 1978.22 61318.1 159.427 1369.26 64825
5.409 0.591789 9.12879e-06 0.008 307.278 0.0180735 0.573715 1979.83 61318.1 159.427 1369.26 64826.6
5.41 0.590787 9.11312e-06 0.008 307.23 0.0180572 0.57273 1981.45 61318.1 159.427 1369.26 64828.2
5.411 0.589786 9.09745e-06 0.008 307.181 0.0180408 0.571745 1983.06 61318.1 159.427 1369.26 64829.8
5.412 0.588785 9.08178e-06 0.008 307.133 0.0180244 0.57076 1984.67 61318.1 159.427 1369.26 64831.4
5.413 0.587783 9.06611e-06 0.008 307.084 0.0180079 0.569775 1986.29 61318.1 159.427 1369.26 64833
5.414 0.586782 9.05044e-06 0.008 307.036 0.0179914 0.568791 1987.9 61318.1 159.427 1369.26 64834.6
5.415 0.585781 9.03477e-06 0.008 306.988 0.0179748 0.567806 1989.51 61318.1 159.427 1369.26 64836.3
5.416 0.584779 9.0191e-06 0.008 306.94 0.0179582 0.566821 1991.13 61318.1 159.427 1369.26 64837.9
5.417 0.583778 9.00343e-06 0.008 306.892 0.0179415 0.565836 1992.74 61318.1 159.427 1369.26 64839.5
5.418 0.582777 8.98776e-06 0.008 306.844 0.0179248 0.564852 1994.35 61318.1 159.427 1369.26 64841.1
5.419 0.581775 8.9721e-06 0.008 306.796 0.017908 0.563867 1995.97 61318.1 159.427 1369.26 64842.7
5.42 0.580774 8.95643e-06 0.008 306.748 0.0178912 0.562883 1997.58 61318.1 159.427 1369.26 64844.3
5.421 0.579773 8.94077e-06 0.008 306.7 0.0178744 0.561898 1999.2 61318.1 159.427 1369.26 64845.9
5.422 0.578771 8.9251e-06 0.008 306.653 0.0178575 0.560914 2000.81 61318.1 159.427 1369.26 64847.6
5.423 0.57777 8.90944e-06 0.008 306.605 0.0178405 0.559929 2002.43 61318.1 159.427 1369.26 64849.2
5.424 0.576769 8.89378e-06 0.008 306.558 0.0178235 0.558945 2004.05 61318.1 159.427 1369.26 64850.8
5.425 0.575767 8.87812e-06 0.008 306.51 0.0178065 0.557961 2005.66 61318.1 159.427 1369.26 64852.4
5.426 0.574766 8.86246e-06 0.008 306.463 0.0177894 0.556976 2007.28 61318.1 159.427 1369.26 64854
5.427 0.573765 8.84679e-06 0.008 306.416 0.0177723 0.555992 2008.89 61318.1 159.427 1369.26 64855.6
5.428 0.572763 8.83114e-06 0.008 306.369 0.0177551 0.555008 2010.51 61318.1 159.427 1369.26 64857.3
5.429 0.571762 8.81548e-06 0.008 306.322 0.0177379 0.554024 2012.13 61318.1 159.427 1369.26 64858.9
5.43 0.570761 8.79982e-06 0.008 306.275 0.0177206 0.55304 2013.75 61318.1 159.427 1369.26 64860.5
5.431 0.569759 8.78416e-06 0.008 306.228 0.0177033 0.552056 2015.36 61318.1 159.427 1369.26 64862.1
5.432 0.568758 8.7685e-06 0.008 306.181 0.0176859 0.551072 2016.98 61318.1 159.427 1369.26 64863.7
5.433 0.567757 8.75285e-06 0.008 306.134 0.0176685 0.550088 2018.6 61318.1 159.427 1369.26 64865.3
5.434 0.566755 8.73719e-06 0.008 306.088 0.017651 0.549104 2020.22 61318.1 159.427 1369.26 64867
5.435 0.565754 8.72154e-06 0.008 306.041 0.0176335 0.54812 2021.83 61318.1 159.427 1369.26 64868.6
5.436 0.564753 8.70589e-06 0.008 305.995 0.017616 0.547137 2023.45 61318.1 159.427 1369.26 64870.2
5.437 0.563751 8.69023e-06 0.008 305.948 0.0175983 0.546153 2025.07 61318.1 159.427 1369.26 64871.8
5.438 0.56275 8.67458e-06 0.008 305.902 0.0175807 0.545169 2026.69 61318.1 159.427 1369.26 64873.4
5.439 0.561748 8.65893e-06 0.008 305.856 0.017563 0.544186 2028.31 61318.1 159.427 1369.26 64875.1
5.44 0.560747 8.64328e-06 0.008 305.81 0.0175452 0.543202 2029.93 61318.1 159.427 1369.26 64876.7
5.441 0.559746 8.62763e-06 0.008 305.764 0.0175274 0.542218 2031.55 61318.1 159.427 1369.26 64878.3
5.442 0.558744 8.61198e-06 0.008 305.718 0.0175096 0.541235 2033.17 61318.1 159.427 1369.26 64879.9
5.443 0.557743 8.59633e-06 0.008 305.672 0.0174917 0.540251 2034.79 61318.1 159.427 1369.26 64881.5
5.444 0.556742 8.58068e-06 0.008 305.626 0.0174738 0.539268 2036.41 61318.1 159.427 1369.26 64883.1
5.445 0.55574 8.56504e-06 0.008 305.581 0.0174558 0.538285 2038.03 61318.1 159.427 1369.26 64884.8
5.446 0.554739 8.54939e-06 0.008 305.535 0.0174378 0.537301 2039.65 61318.1 159.427 1369.26 64886.4
5.447 0.553738 8.53375e-06 0.008 305.49 0.0174197 0.536318 2041.27 61318.1 159.427 1369.26 64888
5.448 0.552736 8.5181e-06 0.008 305.444 0.0174015 0.535335 2042.89 61318.1 159.427 1369.26 64889.6
5.449 0.551735 8.50246e-06 0.008 305.399 0.0173834 0.534352 2044.51 61318.1 159.427 1369.26 64891.3
5.45 0.550734 8.48682e-06 0.008 305.353 0.0173651 0.533369 2046.13 61318.1 159.427 1369.26 64892.9
5.451 0.549732 8.47117e-06 0.008 305.308 0.0173469 0.532386 2047.75 61318.1 159.427 1369.26 64894.5
5.452 0.548731 8.45553e-06 0.008 305.263 0.0173285 0.531403 2049.37 61318.1 159.427 1369.26 64896.1
5.453 0.54773 8.43989e-06 0.008 305.218 0.0173102 0.53042 2051 61318.1 159.427 1369.26 64897.7
5.454 0.546728 8.42425e-06 0.008 305.173 0.0172918 0.529437 2052.62 61318.1 159.427 1369.26 64899.4
5.455 0.545727 8.40861e-06 0.008 305.128 0.0172733 0.528454 2054.24 61318.1 159.427 1369.26 64901
5.456 0.544726 8.39297e-06 0.008 305.084 0.0172548 0.527471 2055.86 61318.1 159.427 1369.26 64902.6
5.457 0.543724 8.37734e-06 0.008 305.039 0.0172362 0.526488 2057.48 61318.1 159.427 1369.26 64904.2
5.458 0.542723 8.3617e-06 0.008 304.994 0.0172176 0.525506 2059.11 61318.1 159.427 1369.26 64905.8
5.459 0.541722 8.34606e-06 0.008 304.95 0.017199 0.524523 2060.73 61318.1 159.427 1369.26 64907.5
5.46 0.54072 8.33043e-06 0.008 304.905 0.0171803 0.52354 2062.35 61318.1 159.427 1369.26 64909.1
5.461 0.539719 8.31479e-06 0.008 304.861 0.0171615 0.522558 2063.97 61318.1 159.427 1369.26 64910.7
5.462 0.538718 8.29916e-06 0.008 304.817 0.0171427 0.521575 2065.6 61318.1 159.427 1369.26 64912.3
5.463 0.537716 8.28353e-06 0.008 304.773 0.0171239 0.520593 2067.22 61318.1 159.427 1369.26 64914
5.464 0.536715 8.26789e-06 0.008 304.729 0.017105 0.51961 2068.84 61318.1 159.427 1369.26 64915.6
5.465 0.535714 8.25226e-06 0.008 304.685 0.017086 0.518628 2070.47 61318.1 159.427 1369.26 64917.2
5.466 0.534712 8.23663e-06 0.008 304.641 0.017067 0.517645 2072.09 61318.1 159.427 1369.26 64918.8
5.467 0.533711 8.221e-06 0.008 304.597 0.017048 0.516663 2073.71 61318.1 159.427 1369.26 64920.5
5.468 0.53271 8.20537e-06 0.008 304.553 0.0170289 0.515681 2075.34 61318.1 159.427 1369.26 64922.1
5.469 0.531708 8.18974e-06 0.008 304.509 0.0170098 0.514699 2076.96 61318.1 159.427 1369.26 64923.7
5.47 0.530707 8.17412e-06 0.008 304.466 0.0169906 0.513717 2078.58 61318.1 159.427 1369.26 64925.3
5.471 0.529706 8.15849e-06 0.008 304.422 0.0169714 0.512734 2080.21 61318.1 159.427 1369.26 64926.9
5.472 0.528704 8.14286e-06 0.008 304.379 0.0169521 0.511752 2081.83 61318.1 159.427 1369.26 64928.6
5.473 0.527703 8.12724e-06 0.008 304.335 0.0169328 0.51077 2083.46 61318.1 159.427 1369.26 64930.2
5.474 0.526702 8.11161e-06 0.008 304.292 0.0169134 0.509788 2085.08 61318.1 159.427 1369.26 64931.8
5.475 0.5257 8.09599e-06 0.008 304.249 0.016894 0.508807 2086.71 61318.1 159.427 1369.26 64933.4
5.476 0.524699 8.08037e-06 0.008 304.206 0.0168745 0.507825 2088.33 61318.1 159.427 1369.26 64935.1
5.477 0.523698 8.06474e-06 0.008 304.163 0.016855 0.506843 2089.96 61318.1 159.427 1369.26 64936.7
5.478 0.522696 8.04912e-06 0.008 304.12 0.0168354 0.505861 2091.58 61318.1 159.427 1369.26 64938.3
5.479 0.521695 8.0335e-06 0.008 304.077 0.0168158 0.504879 2093.21 61318.1 159.427 1369.26 64939.9
5.48 0.520694 8.01788e-06 0.008 304.034 0.0167961 0.503898 2094.83 61318.1 159.427 1369.26 64941.6
5.481 0.519692 8.00226e-06 0.008 303.992 0.0167764 0.502916 2096.46 61318.1 159.427 1369.26 64943.2
5.482 0.518691 7.98664e-06 0.008 303.949 0.0167566 0.501935 2098.08 61318.1 159.427 1369.26 64944.8
5.483 0.51769 7.97103e-06 0.008 303.907 0.0167368 0.500953 2099.71 61318.1 159.427 1369.26 64946.4
5.484 0.516688 7.95541e-06 0.008 303.864 0.0167169 0.499972 2101.33 61318.1 159.427 1369.26 64948.1
5.485 0.515687 7.93979e-06 0.008 303.822 0.016697 0.49899 2102.96 61318.1 159.427 1369.26 64949.7
5.486 0.514686 7.92418e-06 0.008 303.78 0.0166771 0.498009 2104.58 61318.1 159.427 1369.26 64951.3
5.487 0.513684 7.90856e-06 0.008 303.738 0.0166571 0.497027 2106.21 61318.1 159.427 1369.26 64952.9
5.488 0.512683 7.89295e-06 0.008 303.695 0.016637 0.496046 2107.83 61318.1 159.427 1369.26 64954.6
5.489 0.511682 7.87734e-06 0.008 303.653 0.0166169 0.495065 2109.46 61318.1 159.427 1369.26 64956.2
5.49 0.51068 7.86172e-06 0.008 303.612 0.0165968 0.494084 2111.08 61318.1 159.427 1369.26 64957.8
5.491 0.509679 7.84611e-06 0.008 303.57 0.0165766 0.493103 2112.71 61318.1 159.427 1369.25 64959.4
5.492 0.508678 7.8305e-06 0.008 303.528 0.0165563 0.492121 2114.34 61318.1 159.427 1369.25 64961.1
5.493 0.507676 7.81489e-06 0.008 303.486 0.016536 0.49114 2115.96 61318.1 159.427 1369.25 64962.7
5.494 0.506675 7.79928e-06 0.008 303.445 0.0165157 0.490159 2117.59 61318.1 159.427 1369.25 64964.3
5.495 0.505674 7.78367e-06 0.008 303.403 0.0164953 0.489179 2119.21 61318.1 159.427 1369.25 64966
5.496 0.504672 7.76807e-06 0.008 303.362 0.0164748 0.488198 2120.84 61318.1 159.427 1369.25 64967.6
5.497 0.503671 7.75246e-06 0.008 303.32 0.0164543 0.487217 2122.47 61318.1 159.427 1369.25 64969.2
5.498 0.50267 7.73685e-06 0.008 303.279 0.0164338 0.486236 2124.09 61318.1 159.427 1369.25 64970.8
5.499 0.501668 7.72125e-06 0.008 303.238 0.0164132 0.485255 2125.72 61318.1 159.427 1369.25 64972.5
5.5 0.500667 7.70564e-06 0.008 303.197 0.0163926 0.484275 2127.35 61318.1 159.427 1369.25 64974.1
5.501 0.499666 7.69004e-06 0.008 303.156 0.0163719 0.483294 2128.97 61318.1 159.427 1369.25 64975.7
5.502 0.498664 7.67444e-06 0.008 303.115 0.0163511 0.482313 2130.6 61318.1 159.427 1369.25 64977.3
5.503 0.497663 7.65883e-06 0.008 303.074 0.0163304 0.481333 2132.23 61318.1 159.427 1369.25 64979
5.504 0.496662 7.64323e-06 0.008 303.033 0.0163095 0.480352 2133.85 61318.1 159.427 1369.25 64980.6
5.505 0.49566 7.62763e-06 0.008 302.993 0.0162886 0.479372 2135.48 61318.1 159.427 1369.25 64982.2
5.506 0.494659 7.61203e-06 0.008 302.952 0.0162677 0.478391 2137.1 61318.1 159.427 1369.25 64983.8
5.507 0.493658 7.59643e-06 0.008 302.912 0.0162467 0.477411 2138.73 61318.1 159.427 1369.25 64985.5
5.508 0.492656 7.58083e-06 0.008 302.871 0.0162257 0.476431 2140.36 61318.1 159.427 1369.25 64987.1
5.509 0.491655 7.56524e-06 0.008 302.831 0.0162046 0.47545 2141.98 61318.1 159.427 1369.25 64988.7
5.51 0.490654 7.54964e-06 0.008 302.791 0.0161835 0.47447 2143.61 61318.1 159.427 1369.25 64990.3
5.511 0.489652 7.53404e-06 0.008 302.751 0.0161623 0.47349 2145.24 61318.1 159.427 1369.25 64992
5.512 0.488651 7.51845e-06 0.008 302.711 0.0161411 0.47251 2146.86 61318.1 159.427 1369.25 64993.6
5.513 0.48765 7.50285e-06 0.008 302.671 0.0161198 0.47153 2148.49 61318.1 159.427 1369.25 64995.2
5.514 0.486648 7.48726e-06 0.008 302.631 0.0160985 0.47055 2150.12 61318.1 159.427 1369.25 64996.9
5.515 0.485647 7.47167e-06 0.008 302.591 0.0160771 0.46957 2151.74 61318.1 159.427 1369.25 64998.5
5.516 0.484646 7.45608e-06 0.008 302.551 0.0160557 0.46859 2153.37 61318.1 159.427 1369.25 65000.1
5.517 0.483644 7.44049e-06 0.008 302.511 0.0160342 0.46761 2155 61318.1 159.427 1369.25 65001.7
5.518 0.482643 7.42489e-06 0.008 302.472 0.0160127 0.46663 2156.62 61318.1 159.427 1369.25 65003.4
5.519 0.481642 7.4093e-06 0.008 302.432 0.0159911 0.465651 2158.25 61318.1 159.427 1369.25 65005
5.52 0.48064 7.39372e-06 0.008 302.393 0.0159695 0.464671 2159.88 61318.1 159.427 1369.25 65006.6
5.521 0.479639 7.37813e-06 0.008 302.354 0.0159478 0.463691 2161.5 61318.1 159.427 1369.25 65008.2
5.522 0.478638 7.36254e-06 0.008 302.314 0.0159261 0.462712 2163.13 61318.1 159.427 1369.25 65009.9
5.523 0.477636 7.34695e-06 0.008 302.275 0.0159044 0.461732 2164.75 61318.1 159.427 1369.25 65011.5
5.524 0.476635 7.33137e-06 0.008 302.236 0.0158825 0.460753 2166.38 61318.1 159.427 1369.25 65013.1
5.525 0.475634 7.31578e-06 0.008 302.197 0.0158607 0.459773 2168.01 61318.1 159.427 1369.25 65014.7
5.526 0.474632 7.3002e-06 0.008 302.158 0.0158388 0.458794 2169.63 61318.1 159.427 1369.25 65016.4
5.527 0.473631 7.28462e-06 0.008 302.119 0.0158168 0.457814 2171.26 61318.1 159.427 1369.25 65018
5.528 0.47263 7.26903e-06 0.008 302.081 0.0157948 0.456835 2172.89 61318.1 159.427 1369.25 65019.6
5.529 0.471628 7.25345e-06 0.008 302.042 0.0157727 0.455856 2174.51 61318.1 159.427 1369.25 65021.2
5.53 0.470627 7.23787e-06 0.008 302.003 0.0157506 0.454876 2176.14 61318.1 159.427 1369.25 65022.9
5.531 0.469626 7.22229e-06 0.008 301.965 0.0157284 0.453897 2177.76 61318.1 159.427 1369.25 65024.5
5.532 0.468624 7.20671e-06 0.008 301.927 0.0157062 0.452918 2179.39 61318.1 159.427 1369.25 65026.1
5.533 0.467623 7.19113e-06 0.008 301.888 0.015684 0.451939 2181.02 61318.1 159.427 1369.25 65027.8
5.534 0.466622 7.17555e-06 0.008 301.85 0.0156617 0.45096 2182.64 61318.1 159.427 1369.25 65029.4
5.535 0.46562 7.15998e-06 0.008 301.812 0.0156393 0.449981 2184.27 61318.1 159.427 1369.25 65031
5.536 0.464619 7.1444e-06 0.008 301.774 0.0156169 0.449002 2185.89 61318.1 159.427 1369.25 65032.6
5.537 0.463618 7.12882e-06 0.008 301.736 0.0155944 0.448023 2187.52 61318.1 159.427 1369.25 65034.3
5.538 0.462616 7.11325e-06 0.008 301.698 0.0155719 0.447044 2189.15 61318.1 159.427 1369.25 65035.9
5.539 0.461615 7.09767e-06 0.008 301.66 0.0155494 0.446066 2190.77 61318.1 159.427 1369.25 65037.5
5.54 0.460614 7.0821e-06 0.008 301.622 0.0155268 0.445087 2192.4 61318.1 159.427 1369.25 65039.1
5.541 0.459612 7.06653e-06 0.008 301.585 0.0155041 0.444108 2194.02 61318.1 159.427 1369.25 65040.8
5.542 0.458611 7.05096e-06 0.008 301.547 0.0154814 0.44313 2195.65 61318.1 159.427 1369.25 65042.4
5.543 0.45761 7.03539e-06 0.008 301.51 0.0154587 0.442151 2197.27 61318.1 159.427 1369.25 65044
5.544 0.456608 7.01982e-06 0.008 301.472 0.0154359 0.441173 2198.9 61318.1 159.427 1369.25 65045.6
5.545 0.455607 7.00425e-06 0.008 301.435 0.015413 0.440194 2200.52 61318.1 159.427 1369.25 65047.3
5.546 0.454606 6.98868e-06 0.008 301.398 0.0153901 0.439216 2202.15 61318.1 159.427 1369.25 65048.9
5.547 0.453604 6.97311e-06 0.008 301.36 0.0153671 0.438237 2203.77 61318.1 159.427 1369.25 65050.5
5.548 0.452603 6.95754e-06 0.008 301.323 0.0153441 0.437259 2205.4 61318.1 159.427 1369.25 65052.1
5.549 0.451602 6.94198e-06 0.008 301.286 0.0153211 0.436281 2207.02 61318.1 159.427 1369.25 65053.8
5.55 0.4506 6.92641e-06 0.008 301.249 0.015298 0.435302 2208.65 61318.1 159.427 1369.25 65055.4
5.551 0.449599 6.91085e-06 0.008 301.213 0.0152748 0.434324 2210.27 61318.1 159.427 1369.25 65057
5.552 0.448598 6.89528e-06 0.008 301.176 0.0152516 0.433346 2211.89 61318.1 159.427 1369.25 65058.6
5.553 0.447596 6.87972e-06 0.008 301.139 0.0152284 0.432368 2213.52 61318.1 159.427 1369.25 65060.3
5.554 0.446595 6.86416e-06 0.008 301.103 0.0152051 0.43139 2215.14 61318.1 159.427 1369.25 65061.9
5.555 0.445594 6.8486e-06 0.008 301.066 0.0151817 0.430412 2216.77 61318.1 159.427 1369.25 65063.5
5.556 0.444592 6.83304e-06 0.008 301.03 0.0151583 0.429434 2218.39 61318.1 159.427 1369.25 65065.1
5.557 0.443591 6.81748e-06 0.008 300.993 0.0151349 0.428456 2220.01 61318.1 159.427 1369.25 65066.8
5.558 0.44259 6.80192e-06 0.008 300.957 0.0151114 0.427478 2221.64 61318.1 159.427 1369.25 65068.4
5.559 0.441588 6.78636e-06 0.008 300.921 0.0150878 0.426501 2223.26 61318.1 159.427 1369.25 65070
5.56 0.440587 6.7708e-06 0.008 300.885 0.0150643 0.425523 2224.88 61318.1 159.427 1369.25 65071.6
5.561 0.439586 6.75525e-06 0.008 300.849 0.0150406 0.424545 2226.51 61318.1 159.427 1369.25 65073.2
5.562 0.438584 6.73969e-06 0.008 300.813 0.0150169 0.423567 2228.13 61318.1 159.427 1369.25 65074.9
5.563 0.437583 6.72413e-06 0.008 300.777 0.0149932 0.42259 2229.75 61318.1 159.427 1369.25 65076.5
5.564 0.436582 6.70858e-06 0.008 300.741 0.0149694 0.421612 2231.38 61318.1 159.427 1369.25 65078.1
5.565 0.43558 6.69303e-06 0.008 300.706 0.0149455 0.420635 2233 61318.1 159.427 1369.25 65079.7
5.566 0.434579 6.67747e-06 0.008 300.67 0.0149216 0.419657 2234.62 61318.1 159.427 1369.25 65081.4
5.567 0.433578 6.66192e-06 0.008 300.635 0.0148977 0.41868 2236.24 61318.1 159.427 1369.25 65083
5.568 0.432576 6.64637e-06 0.008 300.599 0.0148737 0.417703 2237.86 61318.1 159.427 1369.25 65084.6
5.569 0.431575 6.63082e-06 0.008 300.564 0.0148496 0.416725 2239.49 61318.1 159.427 1369.25 65086.2
5.57 0.430574 6.61527e-06 0.008 300.529 0.0148255 0.415748 2241.11 61318.1 159.427 1369.25 65087.8
5.571 0.429572 6.59972e-06 0.008 300.494 0.0148014 0.414771 2242.73 61318.1 159.427 1369.25 65089.5
5.572 0.428571 6.58417e-06 0.008 300.459 0.0147772 0.413794 2244.35 61318.1 159.427 1369.25 65091.1
5.573 0.42757 6.56863e-06 0.008 300.424 0.0147529 0.412817 2245.97 61318.1 159.427 1369.25 65092.7
5.574 0.426568 6.55308e-06 0.008 300.389 0.0147287 0.41184 2247.59 61318.1 159.427 1369.25 65094.3
5.575 0.425567 6.53754e-06 0.008 300.354 0.0147043 0.410863 2249.21 61318.1 159.427 1369.25 65095.9
5.576 0.424566 6.52199e-06 0.008 300.319 0.0146799 0.409886 2250.83 61318.1 159.427 1369.25 65097.6
5.577 0.423564 6.50645e-06 0.008 300.284 0.0146555 0.408909 2252.45 61318.1 159.427 1369.25 65099.2
5.578 0.422563 6.4909e-06 0.008 300.25 0.014631 0.407932 2254.07 61318.1 159.427 1369.25 65100.8
5.579 0.421562 6.47536e-06 0.008 300.215 0.0146064 0.406955 2255.69 61318.1 159.427 1369.25 65102.4
5.58 0.42056 6.45982e-06 0.008 300.181 0.0145818 0.405979 2257.31 61318.1 159.427 1369.25 65104
5.581 0.419559 6.44428e-06 0.008 300.147 0.0145572 0.405002 2258.93 61318.1 159.427 1369.25 65105.7
5.582 0.418558 6.42874e-06 0.008 300.112 0.0145325 0.404025 2260.55 61318.1 159.427 1369.25 65107.3
5.583 0.417556 6.4132e-06 0.008 300.078 0.0145078 0.403049 2262.17 61318.1 159.427 1369.25 65108.9
5.584 0.416555 6.39766e-06 0.008 300.044 0.014483 0.402072 2263.79 61318.1 159.427 1369.25 65110.5
5.585 0.415554 6.38212e-06 0.008 300.01 0.0144581 0.401096 2265.41 61318.1 159.427 1369.25 65112.1
5.586 0.414552 6.36659e-06 0.008 299.976 0.0144332 0.400119 2267.03 61318.1 159.427 1369.25 65113.8
5.587 0.413551 6.35105e-06 0.008 299.942 0.0144083 0.399143 2268.64 61318.1 159.427 1369.25 65115.4
5.588 0.41255 6.33551e-06 0.008 299.909 0.0143833 0.398166 2270.26 61318.1 159.427 1369.25 65117
5.589 0.411548 6.31998e-06 0.008 299.875 0.0143582 0.39719 2271.88 61318.1 159.427 1369.25 65118.6
5.59 0.410547 6.30445e-06 0.008 299.841 0.0143331 0.396214 2273.5 61318.1 159.427 1369.25 65120.2
5.591 0.409546 6.28891e-06 0.008 299.808 0.014308 0.395238 2275.12 61318.1 159.427 1369.25 65121.8
5.592 0.408544 6.27338e-06 0.008 299.774 0.0142828 0.394262 2276.73 61318.1 159.427 1369.25 65123.5
5.593 0.407543 6.25785e-06 0.008 299.741 0.0142576 0.393285 2278.35 61318.1 159.427 1369.25 65125.1
5.594 0.406542 6.24232e-06 0.008 299.708 0.0142323 0.392309 2279.96 61318.1 159.427 1369.25 65126.7
5.595 0.40554 6.22679e-06 0.008 299.675 0.0142069 0.391333 2281.58 61318.1 159.427 1369.25 65128.3
5.596 0.404539 6.21126e-06 0.008 299.642 0.0141815 0.390357 2283.2 61318.1 159.427 1369.25 65129.9
5.597 0.403538 6.19573e-06 0.008 299.609 0.0141561 0.389382 2284.81 61318.1 159.427 1369.25 65131.5
5.598 0.402536 6.18021e-06 0.008 299.576 0.0141306 0.388406 2286.43 61318.1 159.427 1369.25 65133.2
5.599 0.401535 6.16468e-06 0.008 299.543 0.0141051 0.38743 2288.04 61318.1 159.427 1369.25 65134.8
5.6 0.400534 6.14915e-06 0.008 299.51 0.0140795 0.386454 2289.66 61318.1 159.427 1369.25 65136.4
5.601 0.399532 6.13363e-06 0.008 299.477 0.0140538 0.385479 2291.27 61318.1 159.427 1369.25 65138
5.602 0.398531 6.1181e-06 0.008 299.445 0.0140281 0.384503 2292.89 61318.1 159.427 1369.25 65139.6
5.603 0.39753 6.10258e-06 0.008 299.412 0.0140024 0.383527 2294.5 61318.1 159.427 1369.25 65141.2
5.604 0.396528 6.08706e-06 0.008 299.38 0.0139766 0.382552 2296.11 61318.1 159.427 1369.25 65142.8
5.605 0.395527 6.07154e-06 0.008 299.348 0.0139507 0.381576 2297.73 61318.1 159.427 1369.25 65144.5
5.606 0.394526 6.05602e-06 0.008 299.315 0.0139248 0.380601 2299.34 61318.1 159.427 1369.25 65146.1
5.607 0.393524 6.0405e-06 0.008 299.283 0.0138989 0.379625 2300.95 61318.1 159.427 1369.25 65147.7
5.608 0.392523 6.02498e-06 0.008 299.251 0.0138729 0.37865 2302.57 61318.1 159.427 1369.25 65149.3
5.609 0.391522 6.00946e-06 0.008 299.219 0.0138469 0.377675 2304.18 61318.1 159.427 1369.25 65150.9
5.61 0.39052 5.99394e-06 0.008 299.187 0.0138208 0.3767 2305.79 61318.1 159.427 1369.25 65152.5
5.611 0.389519 5.97842e-06 0.008 299.155 0.0137946 0.375724 2307.4 61318.1 159.427 1369.25 65154.1
5.612 0.388518 5.96291e-06 0.008 299.124 0.0137684 0.374749 2309.01 61318.1 159.427 1369.25 65155.7
5.613 0.387516 5.94739e-06 0.008 299.092 0.0137422 0.373774 2310.62 61318.1 159.427 1369.25 65157.4
5.614 0.386515 5.93188e-06 0.008 299.06 0.0137159 0.372799 2312.23 61318.1 159.427 1369.25 65159
5.615 0.385514 5.91636e-06 0.008 299.029 0.0136895 0.371824 2313.84 61318.1 159.427 1369.25 65160.6
5.616 0.384512 5.90085e-06 0.008 298.997 0.0136631 0.370849 2315.45 61318.1 159.427 1369.25 65162.2
5.617 0.383511 5.88534e-06 0.008 298.966 0.0136367 0.369874 2317.06 61318.1 159.427 1369.25 65163.8
5.618 0.38251 5.86983e-06 0.008 298.935 0.0136102 0.368899 2318.67 61318.1 159.427 1369.25 65165.4
5.619 0.381508 5.85432e-06 0.008 298.904 0.0135837 0.367925 2320.28 61318.1 159.427 1369.25 65167
5.62 0.380507 5.83881e-06 0.008 298.873 0.0135571 0.36695 2321.89 61318.1 159.427 1369.25 65168.6
5.621 0.379506 5.8233e-06 0.008 298.842 0.0135304 0.365975 2323.5 61318.1 159.427 1369.25 65170.2
5.622 0.378504 5.80779e-06 0.008 298.811 0.0135037 0.365001 2325.1 61318.1 159.427 1369.25 65171.8
5.623 0.377503 5.79228e-06 0.008 298.78 0.013477 0.364026 2326.71 61318.1 159.427 1369.25 65173.4
5.624 0.376502 5.77678e-06 0.008 298.749 0.0134502 0.363051 2328.32 61318.1 159.427 1369.25 65175.1
5.625 0.3755 5.76127e-06 0.008 298.718 0.0134233 0.362077 2329.93 61318.1 159.427 1369.25 65176.7
5.626 0.374499 5.74577e-06 0.008 298.688 0.0133964 0.361103 2331.53 61318.1 159.427 1369.25 65178.3
5.627 0.373498 5.73026e-06 0.008 298.657 0.0133695 0.360128 2333.14 61318.1 159.427 1369.25 65179.9
5.628 0.372496 5.71476e-06 0.008 298.627 0.0133425 0.359154 2334.74 61318.1 159.427 1369.25 65181.5
5.629 0.371495 5.69925e-06 0.008 298.596 0.0133154 0.35818 2336.35 61318.1 159.427 1369.25 65183.1
5.63 0.370494 5.68375e-06 0.008 298.566 0.0132883 0.357205 2337.95 61318.1 159.427 1369.25 65184.7
5.631 0.369492 5.66825e-06 0.008 298.536 0.0132612 0.356231 2339.56 61318.1 159.427 1369.25 65186.3
5.632 0.368491 5.65275e-06 0.008 298.506 0.013234 0.355257 2341.16 61318.1 159.427 1369.25 65187.9
5.633 0.36749 5.63725e-06 0.008 298.476 0.0132068 0.354283 2342.77 61318.1 159.427 1369.25 65189.5
5.634 0.366488 5.62175e-06 0.008 298.446 0.0131795 0.353309 2344.37 61318.1 159.427 1369.25 65191.1
5.635 0.365487 5.60626e-06 0.008 298.416 0.0131521 0.352335 2345.97 61318.1 159.427 1369.25 65192.7
5.636 0.364486 5.59076e-06 0.008 298.386 0.0131247 0.351361 2347.57 61318.1 159.427 1369.25 65194.3
5.637 0.363484 5.57526e-06 0.008 298.357 0.0130973 0.350387 2349.18 61318.1 159.427 1369.25 65195.9
5.638 0.362483 5.55977e-06 0.008 298.327 0.0130698 0.349413 2350.78 61318.1 159.427 1369.25 65197.5
5.639 0.361482 5.54427e-06 0.008 298.298 0.0130422 0.348439 2352.38 61318.1 159.427 1369.25 65199.1
5.64 0.36048 5.52878e-06 0.008 298.268 0.0130146 0.347466 2353.98 61318.1 159.427 1369.25 65200.7
5.641 0.359479 5.51329e-06 0.008 298.239 0.012987 0.346492 2355.58 61318.1 159.427 1369.25 65202.3
5.642 0.358478 5.49779e-06 0.008 298.21 0.0129593 0.345518 2357.18 61318.1 159.427 1369.25 65203.9
5.643 0.357476 5.4823e-06 0.008 298.18 0.0129315 0.344545 2358.78 61318.1 159.427 1369.25 65205.5
5.644 0.356475 5.46681e-06 0.008 298.151 0.0129037 0.343571 2360.38 61318.1 159.427 1369.25 65207.1
5.645 0.355474 5.45132e-06 0.008 298.122 0.0128759 0.342598 2361.97 61318.1 159.427 1369.25 65208.7
5.646 0.354472 5.43583e-06 0.008 298.093 0.012848 0.341624 2363.57 61318.1 159.427 1369.25 65210.3
5.647 0.353471 5.42034e-06 0.008 298.064 0.01282 0.340651 2365.17 61318.1 159.427 1369.25 65211.9
5.648 0.35247 5.40486e-06 0.008 298.036 0.012792 0.339678 2366.77 61318.1 159.427 1369.25 65213.5
5.649 0.351468 5.38937e-06 0.008 298.007 0.012764 0.338704 2368.36 61318.1 159.427 1369.25 65215.1
5.65 0.350467 5.37388e-06 0.008 297.978 0.0127359 0.337731 2369.96 61318.1 159.427 1369.25 65216.7
5.651 0.349466 5.3584e-06 0.008 297.95 0.0127077 0.336758 2371.56 61318.1 159.427 1369.25 65218.3
5.652 0.348464 5.34292e-06 0.008 297.921 0.0126795 0.335785 2373.15 61318.1 159.427 1369.25 65219.9
5.653 0.347463 5.32743e-06 0.008 297.893 0.0126513 0.334812 2374.75 61318.1 159.427 1369.25 65221.5
5.654 0.346462 5.31195e-06 0.008 297.865 0.012623 0.333839 2376.34 61318.1 159.427 1369.25 65223.1
5.655 0.34546 5.29647e-06 0.008 297.837 0.0125946 0.332866 2377.93 61318.1 159.427 1369.25 65224.7
5.656 0.344459 5.28099e-06 0.008 297.808 0.0125662 0.331893 2379.53 61318.1 159.427 1369.25 65226.3
5.657 0.343458 5.26551e-06 0.008 297.78 0.0125378 0.33092 2381.12 61318.1 159.427 1369.25 65227.9
5.658 0.342456 5.25003e-06 0.008 297.752 0.0125093 0.329947 2382.71 61318.1 159.427 1369.25 65229.4
5.659 0.341455 5.23455e-06 0.008 297.725 0.0124807 0.328974 2384.3 61318.1 159.427 1369.25 65231
5.66 0.340454 5.21907e-06 0.008 297.697 0.0124522 0.328001 2385.89 61318.1 159.427 1369.25 65232.6
5.661 0.339452 5.20359e-06 0.008 297.669 0.0124235 0.327029 2387.49 61318.1 159.427 1369.25 65234.2
5.662 0.338451 5.18812e-06 0.008 297.641 0.0123948 0.326056 2389.08 61318.1 159.427 1369.25 65235.8
5.663 0.33745 5.17264e-06 0.008 297.614 0.0123661 0.325084 2390.67 61318.1 159.427 1369.25 65237.4
5.664 0.336448 5.15717e-06 0.008 297.586 0.0123373 0.324111 2392.25 61318.1 159.427 1369.25 65239
5.665 0.335447 5.14169e-06 0.008 297.559 0.0123084 0.323139 2393.84 61318.1 159.427 1369.25 65240.6
5.666 0.334446 5.12622e-06 0.008 297.532 0.0122795 0.322166 2395.43 61318.1 159.427 1369.25 65242.2
5.667 0.333444 5.11075e-06 0.008 297.505 0.0122506 0.321194 2397.02 61318.1 159.427 1369.25 65243.8
5.668 0.332443 5.09528e-06 0.008 297.478 0.0122216 0.320221 2398.61 61318.1 159.427 1369.25 65245.3
5.669 0.331442 5.0798e-06 0.008 297.45 0.0121925 0.319249 2400.19 61318.1 159.427 1369.25 65246.9
5.67 0.33044 5.06433e-06 0.008 297.424 0.0121634 0.318277 2401.78 61318.1 159.427 1369.25 65248.5
5.671 0.329439 5.04887e-06 0.008 297.397 0.0121343 0.317305 2403.36 61318.1 159.427 1369.25 65250.1
5.672 0.328438 5.0334e-06 0.008 297.37 0.0121051 0.316333 2404.95 61318.1 159.427 1369.25 65251.7
5.673 0.327436 5.01793e-06 0.008 297.343 0.0120758 0.31536 2406.53 61318.1 159.427 1369.25 65253.3
5.674 0.326435 5.00246e-06 0.008 297.317 0.0120465 0.314388 2408.12 61318.1 159.427 1369.25 65254.8
5.675 0.325434 4.987e-06 0.008 297.29 0.0120172 0.313416 2409.7 61318.1 159.427 1369.25 65256.4
5.676 0.324432 4.97153e-06 0.008 297.264 0.0119878 0.312445 2411.28 61318.1 159.427 1369.25 65258
5.677 0.323431 4.95607e-06 0.008 297.237 0.0119583 0.311473 2412.86 61318.1 159.427 1369.25 65259.6
5.678 0.32243 4.9406e-06 0.008 297.211 0.0119288 0.310501 2414.45 61318.1 159.427 1369.25 65261.2
5.679 0.321428 4.92514e-06 0.008 297.185 0.0118993 0.309529 2416.03 61318.1 159.427 1369.25 65262.8
5.68 0.320427 4.90968e-06 0.008 297.159 0.0118697 0.308557 2417.61 61318.1 159.427 1369.25 65264.3
5.681 0.319426 4.89422e-06 0.008 297.132 0.01184 0.307586 2419.19 61318.1 159.427 1369.25 65265.9
5.682 0.318424 4.87876e-06 0.008 297.106 0.0118103 0.306614 2420.76 61318.1 159.427 1369.25 65267.5
5.683 0.317423 4.8633e-06 0.008 297.081 0.0117806 0.305642 2422.34 61318.1 159.427 1369.25 65269.1
5.684 0.316422 4.84784e-06 0.008 297.055 0.0117508 0.304671 2423.92 61318.1 159.427 1369.25 65270.7
5.685 0.31542 4.83238e-06 0.008 297.029 0.0117209 0.303699 2425.5 61318.1 159.427 1369.25 65272.2
5.686 0.314419 4.81692e-06 0.008 297.003 0.011691 0.302728 2427.07 61318.1 159.427 1369.25 65273.8
5.687 0.313418 4.80147e-06 0.008 296.978 0.0116611 0.301757 2428.65 61318.1 159.427 1369.25 65275.4
5.688 0.312416 4.78601e-06 0.008 296.952 0.0116311 0.300785 2430.23 61318.1 159.427 1369.25 65277
5.689 0.311415 4.77056e-06 0.008 296.927 0.011601 0.299814 2431.8 61318.1 159.427 1369.25 65278.5
5.69 0.310414 4.7551e-06 0.008 296.902 0.0115709 0.298843 2433.37 61318.1 159.427 1369.25 65280.1
5.691 0.309412 4.73965e-06 0.008 296.877 0.0115408 0.297871 2434.95 61318.1 159.427 1369.25 65281.7
5.692 0.308411 4.7242e-06 0.008 296.851 0.0115106 0.2969 2436.52 61318.1 159.427 1369.25 65283.3
5.693 0.30741 4.70875e-06 0.008 296.826 0.0114804 0.295929 2438.09 61318.1 159.427 1369.25 65284.8
5.694 0.306408 4.69329e-06 0.008 296.801 0.0114501 0.294958 2439.66 61318.1 159.427 1369.25 65286.4
5.695 0.305407 4.67784e-06 0.008 296.776 0.0114197 0.293987 2441.24 61318.1 159.427 1369.25 65288
5.696 0.304406 4.66239e-06 0.008 296.752 0.0113893 0.293016 2442.81 61318.1 159.427 1369.25 65289.5
5.697 0.303404 4.64695e-06 0.008 296.727 0.0113589 0.292045 2444.37 61318.1 159.427 1369.25 65291.1
5.698 0.302403 4.6315e-06 0.008 296.702 0.0113284 0.291075 2445.94 61318.1 159.427 1369.25 65292.7
5.699 0.301402 4.61605e-06 0.008 296.678 0.0112978 0.290104 2447.51 61318.1 159.427 1369.25 65294.2
5.7 0.3004 4.60061e-06 0.008 296.653 0.0112672 0.289133 2449.08 61318.1 159.427 1369.25 65295.8
5.701 0.299399 4.58516e-06 0.008 296.629 0.0112366 0.288162 2450.65 61318.1 159.427 1369.25 65297.4
5.702 0.298398 4.56972e-06 0.008 296.604 0.0112059 0.287192 2452.21 61318.1 159.427 1369.25 65298.9
5.703 0.297396 4.55427e-06 0.008 296.58 0.0111752 0.286221 2453.78 61318.1 159.427 1369.25 65300.5
5.704 0.296395 4.53883e-06 0.008 296.556 0.0111444 0.285251 2455.34 61318.1 159.427 1369.25 65302.1
5.705 0.295394 4.52339e-06 0.008 296.532 0.0111135 0.28428 2456.91 61318.1 159.427 1369.25 65303.6
5.706 0.294392 4.50795e-06 0.008 296.508 0.0110826 0.28331 2458.47 61318.1 159.427 1369.25 65305.2
5.707 0.293391 4.4925e-06 0.008 296.484 0.0110517 0.282339 2460.03 61318.1 159.427 1369.25 65306.8
5.708 0.29239 4.47706e-06 0.008 296.46 0.0110207 0.281369 2461.59 61318.1 159.427 1369.25 65308.3
5.709 0.291388 4.46163e-06 0.008 296.437 0.0109897 0.280399 2463.15 61318.1 159.427 1369.25 65309.9
5.71 0.290387 4.44619e-06 0.008 296.413 0.0109586 0.279428 2464.71 61318.1 159.427 1369.25 65311.4
5.711 0.289386 4.43075e-06 0.008 296.389 0.0109274 0.278458 2466.27 61318.1 159.427 1369.25 65313
5.712 0.288384 4.41531e-06 0.008 296.366 0.0108963 0.277488 2467.83 61318.1 159.427 1369.25 65314.6
5.713 0.287383 4.39988e-06 0.008 296.342 0.010865 0.276518 2469.39 61318.1 159.427 1369.25 65316.1
5.714 0.286382 4.38444e-06 0.008 296.319 0.0108337 0.275548 2470.95 61318.1 159.427 1369.25 65317.7
5.715 0.28538 4.36901e-06 0.008 296.296 0.0108024 0.274578 2472.51 61318.1 159.427 1369.25 65319.2
5.716 0.284379 4.35357e-06 0.008 296.273 0.010771 0.273608 2474.06 61318.1 159.427 1369.25 65320.8
5.717 0.283378 4.33814e-06 0.008 296.25 0.0107396 0.272638 2475.62 61318.1 159.427 1369.25 65322.3
5.718 0.282376 4.32271e-06 0.008 296.227 0.0107081 0.271668 2477.17 61318.1 159.427 1369.25 65323.9
5.719 0.281375 4.30728e-06 0.008 296.204 0.0106766 0.270698 2478.72 61318.1 159.427 1369.25 65325.5
5.72 0.280374 4.29185e-06 0.008 296.181 0.010645 0.269729 2480.28 61318.1 159.427 1369.25 65327
5.721 0.279372 4.27642e-06 0.008 296.158 0.0106133 0.268759 2481.83 61318.1 159.427 1369.25 65328.6
5.722 0.278371 4.26099e-06 0.008 296.135 0.0105817 0.267789 2483.38 61318.1 159.427 1369.25 65330.1
5.723 0.27737 4.24556e-06 0.008 296.113 0.0105499 0.26682 2484.93 61318.1 159.427 1369.25 65331.7
5.724 0.276368 4.23013e-06 0.008 296.09 0.0105181 0.26585 2486.48 61318.1 159.427 1369.25 65333.2
5.725 0.275367 4.21471e-06 0.008 296.068 0.0104863 0.264881 2488.03 61318.1 159.427 1369.25 65334.8
5.726 0.274366 4.19928e-06 0.008 296.046 0.0104544 0.263911 2489.58 61318.1 159.427 1369.25 65336.3
5.727 0.273364 4.18386e-06 0.008 296.023 0.0104225 0.262942 2491.13 61318.1 159.427 1369.25 65337.9
5.728 0.272363 4.16843e-06 0.008 296.001 0.0103905 0.261972 2492.67 61318.1 159.427 1369.25 65339.4
5.729 0.271362 4.15301e-06 0.008 295.979 0.0103585 0.261003 2494.22 61318.1 159.427 1369.25 65340.9
5.73 0.27036 4.13759e-06 0.008 295.957 0.0103264 0.260034 2495.76 61318.1 159.427 1369.25 65342.5
5.731 0.269359 4.12217e-06 0.008 295.935 0.0102943 0.259065 2497.31 61318.1 159.427 1369.25 65344
5.732 0.268358 4.10674e-06 0.008 295.913 0.0102621 0.258095 2498.85 61318.1 159.427 1369.25 65345.6
5.733 0.267356 4.09132e-06 0.008 295.891 0.0102299 0.257126 2500.39 61318.1 159.427 1369.25 65347.1
5.734 0.266355 4.0759e-06 0.008 295.87 0.0101976 0.256157 2501.93 61318.1 159.427 1369.25 65348.7
5.735 0.265354 4.06049e-06 0.008 295.848 0.0101653 0.255188 2503.47 61318.1 159.427 1369.25 65350.2
5.736 0.264352 4.04507e-06 0.008 295.827 0.010133 0.254219 2505.01 61318.1 159.427 1369.25 65351.7
5.737 0.263351 4.02965e-06 0.008 295.805 0.0101005 0.25325 2506.55 61318.1 159.427 1369.25 65353.3
5.738 0.26235 4.01423e-06 0.008 295.784 0.0100681 0.252281 2508.09 61318.1 159.427 1369.25 65354.8
5.739 0.261348 3.99882e-06 0.008 295.763 0.0100356 0.251313 2509.63 61318.1 159.427 1369.25 65356.4
5.74 0.260347 3.9834e-06 0.008 295.741 0.010003 0.250344 2511.17 61318.1 159.427 1369.25 65357.9
5.741 0.259346 3.96799e-06 0.008 295.72 0.00997037 0.249375 2512.7 61318.1 159.427 1369.25 65359.4
5.742 0.258344 3.95258e-06 0.008 295.699 0.00993771 0.248407 2514.24 61318.1 159.427 1369.25 65361
5.743 0.257343 3.93716e-06 0.008 295.678 0.009905 0.247438 2515.77 61318.1 159.427 1369.25 65362.5
5.744 0.256342 3.92175e-06 0.008 295.657 0.00987224 0.246469 2517.3 61318.1 159.427 1369.25 65364
5.745 0.25534 3.90634e-06 0.008 295.637 0.00983943 0.245501 2518.83 61318.1 159.427 1369.25 65365.6
5.746 0.254339 3.89093e-06 0.008 295.616 0.00980657 0.244532 2520.37 61318.1 159.427 1369.25 65367.1
5.747 0.253338 3.87552e-06 0.008 295.595 0.00977366 0.243564 2521.9 61318.1 159.427 1369.25 65368.6
5.748 0.252336 3.86011e-06 0.008 295.575 0.00974071 0.242596 2523.43 61318.1 159.427 1369.25 65370.2
5.749 0.251335 3.84471e-06 0.008 295.554 0.0097077 0.241627 2524.95 61318.1 159.427 1369.25 65371.7
5.75 0.250334 3.8293e-06 0.008 295.534 0.00967465 0.240659 2526.48 61318.1 159.427 1369.25 65373.2
5.751 0.249332 3.81389e-06 0.008 295.514 0.00964155 0.239691 2528.01 61318.1 159.427 1369.25 65374.7
5.752 0.248331 3.79849e-06 0.008 295.494 0.0096084 0.238722 2529.53 61318.1 159.427 1369.25 65376.3
5.753 0.24733 3.78308e-06 0.008 295.473 0.0095752 0.237754 2531.06 61318.1 159.427 1369.25 65377.8
5.754 0.246328 3.76768e-06 0.008 295.453 0.00954195 0.236786 2532.58 61318.1 159.427 1369.25 65379.3
5.755 0.245327 3.75228e-06 0.008 295.433 0.00950866 0.235818 2534.1 61318.1 159.427 1369.25 65380.8
5.756 0.244326 3.73687e-06 0.008 295.414 0.00947531 0.23485 2535.63 61318.1 159.427 1369.25 65382.4
5.757 0.243324 3.72147e-06 0.008 295.394 0.00944192 0.233882 2537.15 61318.1 159.427 1369.25 65383.9
5.758 0.242323 3.70607e-06 0.008 295.374 0.00940848 0.232914 2538.67 61318.1 159.427 1369.25 65385.4
5.759 0.241322 3.69067e-06 0.008 295.354 0.00937499 0.231947 2540.19 61318.1 159.427 1369.25 65386.9
5.76 0.24032 3.67527e-06 0.008 295.335 0.00934145 0.230979 2541.7 61318.1 159.427 1369.25 65388.4
5.761 0.239319 3.65987e-06 0.008 295.315 0.00930786 0.230011 2543.22 61318.1 159.427 1369.25 65390
5.762 0.238318 3.64447e-06 0.008 295.296 0.00927423 0.229043 2544.74 61318.1 159.427 1369.25 65391.5
5.763 0.237316 3.62908e-06 0.008 295.277 0.00924055 0.228076 2546.25 61318.1 159.427 1369.25 65393
5.764 0.236315 3.61368e-06 0.008 295.257 0.00920681 0.227108 2547.77 61318.1 159.427 1369.25 65394.5
5.765 0.235314 3.59829e-06 0.008 295.238 0.00917303 0.226141 2549.28 61318.1 159.427 1369.25 65396
5.766 0.234312 3.58289e-06 0.008 295.219 0.00913921 0.225173 2550.79 61318.1 159.427 1369.25 65397.5
5.767 0.233311 3.5675e-06 0.008 295.2 0.00910533 0.224206 2552.3 61318.1 159.427 1369.25 65399
5.768 0.23231 3.5521e-06 0.008 295.181 0.00907141 0.223238 2553.81 61318.1 159.427 1369.25 65400.5
5.769 0.231308 3.53671e-06 0.008 295.163 0.00903743 0.222271 2555.32 61318.1 159.427 1369.25 65402.1
5.77 0.230307 3.52132e-06 0.008 295.144 0.00900341 0.221303 2556.83 61318.1 159.427 1369.25 65403.6
5.771 0.229306 3.50593e-06 0.008 295.125 0.00896935 0.220336 2558.34 61318.1 159.427 1369.25 65405.1
5.772 0.228304 3.49054e-06 0.008 295.107 0.00893523 0.219369 2559.84 61318.1 159.427 1369.25 65406.6
5.773 0.227303 3.47515e-06 0.008 295.088 0.00890106 0.218402 2561.35 61318.1 159.427 1369.25 65408.1
5.774 0.226302 3.45976e-06 0.008 295.07 0.00886685 0.217435 2562.85 61318.1 159.427 1369.25 65409.6
5.775 0.2253 3.44437e-06 0.008 295.051 0.00883259 0.216468 2564.35 61318.1 159.427 1369.25 65411.1
5.776 0.224299 3.42899e-06 0.008 295.033 0.00879828 0.215501 2565.86 61318.1 159.427 1369.25 65412.6
5.777 0.223298 3.4136e-06 0.008 295.015 0.00876393 0.214534 2567.36 61318.1 159.427 1369.25 65414.1
5.778 0.222296 3.39821e-06 0.008 294.997 0.00872952 0.213567 2568.86 61318.1 159.427 1369.25 65415.6
5.779 0.221295 3.38283e-06 0.008 294.979 0.00869507 0.2126 2570.35 61318.1 159.427 1369.25 65417.1
5.78 0.220294 3.36745e-06 0.008 294.961 0.00866057 0.211633 2571.85 61318.1 159.427 1369.25 65418.6
5.781 0.219292 3.35206e-06 0.008 294.943 0.00862602 0.210666 2573.35 61318.1 159.427 1369.25 65420.1
5.782 0.218291 3.33668e-06 0.008 294.925 0.00859143 0.209699 2574.84 61318.1 159.427 1369.25 65421.6
5.783 0.21729 3.3213e-06 0.008 294.908 0.00855679 0.208733 2576.34 61318.1 159.427 1369.25 65423.1
5.784 0.216288 3.30592e-06 0.008 294.89 0.0085221 0.207766 2577.83 61318.1 159.427 1369.25 65424.6
5.785 0.215287 3.29054e-06 0.008 294.873 0.00848736 0.2068 2579.32 61318.1 159.427 1369.25 65426.1
5.786 0.214286 3.27516e-06 0.008 294.855 0.00845257 0.205833 2580.81 61318.1 159.427 1369.25 65427.5
5.787 0.213284 3.25978e-06 0.008 294.838 0.00841774 0.204866 2582.3 61318.1 159.427 1369.25 65429
5.788 0.212283 3.2444e-06 0.008 294.821 0.00838286 0.2039 2583.79 61318.1 159.427 1369.25 65430.5
5.789 0.211282 3.22902e-06 0.008 294.803 0.00834793 0.202934 2585.28 61318.1 159.427 1369.25 65432
5.79 0.21028 3.21365e-06 0.008 294.786 0.00831295 0.201967 2586.77 61318.1 159.427 1369.25 65433.5
5.791 0.209279 3.19827e-06 0.008 294.769 0.00827793 0.201001 2588.25 61318.1 159.427 1369.25 65435
5.792 0.208278 3.1829e-06 0.008 294.752 0.00824286 0.200035 2589.74 61318.1 159.427 1369.25 65436.5
5.793 0.207276 3.16752e-06 0.008 294.736 0.00820774 0.199068 2591.22 61318.1 159.427 1369.25 65437.9
5.794 0.206275 3.15215e-06 0.008 294.719 0.00817258 0.198102 2592.7 61318.1 159.427 1369.25 65439.4
5.795 0.205274 3.13678e-06 0.008 294.702 0.00813737 0.197136 2594.18 61318.1 159.427 1369.25 65440.9
5.796 0.204272 3.1214e-06 0.008 294.686 0.00810211 0.19617 2595.66 61318.1 159.427 1369.25 65442.4
5.797 0.203271 3.10603e-06 0.008 294.669 0.0080668 0.195204 2597.14 61318.1 159.427 1369.25 65443.9
5.798 0.20227 3.09066e-06 0.008 294.653 0.00803145 0.194238 2598.62 61318.1 159.427 1369.25 65445.3
5.799 0.201268 3.07529e-06 0.008 294.636 0.00799605 0.193272 2600.09 61318.1 159.427 1369.25 65446.8
5.8 0.200267 3.05992e-06 0.008 294.62 0.0079606 0.192306 2601.57 61318.1 159.427 1369.25 65448.3
5.801 0.199266 3.04456e-06 0.008 294.604 0.0079251 0.19134 2603.04 61318.1 159.427 1369.25 65449.8
5.802 0.198264 3.02919e-06 0.008 294.588 0.00788956 0.190375 2604.51 61318.1 159.427 1369.25 65451.2
5.803 0.197263 3.01382e-06 0.008 294.572 0.00785397 0.189409 2605.98 61318.1 159.427 1369.25 65452.7
5.804 0.196262 2.99846e-06 0.008 294.556 0.00781834 0.188443 2607.45 61318.1 159.427 1369.25 65454.2
5.805 0.19526 2.98309e-06 0.008 294.54 0.00778266 0.187478 2608.92 61318.1 159.427 1369.25 65455.7
5.806 0.194259 2.96773e-06 0.008 294.524 0.00774693 0.186512 2610.39 61318.1 159.427 1369.25 65457.1
5.807 0.193258 2.95236e-06 0.008 294.508 0.00771115 0.185546 2611.86 61318.1 159.427 1369.25 65458.6
5.808 0.192256 2.937e-06 0.008 294.493 0.00767533 0.184581 2613.32 61318.1 159.427 1369.25 65460.1
5.809 0.191255 2.92164e-06 0.008 294.477 0.00763946 0.183615 2614.79 61318.1 159.427 1369.25 65461.5
5.81 0.190254 2.90628e-06 0.008 294.462 0.00760354 0.18265 2616.25 61318.1 159.427 1369.25 65463
5.811 0.189252 2.89092e-06 0.008 294.446 0.00756758 0.181685 2617.71 61318.1 159.427 1369.25 65464.4
5.812 0.188251 2.87556e-06 0.008 294.431 0.00753157 0.180719 2619.17 61318.1 159.427 1369.25 65465.9
5.813 0.187249 2.8602e-06 0.008 294.416 0.00749551 0.179754 2620.63 61318.1 159.427 1369.25 65467.4
5.814 0.186248 2.84484e-06 0.008 294.401 0.00745941 0.178789 2622.09 61318.1 159.427 1369.25 65468.8
5.815 0.185247 2.82948e-06 0.008 294.386 0.00742326 0.177824 2623.54 61318.1 159.427 1369.25 65470.3
5.816 0.184245 2.81412e-06 0.008 294.371 0.00738707 0.176858 2625 61318.1 159.427 1369.25 65471.7
5.817 0.183244 2.79877e-06 0.008 294.356 0.00735083 0.175893 2626.45 61318.1 159.427 1369.25 65473.2
5.818 0.182243 2.78341e-06 0.008 294.341 0.00731454 0.174928 2627.9 61318.1 159.427 1369.25 65474.6
5.819 0.181241 2.76806e-06 0.008 294.326 0.0072782 0.173963 2629.36 61318.1 159.427 1369.25 65476.1
5.82 0.18024 2.7527e-06 0.008 294.312 0.00724182 0.172998 2630.81 61318.1 159.427 1369.25 65477.5
5.821 0.179239 2.73735e-06 0.008 294.297 0.0072054 0.172033 2632.25 61318.1 159.427 1369.25 65479
5.822 0.178237 2.722e-06 0.008 294.283 0.00716893 0.171069 2633.7 61318.1 159.427 1369.25 65480.4
5.823 0.177236 2.70664e-06 0.008 294.268 0.00713241 0.170104 2635.15 61318.1 159.427 1369.25 65481.9
5.824 0.176235 2.69129e-06 0.008 294.254 0.00709584 0.169139 2636.59 61318.1 159.427 1369.25 65483.3
5.825 0.175233 2.67594e-06 0.008 294.24 0.00705923 0.168174 2638.04 61318.1 159.427 1369.25 65484.8
5.826 0.174232 2.66059e-06 0.008 294.225 0.00702257 0.16721 2639.48 61318.1 159.427 1369.24 65486.2
5.827 0.173231 2.64524e-06 0.008 294.211 0.00698587 0.166245 2640.92 61318.1 159.427 1369.24 65487.6
5.828 0.172229 2.6299e-06 0.008 294.197 0.00694912 0.16528 2642.36 61318.1 159.427 1369.24 65489.1
5.829 0.171228 2.61455e-06 0.008 294.183 0.00691233 0.164316 2643.79 61318.1 159.427 1369.24 65490.5
5.83 0.170227 2.5992e-06 0.008 294.17 0.00687549 0.163351 2645.23 61318.1 159.427 1369.24 65492
5.831 0.169225 2.58386e-06 0.008 294.156 0.0068386 0.162387 2646.67 61318.1 159.427 1369.24 65493.4
5.832 0.168224 2.56851e-06 0.008 294.142 0.00680167 0.161422 2648.1 61318.1 159.427 1369.24 65494.8
5.833 0.167223 2.55317e-06 0.008 294.129 0.0067647 0.160458 2649.53 61318.1 159.427 1369.24 65496.3
5.834 0.166221 2.53782e-06 0.008 294.115 0.00672767 0.159494 2650.96 61318.1 159.427 1369.24 65497.7
5.835 0.16522 2.52248e-06 0.008 294.102 0.00669061 0.15853 2652.39 61318.1 159.427 1369.24 65499.1
5.836 0.164219 2.50714e-06 0.008 294.088 0.00665349 0.157565 2653.82 61318.1 159.427 1369.24 65500.6
5.837 0.163217 2.49179e-06 0.008 294.075 0.00661633 0.156601 2655.25 61318.1 159.427 1369.24 65502
5.838 0.162216 2.47645e-06 0.008 294.062 0.00657913 0.155637 2656.67 61318.1 159.427 1369.24 65503.4
5.839 0.161215 2.46111e-06 0.008 294.049 0.00654188 0.154673 2658.1 61318.1 159.427 1369.24 65504.8
5.84 0.160213 2.44577e-06 0.008 294.036 0.00650459 0.153709 2659.52 61318.1 159.427 1369.24 65506.2
5.841 0.159212 2.43044e-06 0.008 294.023 0.00646725 0.152745 2660.94 61318.1 159.427 1369.24 65507.7
5.842 0.158211 2.4151e-06 0.008 294.01 0.00642986 0.151781 2662.36 61318.1 159.427 1369.24 65509.1
5.843 0.157209 2.39976e-06 0.008 293.997 0.00639243 0.150817 2663.78 61318.1 159.427 1369.24 65510.5
5.844 0.156208 2.38442e-06 0.008 293.985 0.00635496 0.149853 2665.2 61318.1 159.427 1369.24 65511.9
5.845 0.155207 2.36909e-06 0.008 293.972 0.00631744 0.148889 2666.61 61318.1 159.427 1369.24 65513.3
5.846 0.154205 2.35375e-06 0.008 293.96 0.00627987 0.147926 2668.03 61318.1 159.427 1369.24 65514.8
5.847 0.153204 2.33842e-06 0.008 293.947 0.00624226 0.146962 2669.44 61318.1 159.427 1369.24 65516.2
5.848 0.152203 2.32308e-06 0.008 293.935 0.00620461 0.145998 2670.85 61318.1 159.427 1369.24 65517.6
5.849 0.151201 2.30775e-06 0.008 293.922 0.00616691 0.145035 2672.26 61318.1 159.427 1369.24 65519
5.85 0.1502 2.29242e-06 0.008 293.91 0.00612916 0.144071 2673.67 61318.1 159.427 1369.24 65520.4
5.851 0.149199 2.27709e-06 0.008 293.898 0.00609137 0.143107 2675.07 61318.1 159.427 1369.24 65521.8
5.852 0.148197 2.26176e-06 0.008 293.886 0.00605354 0.142144 2676.48 61318.1 159.427 1369.24 65523.2
5.853 0.147196 2.24643e-06 0.008 293.874 0.00601566 0.14118 2677.88 61318.1 159.427 1369.24 65524.6
5.854 0.146195 2.2311e-06 0.008 293.862 0.00597774 0.140217 2679.28 61318.1 159.427 1369.24 65526
5.855 0.145193 2.21577e-06 0.008 293.85 0.00593977 0.139254 2680.69 61318.1 159.427 1369.24 65527.4
5.856 0.144192 2.20044e-06 0.008 293.839 0.00590176 0.13829 2682.08 61318.1 159.427 1369.24 65528.8
5.857 0.143191 2.18511e-06 0.008 293.827 0.00586371 0.137327 2683.48 61318.1 159.427 1369.24 65530.2
5.858 0.142189 2.16978e-06 0.008 293.816 0.00582561 0.136364 2684.88 61318.1 159.427 1369.24 65531.6
5.859 0.141188 2.15446e-06 0.008 293.804 0.00578746 0.135401 2686.27 61318.1 159.427 1369.24 65533
5.86 0.140187 2.13913e-06 0.008 293.793 0.00574927 0.134438 2687.66 61318.1 159.427 1369.24 65534.4
5.861 0.139185 2.12381e-06 0.008 293.781 0.00571104 0.133474 2689.06 61318.1 159.427 1369.24 65535.8
5.862 0.138184 2.10848e-06 0.008 293.77 0.00567276 0.132511 2690.45 61318.1 159.427 1369.24 65537.2
5.863 0.137183 2.09316e-06 0.008 293.759 0.00563444 0.131548 2691.83 61318.1 159.427 1369.24 65538.6
5.864 0.136181 2.07784e-06 0.008 293.748 0.00559608 0.130585 2693.22 61318.1 159.427 1369.24 65539.9
5.865 0.13518 2.06252e-06 0.008 293.737 0.00555767 0.129622 2694.61 61318.1 159.427 1369.24 65541.3
5.866 0.134179 2.0472e-06 0.008 293.726 0.00551922 0.12866 2695.99 61318.1 159.427 1369.24 65542.7
5.867 0.133177 2.03188e-06 0.008 293.715 0.00548072 0.127697 2697.37 61318.1 159.427 1369.24 65544.1
5.868 0.132176 2.01656e-06 0.008 293.705 0.00544218 0.126734 2698.75 61318.1 159.427 1369.24 65545.5
5.869 0.131175 2.00124e-06 0.008 293.694 0.0054036 0.125771 2700.13 61318.1 159.427 1369.24 65546.9
5.87 0.130173 1.98592e-06 0.008 293.683 0.00536497 0.124808 2701.51 61318.1 159.427 1369.24 65548.2
5.871 0.129172 1.9706e-06 0.008 293.673 0.0053263 0.123846 2702.88 61318.1 159.427 1369.24 65549.6
5.872 0.128171 1.95528e-06 0.008 293.663 0.00528759 0.122883 2704.26 61318.1 159.427 1369.24 65551
5.873 0.127169 1.93997e-06 0.008 293.652 0.00524883 0.121921 2705.63 61318.1 159.427 1369.24 65552.4
5.874 0.126168 1.92465e-06 0.008 293.642 0.00521003 0.120958 2707 61318.1 159.427 1369.24 65553.7
5.875 0.125167 1.90934e-06 0.008 293.632 0.00517119 0.119996 2708.37 61318.1 159.427 1369.24 65555.1
5.876 0.124165 1.89402e-06 0.008 293.622 0.0051323 0.119033 2709.74 61318.1 159.427 1369.24 65556.5
5.877 0.123164 1.87871e-06 0.008 293.612 0.00509337 0.118071 2711.1 61318.1 159.427 1369.24 65557.8
5.878 0.122163 1.8634e-06 0.008 293.602 0.0050544 0.117108 2712.47 61318.1 159.427 1369.24 65559.2
5.879 0.121161 1.84808e-06 0.008 293.592 0.00501538 0.116146 2713.83 61318.1 159.427 1369.24 65560.6
5.88 0.12016 1.83277e-06 0.008 293.582 0.00497632 0.115184 2715.19 61318.1 159.427 1369.24 65561.9
5.881 0.119159 1.81746e-06 0.008 293.573 0.00493722 0.114222 2716.55 61318.1 159.427 1369.24 65563.3
5.882 0.118157 1.80215e-06 0.008 293.563 0.00489808 0.113259 2717.91 61318.1 159.427 1369.24 65564.6
5.883 0.117156 1.78684e-06 0.008 293.553 0.00485889 0.112297 2719.26 61318.1 159.427 1369.24 65566
5.884 0.116155 1.77153e-06 0.008 293.544 0.00481966 0.111335 2720.61 61318.1 159.427 1369.24 65567.3
5.885 0.115153 1.75623e-06 0.008 293.535 0.00478039 0.110373 2721.97 61318.1 159.427 1369.24 65568.7
5.886 0.114152 1.74092e-06 0.008 293.525 0.00474107 0.109411 2723.32 61318.1 159.427 1369.24 65570
5.887 0.113151 1.72561e-06 0.008 293.516 0.00470172 0.108449 2724.67 61318.1 159.427 1369.24 65571.4
5.888 0.112149 1.71031e-06 0.008 293.507 0.00466232 0.107487 2726.01 61318.1 159.427 1369.24 65572.7
5.889 0.111148 1.695e-06 0.008 293.498 0.00462287 0.106525 2727.36 61318.1 159.427 1369.24 65574.1
5.89 0.110147 1.6797e-06 0.008 293.489 0.00458339 0.105563 2728.7 61318.1 159.427 1369.24 65575.4
5.891 0.109145 1.66439e-06 0.008 293.48 0.00454386 0.104602 2730.04 61318.1 159.427 1369.24 65576.8
5.892 0.108144 1.64909e-06 0.008 293.471 0.00450429 0.10364 2731.38 61318.1 159.427 1369.24 65578.1
5.893 0.107143 1.63379e-06 0.008 293.463 0.00446468 0.102678 2732.72 61318.1 159.427 1369.24 65579.4
5.894 0.106141 1.61848e-06 0.008 293.454 0.00442503 0.101716 2734.06 61318.1 159.427 1369.24 65580.8
5.895 0.10514 1.60318e-06 0.008 293.446 0.00438533 0.100755 2735.39 61318.1 159.427 1369.24 65582.1
5.896 0.104139 1.58788e-06 0.008 293.437 0.0043456 0.0997932 2736.73 61318.1 159.427 1369.24 65583.5
5.897 0.103137 1.57258e-06 0.008 293.429 0.00430582 0.0988316 2738.06 61318.1 159.427 1369.24 65584.8
5.898 0.102136 1.55728e-06 0.008 293.42 0.004266 0.0978701 2739.39 61318.1 159.427 1369.24 65586.1
5.899 0.101135 1.54198e-06 0.008 293.412 0.00422614 0.0969086 2740.71 61318.1 159.427 1369.24 65587.4
5.9 0.100133 1.52669e-06 0.008 293.404 0.00418623 0.0959472 2742.04 61318.1 159.427 1369.24 65588.8
5.901 0.0991321 1.51139e-06 0.008 293.396 0.00414629 0.0949858 2743.36 61318.1 159.427 1369.24 65590.1
5.902 0.0981308 1.49609e-06 0.008 293.388 0.0041063 0.0940245 2744.69 61318.1 159.427 1369.24 65591.4
5.903 0.0971294 1.4808e-06 0.008 293.38 0.00406627 0.0930631 2746.01 61318.1 159.427 1369.24 65592.7
5.904 0.0961281 1.4655e-06 0.008 293.372 0.0040262 0.0921019 2747.32 61318.1 159.427 1369.24 65594.1
5.905 0.0951268 1.45021e-06 0.008 293.365 0.00398609 0.0911407 2748.64 61318.1 159.427 1369.24 65595.4
5.906 0.0941254 1.43491e-06 0.008 293.357 0.00394594 0.0901795 2749.96 61318.1 159.427 1369.24 65596.7
5.907 0.0931241 1.41962e-06 0.008 293.349 0.00390575 0.0892183 2751.27 61318.1 159.427 1369.24 65598
5.908 0.0921227 1.40433e-06 0.008 293.342 0.00386552 0.0882572 2752.58 61318.1 159.427 1369.24 65599.3
5.909 0.0911214 1.38903e-06 0.008 293.335 0.00382524 0.0872962 2753.89 61318.1 159.427 1369.24 65600.6
5.91 0.0901201 1.37374e-06 0.008 293.327 0.00378493 0.0863352 2755.2 61318.1 159.427 1369.24 65601.9
5.911 0.0891187 1.35845e-06 0.008 293.32 0.00374457 0.0853742 2756.5 61318.1 159.427 1369.24 65603.2
5.912 0.0881174 1.34316e-06 0.008 293.313 0.00370417 0.0844132 2757.8 61318.1 159.427 1369.24 65604.5
5.913 0.0871161 1.32787e-06 0.008 293.306 0.00366374 0.0834523 2759.11 61318.1 159.427 1369.24 65605.8
5.914 0.0861147 1.31258e-06 0.008 293.299 0.00362326 0.0824915 2760.41 61318.1 159.427 1369.24 65607.1
5.915 0.0851134 1.29729e-06 0.008 293.292 0.00358274 0.0815307 2761.7 61318.1 159.427 1369.24 65608.4
5.916 0.0841121 1.28201e-06 0.008 293.285 0.00354218 0.0805699 2763 61318.1 159.427 1369.24 65609.7
5.917 0.0831107 1.26672e-06 0.008 293.278 0.00350158 0.0796092 2764.29 61318.1 159.427 1369.24 65611
5.918 0.0821094 1.25143e-06 0.008 293.272 0.00346094 0.0786485 2765.59 61318.1 159.427 1369.24 65612.3
5.919 0.0811081 1.23615e-06 0.008 293.265 0.00342027 0.0776878 2766.88 61318.1 159.427 1369.24 65613.6
5.92 0.0801067 1.22086e-06 0.008 293.259 0.00337955 0.0767272 2768.16 61318.1 159.427 1369.24 65614.9
5.921 0.0791054 1.20558e-06 0.008 293.252 0.00333879 0.0757666 2769.45 61318.1 159.427 1369.24 65616.2
5.922 0.0781041 1.19029e-06 0.008 293.246 0.00329799 0.0748061 2770.73 61318.1 159.427 1369.24 65617.5
5.923 0.0771027 1.17501e-06 0.008 293.24 0.00325715 0.0738456 2772.02 61318.1 159.427 1369.24 65618.7
5.924 0.0761014 1.15973e-06 0.008 293.233 0.00321627 0.0728851 2773.3 61318.1 159.427 1369.24 65620
5.925 0.0751001 1.14445e-06 0.008 293.227 0.00317535 0.0719247 2774.57 61318.1 159.427 1369.24 65621.3
5.926 0.0740987 1.12917e-06 0.008 293.221 0.00313439 0.0709643 2775.85 61318.1 159.427 1369.24 65622.6
5.927 0.0730974 1.11388e-06 0.008 293.215 0.0030934 0.070004 2777.12 61318.1 159.427 1369.24 65623.9
5.928 0.0720961 1.0986e-06 0.008 293.209 0.00305236 0.0690437 2778.4 61318.1 159.427 1369.24 65625.1
5.929 0.0710947 1.08333e-06 0.008 293.204 0.00301128 0.0680834 2779.67 61318.1 159.427 1369.24 65626.4
5.93 0.0700934 1.06805e-06 0.008 293.198 0.00297017 0.0671232 2780.94 61318.1 159.427 1369.24 65627.7
5.931 0.0690921 1.05277e-06 0.008 293.192 0.00292901 0.066163 2782.2 61318.1 159.427 1369.24 65628.9
5.932 0.0680907 1.03749e-06 0.008 293.187 0.00288782 0.0652029 2783.47 61318.1 159.427 1369.24 65630.2
5.933 0.0670894 1.02221e-06 0.008 293.181 0.00284659 0.0642428 2784.73 61318.1 159.427 1369.24 65631.5
5.934 0.0660881 1.00694e-06 0.008 293.176 0.00280532 0.0632827 2785.99 61318.1 159.427 1369.24 65632.7
5.935 0.0650867 9.91662e-07 0.008 293.171 0.00276401 0.0623227 2787.25 61318.1 159.427 1369.24 65634
5.936 0.0640854 9.76387e-07 0.008 293.165 0.00272266 0.0613627 2788.5 61318.1 159.427 1369.24 65635.2
5.937 0.0630841 9.61113e-07 0.008 293.16 0.00268127 0.0604028 2789.76 61318.1 159.427 1369.24 65636.5
5.938 0.0620827 9.45839e-07 0.008 293.155 0.00263984 0.0594429 2791.01 61318.1 159.427 1369.24 65637.7
5.939 0.0610814 9.30566e-07 0.008 293.15 0.00259838 0.058483 2792.26 61318.1 159.427 1369.24 65639
5.94 0.0600801 9.15293e-07 0.008 293.145 0.00255688 0.0575232 2793.51 61318.1 159.427 1369.24 65640.2
5.941 0.0590787 9.00021e-07 0.008 293.141 0.00251534 0.0565634 2794.75 61318.1 159.427 1369.24 65641.5
5.942 0.0580774 8.8475e-07 0.008 293.136 0.00247376 0.0556036 2795.99 61318.1 159.427 1369.24 65642.7
5.943 0.0570761 8.69479e-07 0.008 293.131 0.00243214 0.0546439 2797.24 61318.1 159.427 1369.24 65644
5.944 0.0560747 8.54209e-07 0.008 293.127 0.00239048 0.0536842 2798.48 61318.1 159.427 1369.24 65645.2
5.945 0.0550734 8.38939e-07 0.008 293.122 0.00234879 0.0527246 2799.71 61318.1 159.427 1369.24 65646.4
5.946 0.054072 8.2367e-07 0.008 293.118 0.00230706 0.051765 2800.95 61318.1 159.427 1369.24 65647.7
5.947 0.0530707 8.08402e-07 0.008 293.113 0.00226529 0.0508054 2802.18 61318.1 159.427 1369.24 65648.9
5.948 0.0520694 7.93134e-07 0.008 293.109 0.00222348 0.0498459 2803.41 61318.1 159.427 1369.24 65650.1
5.949 0.051068 7.77867e-07 0.008 293.105 0.00218164 0.0488864 2804.64 61318.1 159.427 1369.24 65651.4
5.95 0.0500667 7.62601e-07 0.008 293.101 0.00213975 0.047927 2805.87 61318.1 159.427 1369.24 65652.6
5.951 0.0490654 7.47335e-07 0.008 293.097 0.00209784 0.0469675 2807.09 61318.1 159.427 1369.24 65653.8
5.952 0.048064 7.32069e-07 0.008 293.093 0.00205588 0.0460082 2808.31 61318.1 159.427 1369.24 65655
5.953 0.0470627 7.16805e-07 0.008 293.089 0.00201389 0.0450488 2809.53 61318.1 159.427 1369.24 65656.3
5.954 0.0460614 7.0154e-07 0.008 293.085 0.00197185 0.0440895 2810.75 61318.1 159.427 1369.24 65657.5
5.955 0.04506 6.86277e-07 0.008 293.082 0.00192979 0.0431303 2811.96 61318.1 159.427 1369.24 65658.7
5.956 0.0440587 6.71014e-07 0.008 293.078 0.00188768 0.042171 2813.18 61318.1 159.427 1369.24 65659.9
5.957 0.0430574 6.55751e-07 0.008 293.075 0.00184554 0.0412118 2814.39 61318.1 159.427 1369.24 65661.1
5.958 0.042056 6.4049e-07 0.008 293.071 0.00180336 0.0402527 2815.6 61318.1 159.427 1369.24 65662.3
5.959 0.0410547 6.25228e-07 0.008 293.068 0.00176115 0.0392936 2816.8 61318.1 159.427 1369.24 65663.5
5.96 0.0400534 6.09968e-07 0.008 293.065 0.00171889 0.0383345 2818.01 61318.1 159.427 1369.24 65664.7
5.961 0.039052 5.94708e-07 0.008 293.061 0.00167661 0.0373754 2819.21 61318.1 159.427 1369.24 65665.9
5.962 0.0380507 5.79448e-07 0.008 293.058 0.00163428 0.0364164 2820.41 61318.1 159.427 1369.24 65667.1
5.963 0.0370494 5.64189e-07 0.008 293.055 0.00159192 0.0354574 2821.61 61318.1 159.427 1369.24 65668.3
5.964 0.036048 5.48931e-07 0.008 293.052 0.00154952 0.0344985 2822.8 61318.1 159.427 1369.24 65669.5
5.965 0.0350467 5.33673e-07 0.008 293.049 0.00150709 0.0335396 2824 61318.1 159.427 1369.24 65670.7
5.966 0.0340454 5.18416e-07 0.008 293.047 0.00146462 0.0325807 2825.19 61318.1 159.427 1369.24 65671.9
5.967 0.033044 5.03159e-07 0.008 293.044 0.00142212 0.0316219 2826.38 61318.1 159.427 1369.24 65673.1
5.968 0.0320427 4.87903e-07 0.008 293.041 0.00137958 0.0306631 2827.56 61318.1 159.427 1369.24 65674.3
5.969 0.0310414 4.72648e-07 0.008 293.039 0.001337 0.0297044 2828.75 61318.1 159.427 1369.24 65675.5
5.97 0.03004 4.57393e-07 0.008 293.036 0.00129439 0.0287456 2829.93 61318.1 159.427 1369.24 65676.7
5.971 0.0290387 4.42138e-07 0.008 293.034 0.00125174 0.027787 2831.11 61318.1 159.427 1369.24 65677.8
5.972 0.0280374 4.26885e-07 0.008 293.032 0.00120906 0.0268283 2832.28 61318.1 159.427 1369.24 65679
5.973 0.027036 4.11631e-07 0.008 293.029 0.00116634 0.0258697 2833.46 61318.1 159.427 1369.24 65680.2
5.974 0.0260347 3.96379e-07 0.008 293.027 0.00112359 0.0249111 2834.63 61318.1 159.427 1369.24 65681.4
5.975 0.0250334 3.81127e-07 0.008 293.025 0.0010808 0.0239526 2835.8 61318.1 159.427 1369.24 65682.5
5.976 0.024032 3.65875e-07 0.008 293.023 0.00103798 0.022994 2836.97 61318.1 159.427 1369.24 65683.7
5.977 0.0230307 3.50624e-07 0.008 293.021 0.000995117 0.0220356 2838.13 61318.1 159.427 1369.24 65684.9
5.978 0.0220294 3.35374e-07 0.008 293.02 0.000952225 0.0210771 2839.3 61318.1 159.427 1369.24 65686
5.979 0.021028 3.20124e-07 0.008 293.018 0.000909297 0.0201187 2840.46 61318.1 159.427 1369.24 65687.2
5.98 0.0200267 3.04874e-07 0.008 293.016 0.000866335 0.0191603 2841.61 61318.1 159.427 1369.24 65688.3
5.981 0.0190254 2.89625e-07 0.008 293.015 0.000823339 0.018202 2842.77 61318.1 159.427 1369.24 65689.5
5.982 0.018024 2.74377e-07 0.008 293.013 0.000780308 0.0172437 2843.92 61318.1 159.427 1369.24 65690.7
5.983 0.0170227 2.59129e-07 0.008 293.012 0.000737243 0.0162854 2845.07 61318.1 159.427 1369.24 65691.8
5.984 0.0160213 2.43882e-07 0.008 293.01 0.000694143 0.0153272 2846.22 61318.1 159.427 1369.24 65693
5.985 0.01502 2.28636e-07 0.008 293.009 0.00065101 0.014369 2847.37 61318.1 159.427 1369.24 65694.1
5.986 0.0140187 2.1339e-07 0.008 293.008 0.000607843 0.0134108 2848.51 61318.1 159.427 1369.24 65695.2
5.987 0.0130173 1.98144e-07 0.008 293.007 0.000564642 0.0124527 2849.65 61318.1 159.427 1369.24 65696.4
5.988 0.012016 1.82899e-07 0.008 293.006 0.000521407 0.0114946 2850.79 61318.1 159.427 1369.24 65697.5
5.989 0.0110147 1.67655e-07 0.008 293.005 0.000478139 0.0105365 2851.93 61318.1 159.427 1369.24 65698.7
5.99 0.0100133 1.52411e-07 0.008 293.004 0.000434837 0.00957851 2853.06 61318.1 159.427 1369.24 65699.8
5.991 0.00901201 1.37167e-07 0.008 293.003 0.000391502 0.00862051 2854.2 61318.1 159.427 1369.24 65700.9
5.992 0.00801067 1.21924e-07 0.008 293.003 0.000348133 0.00766254 2855.32 61318.1 159.427 1369.24 65702.1
5.993 0.00700934 1.06682e-07 0.008 293.002 0.000304732 0.00670461 2856.45 61318.1 159.427 1369.24 65703.2
5.994 0.00600801 9.14401e-08 0.008 293.001 0.000261297 0.00574671 2857.58 61318.1 159.427 1369.24 65704.3
5.995 0.00500667 7.61987e-08 0.008 293.001 0.000217829 0.00478884 2858.7 61318.1 159.427 1369.24 65705.4
5.996 0.00400534 6.0958e-08 0.008 293.001 0.000174329 0.00383101 2859.82 61318.1 159.427 1369.24 65706.5
5.997 0.003004 4.57177e-08 0.008 293 0.000130796 0.00287321 2860.94 61318.1 159.427 1369.24 65707.7
5.998 0.00200267 3.04779e-08 0.008 293 8.72297e-05 0.00191544 2862.06 61318.1 159.427 1369.24 65708.8
5.999 0.00100133 1.52387e-08 0.008 293 4.36314e-05 0.000957703 2863.19 61318.1 159.427 1369.24 65709.9
